id,name,protein,carb,vegetable,sauce,calories,protein_g,carbs_g,fat_g,fiber_g,sugar_g,sodium_mg,prep_time_min,difficulty,ingredient_quantities,appliances,tags,instructions
1,chicken_rice_1,chicken,rice,onion,pesto,578,62,42,18,4,2,563,41,balanced,chicken:200g; rice:150g; onion:100g; pesto:75g; oil:10g,"stovetop, oven","batch-cooking, meal-prep, balanced, stovetop, oven",1. Batch cook chicken (store for 2–3 meals). 2. Prepare rice in bulk. 3. Cook onion. 4. Combine chicken with pesto. 5. Serve with rice.
2,chicken_rice_2,chicken,rice,carrots,soy sauce,578,62,42,18,4,2,466,51,weekend,chicken:200g; rice:150g; carrots:100g; soy sauce:75g; oil:10g,"air fryer, oven","batch-cooking, meal-prep, weekend, air fryer, oven",1. Batch cook chicken (store for 2–3 meals). 2. Marinate the chicken for better flavor. 3. Prepare rice in bulk. 4. Cook carrots. 5. Combine chicken with soy sauce. 6. Serve with rice. 7. Plate carefully and add garnish.
3,chicken_pasta_3,chicken,pasta,onion,teriyaki,560,62,38,18,4,2,538,10,quick,chicken:200g; pasta:150g; onion:100g; teriyaki:75g; oil:10g,oven,"batch-cooking, meal-prep, quick, oven",1. Batch cook chicken (store for 2–3 meals). 2. Prepare pasta in bulk. 3. Cook onion. 4. Combine chicken with teriyaki. 5. Serve with pasta.
4,chicken_pasta_4,chicken,pasta,peppers,pesto,560,62,38,18,4,2,759,22,quick,chicken:200g; pasta:150g; peppers:100g; pesto:75g; oil:10g,stovetop,"batch-cooking, meal-prep, quick, stovetop",1. Batch cook chicken (store for 2–3 meals). 2. Prepare pasta in bulk. 3. Cook peppers. 4. Combine chicken with pesto. 5. Serve with pasta.
5,chicken_potatoes_5,chicken,potatoes,carrots,pesto,512,62,26,18,3,1,412,41,balanced,chicken:200g; potatoes:150g; carrots:100g; pesto:75g; oil:10g,"microwave, oven, slow cooker","batch-cooking, meal-prep, balanced, microwave, oven, slow cooker",1. Batch cook chicken (store for 2–3 meals). 2. Prepare potatoes in bulk. 3. Cook carrots. 4. Combine chicken with pesto. 5. Serve with potatoes.
6,chicken_potatoes_6,chicken,potatoes,spinach,cream sauce,512,62,26,18,3,1,700,52,weekend,chicken:200g; potatoes:150g; spinach:100g; cream sauce:75g; oil:10g,"microwave, oven","batch-cooking, meal-prep, weekend, microwave, oven",1. Batch cook chicken (store for 2–3 meals). 2. Marinate the chicken for better flavor. 3. Prepare potatoes in bulk. 4. Cook spinach. 5. Combine chicken with cream sauce. 6. Serve with potatoes. 7. Plate carefully and add garnish.
7,chicken_quinoa_7,chicken,quinoa,peppers,garlic sauce,560,68,32,18,3,2,591,18,quick,chicken:200g; quinoa:150g; peppers:100g; garlic sauce:75g; oil:10g,"air fryer, slow cooker","batch-cooking, meal-prep, quick, air fryer, slow cooker",1. Batch cook chicken (store for 2–3 meals). 2. Prepare quinoa in bulk. 3. Cook peppers. 4. Combine chicken with garlic sauce. 5. Serve with quinoa.
8,chicken_quinoa_8,chicken,quinoa,spinach,pesto,560,68,32,18,3,2,329,74,weekend,chicken:200g; quinoa:150g; spinach:100g; pesto:75g; oil:10g,"oven, slow cooker","batch-cooking, meal-prep, weekend, oven, slow cooker",1. Batch cook chicken (store for 2–3 meals). 2. Marinate the chicken for better flavor. 3. Prepare quinoa in bulk. 4. Cook spinach. 5. Combine chicken with pesto. 6. Serve with quinoa. 7. Plate carefully and add garnish.
9,chicken_noodles_9,chicken,noodles,broccoli,teriyaki,572,62,40,18,4,2,346,68,weekend,chicken:200g; noodles:150g; broccoli:100g; teriyaki:75g; oil:10g,stovetop,"batch-cooking, meal-prep, weekend, stovetop",1. Batch cook chicken (store for 2–3 meals). 2. Marinate the chicken for better flavor. 3. Prepare noodles in bulk. 4. Cook broccoli. 5. Combine chicken with teriyaki. 6. Serve with noodles. 7. Plate carefully and add garnish.
10,chicken_noodles_10,chicken,noodles,onion,soy sauce,572,62,40,18,4,2,739,21,quick,chicken:200g; noodles:150g; onion:100g; soy sauce:75g; oil:10g,oven,"batch-cooking, meal-prep, quick, oven",1. Batch cook chicken (store for 2–3 meals). 2. Prepare noodles in bulk. 3. Cook onion. 4. Combine chicken with soy sauce. 5. Serve with noodles.
11,chicken_tortilla_11,chicken,tortilla,green beans,teriyaki,710,62,75,18,8,4,447,11,quick,chicken:200g; tortilla:150g; green beans:100g; teriyaki:75g; oil:10g,"air fryer, stovetop, slow cooker","batch-cooking, meal-prep, quick, air fryer, stovetop, slow cooker",1. Batch cook chicken (store for 2–3 meals). 2. Prepare tortilla in bulk. 3. Cook green beans. 4. Combine chicken with teriyaki. 5. Serve with tortilla.
12,chicken_tortilla_12,chicken,tortilla,broccoli,garlic sauce,710,62,75,18,8,4,401,16,quick,chicken:200g; tortilla:150g; broccoli:100g; garlic sauce:75g; oil:10g,"microwave, stovetop, oven","batch-cooking, meal-prep, quick, microwave, stovetop, oven",1. Batch cook chicken (store for 2–3 meals). 2. Prepare tortilla in bulk. 3. Cook broccoli. 4. Combine chicken with garlic sauce. 5. Serve with tortilla.
13,beef_rice_13,beef,rice,onion,garlic sauce,736,52,42,40,4,2,368,19,quick,beef:200g; rice:150g; onion:100g; garlic sauce:75g; oil:10g,oven,"batch-cooking, meal-prep, quick, oven",1. Batch cook beef (store for 2–3 meals). 2. Prepare rice in bulk. 3. Cook onion. 4. Combine beef with garlic sauce. 5. Serve with rice.
14,beef_rice_14,beef,rice,spinach,cream sauce,736,52,42,40,4,2,393,23,quick,beef:200g; rice:150g; spinach:100g; cream sauce:75g; oil:10g,"stovetop, oven, slow cooker","batch-cooking, meal-prep, quick, stovetop, oven, slow cooker",1. Batch cook beef (store for 2–3 meals). 2. Prepare rice in bulk. 3. Cook spinach. 4. Combine beef with cream sauce. 5. Serve with rice.
15,beef_pasta_15,beef,pasta,broccoli,soy sauce,718,52,38,40,4,2,498,86,weekend,beef:200g; pasta:150g; broccoli:100g; soy sauce:75g; oil:10g,"air fryer, slow cooker","batch-cooking, meal-prep, weekend, air fryer, slow cooker",1. Batch cook beef (store for 2–3 meals). 2. Marinate the beef for better flavor. 3. Prepare pasta in bulk. 4. Cook broccoli. 5. Combine beef with soy sauce. 6. Serve with pasta. 7. Plate carefully and add garnish.
16,beef_pasta_16,beef,pasta,green beans,soy sauce,718,52,38,40,4,2,446,33,balanced,beef:200g; pasta:150g; green beans:100g; soy sauce:75g; oil:10g,"microwave, stovetop, oven","batch-cooking, meal-prep, balanced, microwave, stovetop, oven",1. Batch cook beef (store for 2–3 meals). 2. Prepare pasta in bulk. 3. Cook green beans. 4. Combine beef with soy sauce. 5. Serve with pasta.
17,beef_potatoes_17,beef,potatoes,peppers,garlic sauce,670,52,26,40,3,1,594,58,weekend,beef:200g; potatoes:150g; peppers:100g; garlic sauce:75g; oil:10g,oven,"batch-cooking, meal-prep, weekend, oven",1. Batch cook beef (store for 2–3 meals). 2. Marinate the beef for better flavor. 3. Prepare potatoes in bulk. 4. Cook peppers. 5. Combine beef with garlic sauce. 6. Serve with potatoes. 7. Plate carefully and add garnish.
18,beef_potatoes_18,beef,potatoes,carrots,soy sauce,670,52,26,40,3,1,569,87,weekend,beef:200g; potatoes:150g; carrots:100g; soy sauce:75g; oil:10g,"microwave, slow cooker","batch-cooking, meal-prep, weekend, microwave, slow cooker",1. Batch cook beef (store for 2–3 meals). 2. Marinate the beef for better flavor. 3. Prepare potatoes in bulk. 4. Cook carrots. 5. Combine beef with soy sauce. 6. Serve with potatoes. 7. Plate carefully and add garnish.
19,beef_quinoa_19,beef,quinoa,spinach,pesto,718,58,32,40,3,2,741,17,quick,beef:200g; quinoa:150g; spinach:100g; pesto:75g; oil:10g,"air fryer, microwave, stovetop","batch-cooking, meal-prep, quick, air fryer, microwave, stovetop",1. Batch cook beef (store for 2–3 meals). 2. Prepare quinoa in bulk. 3. Cook spinach. 4. Combine beef with pesto. 5. Serve with quinoa.
20,beef_quinoa_20,beef,quinoa,green beans,soy sauce,718,58,32,40,3,2,598,12,quick,beef:200g; quinoa:150g; green beans:100g; soy sauce:75g; oil:10g,"oven, slow cooker","batch-cooking, meal-prep, quick, oven, slow cooker",1. Batch cook beef (store for 2–3 meals). 2. Prepare quinoa in bulk. 3. Cook green beans. 4. Combine beef with soy sauce. 5. Serve with quinoa.
21,beef_noodles_21,beef,noodles,zucchini,tomato sauce,730,52,40,40,4,2,781,36,balanced,beef:200g; noodles:150g; zucchini:100g; tomato sauce:75g; oil:10g,"microwave, stovetop, slow cooker","batch-cooking, meal-prep, balanced, microwave, stovetop, slow cooker",1. Batch cook beef (store for 2–3 meals). 2. Prepare noodles in bulk. 3. Cook zucchini. 4. Combine beef with tomato sauce. 5. Serve with noodles.
22,beef_noodles_22,beef,noodles,green beans,teriyaki,730,52,40,40,4,2,479,22,quick,beef:200g; noodles:150g; green beans:100g; teriyaki:75g; oil:10g,"air fryer, microwave, oven","batch-cooking, meal-prep, quick, air fryer, microwave, oven",1. Batch cook beef (store for 2–3 meals). 2. Prepare noodles in bulk. 3. Cook green beans. 4. Combine beef with teriyaki. 5. Serve with noodles.
23,beef_tortilla_23,beef,tortilla,peppers,tomato sauce,868,52,75,40,8,4,327,45,weekend,beef:200g; tortilla:150g; peppers:100g; tomato sauce:75g; oil:10g,"stovetop, oven, slow cooker","batch-cooking, meal-prep, weekend, stovetop, oven, slow cooker",1. Batch cook beef (store for 2–3 meals). 2. Marinate the beef for better flavor. 3. Prepare tortilla in bulk. 4. Cook peppers. 5. Combine beef with tomato sauce. 6. Serve with tortilla. 7. Plate carefully and add garnish.
24,beef_tortilla_24,beef,tortilla,broccoli,garlic sauce,868,52,75,40,8,4,784,13,quick,beef:200g; tortilla:150g; broccoli:100g; garlic sauce:75g; oil:10g,"air fryer, microwave, slow cooker","batch-cooking, meal-prep, quick, air fryer, microwave, slow cooker",1. Batch cook beef (store for 2–3 meals). 2. Prepare tortilla in bulk. 3. Cook broccoli. 4. Combine beef with garlic sauce. 5. Serve with tortilla.
25,pork_rice_25,pork,rice,carrots,soy sauce,726,54,42,38,4,2,394,13,quick,pork:200g; rice:150g; carrots:100g; soy sauce:75g; oil:10g,"air fryer, stovetop, slow cooker","batch-cooking, meal-prep, quick, air fryer, stovetop, slow cooker",1. Batch cook pork (store for 2–3 meals). 2. Prepare rice in bulk. 3. Cook carrots. 4. Combine pork with soy sauce. 5. Serve with rice.
26,pork_rice_26,pork,rice,peppers,tomato sauce,726,54,42,38,4,2,657,31,balanced,pork:200g; rice:150g; peppers:100g; tomato sauce:75g; oil:10g,"air fryer, stovetop","batch-cooking, meal-prep, balanced, air fryer, stovetop",1. Batch cook pork (store for 2–3 meals). 2. Prepare rice in bulk. 3. Cook peppers. 4. Combine pork with tomato sauce. 5. Serve with rice.
27,pork_pasta_27,pork,pasta,spinach,garlic sauce,708,54,38,38,4,2,626,15,quick,pork:200g; pasta:150g; spinach:100g; garlic sauce:75g; oil:10g,microwave,"batch-cooking, meal-prep, quick, microwave",1. Batch cook pork (store for 2–3 meals). 2. Prepare pasta in bulk. 3. Cook spinach. 4. Combine pork with garlic sauce. 5. Serve with pasta.
28,pork_pasta_28,pork,pasta,carrots,soy sauce,708,54,38,38,4,2,513,47,weekend,pork:200g; pasta:150g; carrots:100g; soy sauce:75g; oil:10g,"air fryer, microwave, oven","batch-cooking, meal-prep, weekend, air fryer, microwave, oven",1. Batch cook pork (store for 2–3 meals). 2. Marinate the pork for better flavor. 3. Prepare pasta in bulk. 4. Cook carrots. 5. Combine pork with soy sauce. 6. Serve with pasta. 7. Plate carefully and add garnish.
29,pork_potatoes_29,pork,potatoes,spinach,cream sauce,660,54,26,38,3,1,428,17,quick,pork:200g; potatoes:150g; spinach:100g; cream sauce:75g; oil:10g,"microwave, oven, slow cooker","batch-cooking, meal-prep, quick, microwave, oven, slow cooker",1. Batch cook pork (store for 2–3 meals). 2. Prepare potatoes in bulk. 3. Cook spinach. 4. Combine pork with cream sauce. 5. Serve with potatoes.
30,pork_potatoes_30,pork,potatoes,green beans,garlic sauce,660,54,26,38,3,1,787,37,balanced,pork:200g; potatoes:150g; green beans:100g; garlic sauce:75g; oil:10g,"air fryer, stovetop","batch-cooking, meal-prep, balanced, air fryer, stovetop",1. Batch cook pork (store for 2–3 meals). 2. Prepare potatoes in bulk. 3. Cook green beans. 4. Combine pork with garlic sauce. 5. Serve with potatoes.
31,pork_quinoa_31,pork,quinoa,onion,soy sauce,708,60,32,38,3,2,758,76,weekend,pork:200g; quinoa:150g; onion:100g; soy sauce:75g; oil:10g,"microwave, oven","batch-cooking, meal-prep, weekend, microwave, oven",1. Batch cook pork (store for 2–3 meals). 2. Marinate the pork for better flavor. 3. Prepare quinoa in bulk. 4. Cook onion. 5. Combine pork with soy sauce. 6. Serve with quinoa. 7. Plate carefully and add garnish.
32,pork_quinoa_32,pork,quinoa,zucchini,soy sauce,708,60,32,38,3,2,627,25,quick,pork:200g; quinoa:150g; zucchini:100g; soy sauce:75g; oil:10g,stovetop,"batch-cooking, meal-prep, quick, stovetop",1. Batch cook pork (store for 2–3 meals). 2. Prepare quinoa in bulk. 3. Cook zucchini. 4. Combine pork with soy sauce. 5. Serve with quinoa.
33,pork_noodles_33,pork,noodles,zucchini,cream sauce,720,54,40,38,4,2,743,16,quick,pork:200g; noodles:150g; zucchini:100g; cream sauce:75g; oil:10g,"air fryer, microwave","batch-cooking, meal-prep, quick, air fryer, microwave",1. Batch cook pork (store for 2–3 meals). 2. Prepare noodles in bulk. 3. Cook zucchini. 4. Combine pork with cream sauce. 5. Serve with noodles.
34,pork_noodles_34,pork,noodles,spinach,tomato sauce,720,54,40,38,4,2,783,10,quick,pork:200g; noodles:150g; spinach:100g; tomato sauce:75g; oil:10g,"stovetop, oven, slow cooker","batch-cooking, meal-prep, quick, stovetop, oven, slow cooker",1. Batch cook pork (store for 2–3 meals). 2. Prepare noodles in bulk. 3. Cook spinach. 4. Combine pork with tomato sauce. 5. Serve with noodles.
35,pork_tortilla_35,pork,tortilla,green beans,teriyaki,858,54,75,38,8,4,498,20,quick,pork:200g; tortilla:150g; green beans:100g; teriyaki:75g; oil:10g,stovetop,"batch-cooking, meal-prep, quick, stovetop",1. Batch cook pork (store for 2–3 meals). 2. Prepare tortilla in bulk. 3. Cook green beans. 4. Combine pork with teriyaki. 5. Serve with tortilla.
36,pork_tortilla_36,pork,tortilla,carrots,tomato sauce,858,54,75,38,8,4,364,21,quick,pork:200g; tortilla:150g; carrots:100g; tomato sauce:75g; oil:10g,air fryer,"batch-cooking, meal-prep, quick, air fryer",1. Batch cook pork (store for 2–3 meals). 2. Prepare tortilla in bulk. 3. Cook carrots. 4. Combine pork with tomato sauce. 5. Serve with tortilla.
37,tofu_rice_37,tofu,rice,peppers,pesto,412,16,42,20,4,2,553,29,balanced,tofu:200g; rice:150g; peppers:100g; pesto:75g; oil:10g,stovetop,"batch-cooking, meal-prep, balanced, stovetop",1. Batch cook tofu (store for 2–3 meals). 2. Prepare rice in bulk. 3. Cook peppers. 4. Combine tofu with pesto. 5. Serve with rice.
38,tofu_rice_38,tofu,rice,onion,tomato sauce,412,16,42,20,4,2,376,19,quick,tofu:200g; rice:150g; onion:100g; tomato sauce:75g; oil:10g,air fryer,"batch-cooking, meal-prep, quick, air fryer",1. Batch cook tofu (store for 2–3 meals). 2. Prepare rice in bulk. 3. Cook onion. 4. Combine tofu with tomato sauce. 5. Serve with rice.
39,tofu_pasta_39,tofu,pasta,spinach,pesto,394,16,38,20,4,2,689,45,balanced,tofu:200g; pasta:150g; spinach:100g; pesto:75g; oil:10g,"oven, slow cooker","batch-cooking, meal-prep, balanced, oven, slow cooker",1. Batch cook tofu (store for 2–3 meals). 2. Prepare pasta in bulk. 3. Cook spinach. 4. Combine tofu with pesto. 5. Serve with pasta.
40,tofu_pasta_40,tofu,pasta,carrots,tomato sauce,394,16,38,20,4,2,425,11,quick,tofu:200g; pasta:150g; carrots:100g; tomato sauce:75g; oil:10g,"microwave, oven","batch-cooking, meal-prep, quick, microwave, oven",1. Batch cook tofu (store for 2–3 meals). 2. Prepare pasta in bulk. 3. Cook carrots. 4. Combine tofu with tomato sauce. 5. Serve with pasta.
41,tofu_potatoes_41,tofu,potatoes,carrots,tomato sauce,346,16,26,20,3,1,347,25,balanced,tofu:200g; potatoes:150g; carrots:100g; tomato sauce:75g; oil:10g,"air fryer, microwave, stovetop","batch-cooking, meal-prep, balanced, air fryer, microwave, stovetop",1. Batch cook tofu (store for 2–3 meals). 2. Prepare potatoes in bulk. 3. Cook carrots. 4. Combine tofu with tomato sauce. 5. Serve with potatoes.
42,tofu_potatoes_42,tofu,potatoes,green beans,garlic sauce,346,16,26,20,3,1,530,23,quick,tofu:200g; potatoes:150g; green beans:100g; garlic sauce:75g; oil:10g,oven,"batch-cooking, meal-prep, quick, oven",1. Batch cook tofu (store for 2–3 meals). 2. Prepare potatoes in bulk. 3. Cook green beans. 4. Combine tofu with garlic sauce. 5. Serve with potatoes.
43,tofu_quinoa_43,tofu,quinoa,green beans,cream sauce,394,22,32,20,3,2,359,23,quick,tofu:200g; quinoa:150g; green beans:100g; cream sauce:75g; oil:10g,"air fryer, microwave","batch-cooking, meal-prep, quick, air fryer, microwave",1. Batch cook tofu (store for 2–3 meals). 2. Prepare quinoa in bulk. 3. Cook green beans. 4. Combine tofu with cream sauce. 5. Serve with quinoa.
44,tofu_quinoa_44,tofu,quinoa,green beans,cream sauce,394,22,32,20,3,2,595,50,weekend,tofu:200g; quinoa:150g; green beans:100g; cream sauce:75g; oil:10g,"stovetop, oven","batch-cooking, meal-prep, weekend, stovetop, oven",1. Batch cook tofu (store for 2–3 meals). 2. Marinate the tofu for better flavor. 3. Prepare quinoa in bulk. 4. Cook green beans. 5. Combine tofu with cream sauce. 6. Serve with quinoa. 7. Plate carefully and add garnish.
45,tofu_noodles_45,tofu,noodles,broccoli,soy sauce,406,16,40,20,4,2,671,33,balanced,tofu:200g; noodles:150g; broccoli:100g; soy sauce:75g; oil:10g,"stovetop, oven","batch-cooking, meal-prep, balanced, stovetop, oven",1. Batch cook tofu (store for 2–3 meals). 2. Prepare noodles in bulk. 3. Cook broccoli. 4. Combine tofu with soy sauce. 5. Serve with noodles.
46,tofu_noodles_46,tofu,noodles,peppers,cream sauce,406,16,40,20,4,2,577,27,balanced,tofu:200g; noodles:150g; peppers:100g; cream sauce:75g; oil:10g,"microwave, stovetop, oven","batch-cooking, meal-prep, balanced, microwave, stovetop, oven",1. Batch cook tofu (store for 2–3 meals). 2. Prepare noodles in bulk. 3. Cook peppers. 4. Combine tofu with cream sauce. 5. Serve with noodles.
47,tofu_tortilla_47,tofu,tortilla,green beans,tomato sauce,544,16,75,20,8,4,559,32,balanced,tofu:200g; tortilla:150g; green beans:100g; tomato sauce:75g; oil:10g,"air fryer, stovetop, slow cooker","batch-cooking, meal-prep, balanced, air fryer, stovetop, slow cooker",1. Batch cook tofu (store for 2–3 meals). 2. Prepare tortilla in bulk. 3. Cook green beans. 4. Combine tofu with tomato sauce. 5. Serve with tortilla.
48,tofu_tortilla_48,tofu,tortilla,onion,soy sauce,544,16,75,20,8,4,350,18,quick,tofu:200g; tortilla:150g; onion:100g; soy sauce:75g; oil:10g,slow cooker,"batch-cooking, meal-prep, quick, slow cooker",1. Batch cook tofu (store for 2–3 meals). 2. Prepare tortilla in bulk. 3. Cook onion. 4. Combine tofu with soy sauce. 5. Serve with tortilla.
49,salmon_rice_49,salmon,rice,spinach,garlic sauce,692,50,42,36,4,2,687,35,balanced,salmon:200g; rice:150g; spinach:100g; garlic sauce:75g; oil:10g,"air fryer, microwave, stovetop","batch-cooking, meal-prep, balanced, air fryer, microwave, stovetop",1. Batch cook salmon (store for 2–3 meals). 2. Prepare rice in bulk. 3. Cook spinach. 4. Combine salmon with garlic sauce. 5. Serve with rice.
50,salmon_rice_50,salmon,rice,carrots,garlic sauce,692,50,42,36,4,2,560,15,quick,salmon:200g; rice:150g; carrots:100g; garlic sauce:75g; oil:10g,"microwave, oven","batch-cooking, meal-prep, quick, microwave, oven",1. Batch cook salmon (store for 2–3 meals). 2. Prepare rice in bulk. 3. Cook carrots. 4. Combine salmon with garlic sauce. 5. Serve with rice.
51,salmon_pasta_51,salmon,pasta,onion,garlic sauce,674,50,38,36,4,2,484,22,quick,salmon:200g; pasta:150g; onion:100g; garlic sauce:75g; oil:10g,oven,"batch-cooking, meal-prep, quick, oven",1. Batch cook salmon (store for 2–3 meals). 2. Prepare pasta in bulk. 3. Cook onion. 4. Combine salmon with garlic sauce. 5. Serve with pasta.
52,salmon_pasta_52,salmon,pasta,zucchini,pesto,674,50,38,36,4,2,692,25,balanced,salmon:200g; pasta:150g; zucchini:100g; pesto:75g; oil:10g,"air fryer, microwave","batch-cooking, meal-prep, balanced, air fryer, microwave",1. Batch cook salmon (store for 2–3 meals). 2. Prepare pasta in bulk. 3. Cook zucchini. 4. Combine salmon with pesto. 5. Serve with pasta.
53,salmon_potatoes_53,salmon,potatoes,spinach,cream sauce,626,50,26,36,3,1,558,28,balanced,salmon:200g; potatoes:150g; spinach:100g; cream sauce:75g; oil:10g,"air fryer, stovetop, oven","batch-cooking, meal-prep, balanced, air fryer, stovetop, oven",1. Batch cook salmon (store for 2–3 meals). 2. Prepare potatoes in bulk. 3. Cook spinach. 4. Combine salmon with cream sauce. 5. Serve with potatoes.
54,salmon_potatoes_54,salmon,potatoes,carrots,cream sauce,626,50,26,36,3,1,579,89,weekend,salmon:200g; potatoes:150g; carrots:100g; cream sauce:75g; oil:10g,microwave,"batch-cooking, meal-prep, weekend, microwave",1. Batch cook salmon (store for 2–3 meals). 2. Marinate the salmon for better flavor. 3. Prepare potatoes in bulk. 4. Cook carrots. 5. Combine salmon with cream sauce. 6. Serve with potatoes. 7. Plate carefully and add garnish.
55,salmon_quinoa_55,salmon,quinoa,green beans,cream sauce,674,56,32,36,3,2,800,13,quick,salmon:200g; quinoa:150g; green beans:100g; cream sauce:75g; oil:10g,"air fryer, stovetop","batch-cooking, meal-prep, quick, air fryer, stovetop",1. Batch cook salmon (store for 2–3 meals). 2. Prepare quinoa in bulk. 3. Cook green beans. 4. Combine salmon with cream sauce. 5. Serve with quinoa.
56,salmon_quinoa_56,salmon,quinoa,green beans,pesto,674,56,32,36,3,2,763,23,quick,salmon:200g; quinoa:150g; green beans:100g; pesto:75g; oil:10g,stovetop,"batch-cooking, meal-prep, quick, stovetop",1. Batch cook salmon (store for 2–3 meals). 2. Prepare quinoa in bulk. 3. Cook green beans. 4. Combine salmon with pesto. 5. Serve with quinoa.
57,salmon_noodles_57,salmon,noodles,green beans,soy sauce,686,50,40,36,4,2,615,23,quick,salmon:200g; noodles:150g; green beans:100g; soy sauce:75g; oil:10g,"microwave, slow cooker","batch-cooking, meal-prep, quick, microwave, slow cooker",1. Batch cook salmon (store for 2–3 meals). 2. Prepare noodles in bulk. 3. Cook green beans. 4. Combine salmon with soy sauce. 5. Serve with noodles.
58,salmon_noodles_58,salmon,noodles,onion,cream sauce,686,50,40,36,4,2,693,57,weekend,salmon:200g; noodles:150g; onion:100g; cream sauce:75g; oil:10g,"microwave, stovetop, oven","batch-cooking, meal-prep, weekend, microwave, stovetop, oven",1. Batch cook salmon (store for 2–3 meals). 2. Marinate the salmon for better flavor. 3. Prepare noodles in bulk. 4. Cook onion. 5. Combine salmon with cream sauce. 6. Serve with noodles. 7. Plate carefully and add garnish.
59,salmon_tortilla_59,salmon,tortilla,onion,cream sauce,824,50,75,36,8,4,707,22,quick,salmon:200g; tortilla:150g; onion:100g; cream sauce:75g; oil:10g,slow cooker,"batch-cooking, meal-prep, quick, slow cooker",1. Batch cook salmon (store for 2–3 meals). 2. Prepare tortilla in bulk. 3. Cook onion. 4. Combine salmon with cream sauce. 5. Serve with tortilla.
60,salmon_tortilla_60,salmon,tortilla,spinach,pesto,824,50,75,36,8,4,711,24,quick,salmon:200g; tortilla:150g; spinach:100g; pesto:75g; oil:10g,slow cooker,"batch-cooking, meal-prep, quick, slow cooker",1. Batch cook salmon (store for 2–3 meals). 2. Prepare tortilla in bulk. 3. Cook spinach. 4. Combine salmon with pesto. 5. Serve with tortilla.
61,turkey_rice_61,turkey,rice,peppers,garlic sauce,526,58,42,14,4,2,473,16,quick,turkey:200g; rice:150g; peppers:100g; garlic sauce:75g; oil:10g,"air fryer, stovetop","batch-cooking, meal-prep, quick, air fryer, stovetop",1. Batch cook turkey (store for 2–3 meals). 2. Prepare rice in bulk. 3. Cook peppers. 4. Combine turkey with garlic sauce. 5. Serve with rice.
62,turkey_rice_62,turkey,rice,carrots,tomato sauce,526,58,42,14,4,2,309,70,weekend,turkey:200g; rice:150g; carrots:100g; tomato sauce:75g; oil:10g,"microwave, slow cooker","batch-cooking, meal-prep, weekend, microwave, slow cooker",1. Batch cook turkey (store for 2–3 meals). 2. Marinate the turkey for better flavor. 3. Prepare rice in bulk. 4. Cook carrots. 5. Combine turkey with tomato sauce. 6. Serve with rice. 7. Plate carefully and add garnish.
63,turkey_pasta_63,turkey,pasta,peppers,teriyaki,508,58,38,14,4,2,548,35,balanced,turkey:200g; pasta:150g; peppers:100g; teriyaki:75g; oil:10g,"air fryer, oven","batch-cooking, meal-prep, balanced, air fryer, oven",1. Batch cook turkey (store for 2–3 meals). 2. Prepare pasta in bulk. 3. Cook peppers. 4. Combine turkey with teriyaki. 5. Serve with pasta.
64,turkey_pasta_64,turkey,pasta,onion,pesto,508,58,38,14,4,2,709,13,quick,turkey:200g; pasta:150g; onion:100g; pesto:75g; oil:10g,microwave,"batch-cooking, meal-prep, quick, microwave",1. Batch cook turkey (store for 2–3 meals). 2. Prepare pasta in bulk. 3. Cook onion. 4. Combine turkey with pesto. 5. Serve with pasta.
65,turkey_potatoes_65,turkey,potatoes,peppers,pesto,460,58,26,14,3,1,492,11,quick,turkey:200g; potatoes:150g; peppers:100g; pesto:75g; oil:10g,"air fryer, microwave, stovetop","batch-cooking, meal-prep, quick, air fryer, microwave, stovetop",1. Batch cook turkey (store for 2–3 meals). 2. Prepare potatoes in bulk. 3. Cook peppers. 4. Combine turkey with pesto. 5. Serve with potatoes.
66,turkey_potatoes_66,turkey,potatoes,carrots,soy sauce,460,58,26,14,3,1,513,43,balanced,turkey:200g; potatoes:150g; carrots:100g; soy sauce:75g; oil:10g,"air fryer, microwave, slow cooker","batch-cooking, meal-prep, balanced, air fryer, microwave, slow cooker",1. Batch cook turkey (store for 2–3 meals). 2. Prepare potatoes in bulk. 3. Cook carrots. 4. Combine turkey with soy sauce. 5. Serve with potatoes.
67,turkey_quinoa_67,turkey,quinoa,spinach,tomato sauce,508,64,32,14,3,2,471,12,quick,turkey:200g; quinoa:150g; spinach:100g; tomato sauce:75g; oil:10g,air fryer,"batch-cooking, meal-prep, quick, air fryer",1. Batch cook turkey (store for 2–3 meals). 2. Prepare quinoa in bulk. 3. Cook spinach. 4. Combine turkey with tomato sauce. 5. Serve with quinoa.
68,turkey_quinoa_68,turkey,quinoa,green beans,pesto,508,64,32,14,3,2,575,23,quick,turkey:200g; quinoa:150g; green beans:100g; pesto:75g; oil:10g,"microwave, slow cooker","batch-cooking, meal-prep, quick, microwave, slow cooker",1. Batch cook turkey (store for 2–3 meals). 2. Prepare quinoa in bulk. 3. Cook green beans. 4. Combine turkey with pesto. 5. Serve with quinoa.
69,turkey_noodles_69,turkey,noodles,spinach,cream sauce,520,58,40,14,4,2,336,24,quick,turkey:200g; noodles:150g; spinach:100g; cream sauce:75g; oil:10g,slow cooker,"batch-cooking, meal-prep, quick, slow cooker",1. Batch cook turkey (store for 2–3 meals). 2. Prepare noodles in bulk. 3. Cook spinach. 4. Combine turkey with cream sauce. 5. Serve with noodles.
70,turkey_noodles_70,turkey,noodles,onion,tomato sauce,520,58,40,14,4,2,796,12,quick,turkey:200g; noodles:150g; onion:100g; tomato sauce:75g; oil:10g,microwave,"batch-cooking, meal-prep, quick, microwave",1. Batch cook turkey (store for 2–3 meals). 2. Prepare noodles in bulk. 3. Cook onion. 4. Combine turkey with tomato sauce. 5. Serve with noodles.
71,turkey_tortilla_71,turkey,tortilla,broccoli,pesto,658,58,75,14,8,4,414,81,weekend,turkey:200g; tortilla:150g; broccoli:100g; pesto:75g; oil:10g,"microwave, oven, slow cooker","batch-cooking, meal-prep, weekend, microwave, oven, slow cooker",1. Batch cook turkey (store for 2–3 meals). 2. Marinate the turkey for better flavor. 3. Prepare tortilla in bulk. 4. Cook broccoli. 5. Combine turkey with pesto. 6. Serve with tortilla. 7. Plate carefully and add garnish.
72,turkey_tortilla_72,turkey,tortilla,onion,tomato sauce,658,58,75,14,8,4,692,34,balanced,turkey:200g; tortilla:150g; onion:100g; tomato sauce:75g; oil:10g,air fryer,"batch-cooking, meal-prep, balanced, air fryer",1. Batch cook turkey (store for 2–3 meals). 2. Prepare tortilla in bulk. 3. Cook onion. 4. Combine turkey with tomato sauce. 5. Serve with tortilla.
73,shrimp_rice_73,shrimp,rice,spinach,soy sauce,468,48,42,12,4,2,731,20,quick,shrimp:200g; rice:150g; spinach:100g; soy sauce:75g; oil:10g,"stovetop, oven","batch-cooking, meal-prep, quick, stovetop, oven",1. Batch cook shrimp (store for 2–3 meals). 2. Prepare rice in bulk. 3. Cook spinach. 4. Combine shrimp with soy sauce. 5. Serve with rice.
74,shrimp_rice_74,shrimp,rice,broccoli,cream sauce,468,48,42,12,4,2,364,15,quick,shrimp:200g; rice:150g; broccoli:100g; cream sauce:75g; oil:10g,"air fryer, microwave","batch-cooking, meal-prep, quick, air fryer, microwave",1. Batch cook shrimp (store for 2–3 meals). 2. Prepare rice in bulk. 3. Cook broccoli. 4. Combine shrimp with cream sauce. 5. Serve with rice.
75,shrimp_pasta_75,shrimp,pasta,onion,teriyaki,450,48,38,12,4,2,790,34,balanced,shrimp:200g; pasta:150g; onion:100g; teriyaki:75g; oil:10g,"microwave, slow cooker","batch-cooking, meal-prep, balanced, microwave, slow cooker",1. Batch cook shrimp (store for 2–3 meals). 2. Prepare pasta in bulk. 3. Cook onion. 4. Combine shrimp with teriyaki. 5. Serve with pasta.
76,shrimp_pasta_76,shrimp,pasta,zucchini,tomato sauce,450,48,38,12,4,2,321,23,quick,shrimp:200g; pasta:150g; zucchini:100g; tomato sauce:75g; oil:10g,microwave,"batch-cooking, meal-prep, quick, microwave",1. Batch cook shrimp (store for 2–3 meals). 2. Prepare pasta in bulk. 3. Cook zucchini. 4. Combine shrimp with tomato sauce. 5. Serve with pasta.
77,shrimp_potatoes_77,shrimp,potatoes,green beans,tomato sauce,402,48,26,12,3,1,345,15,quick,shrimp:200g; potatoes:150g; green beans:100g; tomato sauce:75g; oil:10g,slow cooker,"batch-cooking, meal-prep, quick, slow cooker",1. Batch cook shrimp (store for 2–3 meals). 2. Prepare potatoes in bulk. 3. Cook green beans. 4. Combine shrimp with tomato sauce. 5. Serve with potatoes.
78,shrimp_potatoes_78,shrimp,potatoes,carrots,soy sauce,402,48,26,12,3,1,380,33,balanced,shrimp:200g; potatoes:150g; carrots:100g; soy sauce:75g; oil:10g,"oven, slow cooker","batch-cooking, meal-prep, balanced, oven, slow cooker",1. Batch cook shrimp (store for 2–3 meals). 2. Prepare potatoes in bulk. 3. Cook carrots. 4. Combine shrimp with soy sauce. 5. Serve with potatoes.
79,shrimp_quinoa_79,shrimp,quinoa,green beans,cream sauce,450,54,32,12,3,2,416,85,weekend,shrimp:200g; quinoa:150g; green beans:100g; cream sauce:75g; oil:10g,air fryer,"batch-cooking, meal-prep, weekend, air fryer",1. Batch cook shrimp (store for 2–3 meals). 2. Marinate the shrimp for better flavor. 3. Prepare quinoa in bulk. 4. Cook green beans. 5. Combine shrimp with cream sauce. 6. Serve with quinoa. 7. Plate carefully and add garnish.
80,shrimp_quinoa_80,shrimp,quinoa,peppers,pesto,450,54,32,12,3,2,386,60,weekend,shrimp:200g; quinoa:150g; peppers:100g; pesto:75g; oil:10g,air fryer,"batch-cooking, meal-prep, weekend, air fryer",1. Batch cook shrimp (store for 2–3 meals). 2. Marinate the shrimp for better flavor. 3. Prepare quinoa in bulk. 4. Cook peppers. 5. Combine shrimp with pesto. 6. Serve with quinoa. 7. Plate carefully and add garnish.
81,shrimp_noodles_81,shrimp,noodles,peppers,cream sauce,462,48,40,12,4,2,472,69,weekend,shrimp:200g; noodles:150g; peppers:100g; cream sauce:75g; oil:10g,"air fryer, microwave, stovetop","batch-cooking, meal-prep, weekend, air fryer, microwave, stovetop",1. Batch cook shrimp (store for 2–3 meals). 2. Marinate the shrimp for better flavor. 3. Prepare noodles in bulk. 4. Cook peppers. 5. Combine shrimp with cream sauce. 6. Serve with noodles. 7. Plate carefully and add garnish.
82,shrimp_noodles_82,shrimp,noodles,carrots,cream sauce,462,48,40,12,4,2,679,11,quick,shrimp:200g; noodles:150g; carrots:100g; cream sauce:75g; oil:10g,"air fryer, stovetop","batch-cooking, meal-prep, quick, air fryer, stovetop",1. Batch cook shrimp (store for 2–3 meals). 2. Prepare noodles in bulk. 3. Cook carrots. 4. Combine shrimp with cream sauce. 5. Serve with noodles.
83,shrimp_tortilla_83,shrimp,tortilla,carrots,garlic sauce,600,48,75,12,8,4,427,44,balanced,shrimp:200g; tortilla:150g; carrots:100g; garlic sauce:75g; oil:10g,"microwave, slow cooker","batch-cooking, meal-prep, balanced, microwave, slow cooker",1. Batch cook shrimp (store for 2–3 meals). 2. Prepare tortilla in bulk. 3. Cook carrots. 4. Combine shrimp with garlic sauce. 5. Serve with tortilla.
84,shrimp_tortilla_84,shrimp,tortilla,green beans,teriyaki,600,48,75,12,8,4,742,32,balanced,shrimp:200g; tortilla:150g; green beans:100g; teriyaki:75g; oil:10g,microwave,"batch-cooking, meal-prep, balanced, microwave",1. Batch cook shrimp (store for 2–3 meals). 2. Prepare tortilla in bulk. 3. Cook green beans. 4. Combine shrimp with teriyaki. 5. Serve with tortilla.
85,lentils_rice_85,lentils,rice,spinach,cream sauce,490,18,82,10,8,4,382,55,weekend,lentils:200g; rice:150g; spinach:100g; cream sauce:75g; oil:10g,air fryer,"batch-cooking, meal-prep, weekend, air fryer",1. Batch cook lentils (store for 2–3 meals). 2. Marinate the lentils for better flavor. 3. Prepare rice in bulk. 4. Cook spinach. 5. Combine lentils with cream sauce. 6. Serve with rice. 7. Plate carefully and add garnish.
86,lentils_rice_86,lentils,rice,peppers,pesto,490,18,82,10,8,4,649,63,weekend,lentils:200g; rice:150g; peppers:100g; pesto:75g; oil:10g,"air fryer, oven","batch-cooking, meal-prep, weekend, air fryer, oven",1. Batch cook lentils (store for 2–3 meals). 2. Marinate the lentils for better flavor. 3. Prepare rice in bulk. 4. Cook peppers. 5. Combine lentils with pesto. 6. Serve with rice. 7. Plate carefully and add garnish.
87,lentils_pasta_87,lentils,pasta,spinach,pesto,472,18,78,10,8,4,336,19,quick,lentils:200g; pasta:150g; spinach:100g; pesto:75g; oil:10g,"air fryer, stovetop","batch-cooking, meal-prep, quick, air fryer, stovetop",1. Batch cook lentils (store for 2–3 meals). 2. Prepare pasta in bulk. 3. Cook spinach. 4. Combine lentils with pesto. 5. Serve with pasta.
88,lentils_pasta_88,lentils,pasta,broccoli,teriyaki,472,18,78,10,8,4,457,32,balanced,lentils:200g; pasta:150g; broccoli:100g; teriyaki:75g; oil:10g,oven,"batch-cooking, meal-prep, balanced, oven",1. Batch cook lentils (store for 2–3 meals). 2. Prepare pasta in bulk. 3. Cook broccoli. 4. Combine lentils with teriyaki. 5. Serve with pasta.
89,lentils_potatoes_89,lentils,potatoes,onion,pesto,424,18,66,10,7,3,603,17,quick,lentils:200g; potatoes:150g; onion:100g; pesto:75g; oil:10g,slow cooker,"batch-cooking, meal-prep, quick, slow cooker",1. Batch cook lentils (store for 2–3 meals). 2. Prepare potatoes in bulk. 3. Cook onion. 4. Combine lentils with pesto. 5. Serve with potatoes.
90,lentils_potatoes_90,lentils,potatoes,peppers,tomato sauce,424,18,66,10,7,3,555,45,balanced,lentils:200g; potatoes:150g; peppers:100g; tomato sauce:75g; oil:10g,"air fryer, oven","batch-cooking, meal-prep, balanced, air fryer, oven",1. Batch cook lentils (store for 2–3 meals). 2. Prepare potatoes in bulk. 3. Cook peppers. 4. Combine lentils with tomato sauce. 5. Serve with potatoes.
91,lentils_quinoa_91,lentils,quinoa,green beans,cream sauce,472,24,72,10,7,4,468,12,quick,lentils:200g; quinoa:150g; green beans:100g; cream sauce:75g; oil:10g,"stovetop, slow cooker","batch-cooking, meal-prep, quick, stovetop, slow cooker",1. Batch cook lentils (store for 2–3 meals). 2. Prepare quinoa in bulk. 3. Cook green beans. 4. Combine lentils with cream sauce. 5. Serve with quinoa.
92,lentils_quinoa_92,lentils,quinoa,peppers,tomato sauce,472,24,72,10,7,4,562,18,quick,lentils:200g; quinoa:150g; peppers:100g; tomato sauce:75g; oil:10g,"microwave, oven, slow cooker","batch-cooking, meal-prep, quick, microwave, oven, slow cooker",1. Batch cook lentils (store for 2–3 meals). 2. Prepare quinoa in bulk. 3. Cook peppers. 4. Combine lentils with tomato sauce. 5. Serve with quinoa.
93,lentils_noodles_93,lentils,noodles,onion,tomato sauce,484,18,80,10,8,4,647,17,quick,lentils:200g; noodles:150g; onion:100g; tomato sauce:75g; oil:10g,"air fryer, microwave, slow cooker","batch-cooking, meal-prep, quick, air fryer, microwave, slow cooker",1. Batch cook lentils (store for 2–3 meals). 2. Prepare noodles in bulk. 3. Cook onion. 4. Combine lentils with tomato sauce. 5. Serve with noodles.
94,lentils_noodles_94,lentils,noodles,carrots,teriyaki,484,18,80,10,8,4,688,23,quick,lentils:200g; noodles:150g; carrots:100g; teriyaki:75g; oil:10g,"stovetop, oven, slow cooker","batch-cooking, meal-prep, quick, stovetop, oven, slow cooker",1. Batch cook lentils (store for 2–3 meals). 2. Prepare noodles in bulk. 3. Cook carrots. 4. Combine lentils with teriyaki. 5. Serve with noodles.
95,lentils_tortilla_95,lentils,tortilla,green beans,teriyaki,622,18,115,10,12,6,694,26,balanced,lentils:200g; tortilla:150g; green beans:100g; teriyaki:75g; oil:10g,oven,"batch-cooking, meal-prep, balanced, oven",1. Batch cook lentils (store for 2–3 meals). 2. Prepare tortilla in bulk. 3. Cook green beans. 4. Combine lentils with teriyaki. 5. Serve with tortilla.
96,lentils_tortilla_96,lentils,tortilla,carrots,teriyaki,622,18,115,10,12,6,730,10,quick,lentils:200g; tortilla:150g; carrots:100g; teriyaki:75g; oil:10g,"air fryer, stovetop, oven","batch-cooking, meal-prep, quick, air fryer, stovetop, oven",1. Batch cook lentils (store for 2–3 meals). 2. Prepare tortilla in bulk. 3. Cook carrots. 4. Combine lentils with teriyaki. 5. Serve with tortilla.
97,tofu_quinoa_97,tofu,quinoa,carrots,tomato sauce,394,22,32,20,3,2,517,37,balanced,tofu:200g; quinoa:150g; carrots:100g; tomato sauce:75g; oil:10g,"stovetop, oven","batch-cooking, meal-prep, balanced, stovetop, oven",1. Batch cook tofu (store for 2–3 meals). 2. Prepare quinoa in bulk. 3. Cook carrots. 4. Combine tofu with tomato sauce. 5. Serve with quinoa.
98,turkey_tortilla_98,turkey,tortilla,peppers,tomato sauce,658,58,75,14,8,4,366,88,weekend,turkey:200g; tortilla:150g; peppers:100g; tomato sauce:75g; oil:10g,"stovetop, slow cooker","batch-cooking, meal-prep, weekend, stovetop, slow cooker",1. Batch cook turkey (store for 2–3 meals). 2. Marinate the turkey for better flavor. 3. Prepare tortilla in bulk. 4. Cook peppers. 5. Combine turkey with tomato sauce. 6. Serve with tortilla. 7. Plate carefully and add garnish.
99,chicken_pasta_99,chicken,pasta,carrots,cream sauce,560,62,38,18,4,2,350,37,balanced,chicken:200g; pasta:150g; carrots:100g; cream sauce:75g; oil:10g,"microwave, oven, slow cooker","batch-cooking, meal-prep, balanced, microwave, oven, slow cooker",1. Batch cook chicken (store for 2–3 meals). 2. Prepare pasta in bulk. 3. Cook carrots. 4. Combine chicken with cream sauce. 5. Serve with pasta.
100,shrimp_rice_100,shrimp,rice,carrots,tomato sauce,468,48,42,12,4,2,675,25,balanced,shrimp:200g; rice:150g; carrots:100g; tomato sauce:75g; oil:10g,"air fryer, microwave, slow cooker","batch-cooking, meal-prep, balanced, air fryer, microwave, slow cooker",1. Batch cook shrimp (store for 2–3 meals). 2. Prepare rice in bulk. 3. Cook carrots. 4. Combine shrimp with tomato sauce. 5. Serve with rice.
101,chicken_tortilla_101,chicken,tortilla,carrots,pesto,710,62,75,18,8,4,713,14,quick,chicken:200g; tortilla:150g; carrots:100g; pesto:75g; oil:10g,"air fryer, microwave, oven","batch-cooking, meal-prep, quick, air fryer, microwave, oven",1. Batch cook chicken (store for 2–3 meals). 2. Prepare tortilla in bulk. 3. Cook carrots. 4. Combine chicken with pesto. 5. Serve with tortilla.
102,chicken_quinoa_102,chicken,quinoa,spinach,teriyaki,560,68,32,18,3,2,469,41,balanced,chicken:200g; quinoa:150g; spinach:100g; teriyaki:75g; oil:10g,"stovetop, oven, slow cooker","batch-cooking, meal-prep, balanced, stovetop, oven, slow cooker",1. Batch cook chicken (store for 2–3 meals). 2. Prepare quinoa in bulk. 3. Cook spinach. 4. Combine chicken with teriyaki. 5. Serve with quinoa.
103,turkey_potatoes_103,turkey,potatoes,peppers,pesto,460,58,26,14,3,1,561,22,quick,turkey:200g; potatoes:150g; peppers:100g; pesto:75g; oil:10g,stovetop,"batch-cooking, meal-prep, quick, stovetop",1. Batch cook turkey (store for 2–3 meals). 2. Prepare potatoes in bulk. 3. Cook peppers. 4. Combine turkey with pesto. 5. Serve with potatoes.
104,pork_noodles_104,pork,noodles,broccoli,pesto,720,54,40,38,4,2,478,34,balanced,pork:200g; noodles:150g; broccoli:100g; pesto:75g; oil:10g,air fryer,"batch-cooking, meal-prep, balanced, air fryer",1. Batch cook pork (store for 2–3 meals). 2. Prepare noodles in bulk. 3. Cook broccoli. 4. Combine pork with pesto. 5. Serve with noodles.
105,tofu_quinoa_105,tofu,quinoa,onion,soy sauce,394,22,32,20,3,2,697,27,balanced,tofu:200g; quinoa:150g; onion:100g; soy sauce:75g; oil:10g,"microwave, stovetop, oven","batch-cooking, meal-prep, balanced, microwave, stovetop, oven",1. Batch cook tofu (store for 2–3 meals). 2. Prepare quinoa in bulk. 3. Cook onion. 4. Combine tofu with soy sauce. 5. Serve with quinoa.
106,tofu_tortilla_106,tofu,tortilla,carrots,cream sauce,544,16,75,20,8,4,733,23,quick,tofu:200g; tortilla:150g; carrots:100g; cream sauce:75g; oil:10g,"microwave, stovetop, oven","batch-cooking, meal-prep, quick, microwave, stovetop, oven",1. Batch cook tofu (store for 2–3 meals). 2. Prepare tortilla in bulk. 3. Cook carrots. 4. Combine tofu with cream sauce. 5. Serve with tortilla.
107,shrimp_rice_107,shrimp,rice,broccoli,soy sauce,468,48,42,12,4,2,411,37,balanced,shrimp:200g; rice:150g; broccoli:100g; soy sauce:75g; oil:10g,"air fryer, oven","batch-cooking, meal-prep, balanced, air fryer, oven",1. Batch cook shrimp (store for 2–3 meals). 2. Prepare rice in bulk. 3. Cook broccoli. 4. Combine shrimp with soy sauce. 5. Serve with rice.
108,chicken_noodles_108,chicken,noodles,zucchini,tomato sauce,572,62,40,18,4,2,391,31,balanced,chicken:200g; noodles:150g; zucchini:100g; tomato sauce:75g; oil:10g,"microwave, oven","batch-cooking, meal-prep, balanced, microwave, oven",1. Batch cook chicken (store for 2–3 meals). 2. Prepare noodles in bulk. 3. Cook zucchini. 4. Combine chicken with tomato sauce. 5. Serve with noodles.
109,lentils_noodles_109,lentils,noodles,spinach,garlic sauce,484,18,80,10,8,4,366,16,quick,lentils:200g; noodles:150g; spinach:100g; garlic sauce:75g; oil:10g,slow cooker,"batch-cooking, meal-prep, quick, slow cooker",1. Batch cook lentils (store for 2–3 meals). 2. Prepare noodles in bulk. 3. Cook spinach. 4. Combine lentils with garlic sauce. 5. Serve with noodles.
110,lentils_noodles_110,lentils,noodles,broccoli,soy sauce,484,18,80,10,8,4,695,86,weekend,lentils:200g; noodles:150g; broccoli:100g; soy sauce:75g; oil:10g,slow cooker,"batch-cooking, meal-prep, weekend, slow cooker",1. Batch cook lentils (store for 2–3 meals). 2. Marinate the lentils for better flavor. 3. Prepare noodles in bulk. 4. Cook broccoli. 5. Combine lentils with soy sauce. 6. Serve with noodles. 7. Plate carefully and add garnish.
111,salmon_rice_111,salmon,rice,peppers,cream sauce,692,50,42,36,4,2,483,11,quick,salmon:200g; rice:150g; peppers:100g; cream sauce:75g; oil:10g,"air fryer, slow cooker","batch-cooking, meal-prep, quick, air fryer, slow cooker",1. Batch cook salmon (store for 2–3 meals). 2. Prepare rice in bulk. 3. Cook peppers. 4. Combine salmon with cream sauce. 5. Serve with rice.
112,chicken_noodles_112,chicken,noodles,broccoli,pesto,572,62,40,18,4,2,632,78,weekend,chicken:200g; noodles:150g; broccoli:100g; pesto:75g; oil:10g,slow cooker,"batch-cooking, meal-prep, weekend, slow cooker",1. Batch cook chicken (store for 2–3 meals). 2. Marinate the chicken for better flavor. 3. Prepare noodles in bulk. 4. Cook broccoli. 5. Combine chicken with pesto. 6. Serve with noodles. 7. Plate carefully and add garnish.
113,chicken_rice_113,chicken,rice,broccoli,pesto,578,62,42,18,4,2,595,14,quick,chicken:200g; rice:150g; broccoli:100g; pesto:75g; oil:10g,slow cooker,"batch-cooking, meal-prep, quick, slow cooker",1. Batch cook chicken (store for 2–3 meals). 2. Prepare rice in bulk. 3. Cook broccoli. 4. Combine chicken with pesto. 5. Serve with rice.
114,beef_pasta_114,beef,pasta,spinach,teriyaki,718,52,38,40,4,2,687,85,weekend,beef:200g; pasta:150g; spinach:100g; teriyaki:75g; oil:10g,air fryer,"batch-cooking, meal-prep, weekend, air fryer",1. Batch cook beef (store for 2–3 meals). 2. Marinate the beef for better flavor. 3. Prepare pasta in bulk. 4. Cook spinach. 5. Combine beef with teriyaki. 6. Serve with pasta. 7. Plate carefully and add garnish.
115,beef_rice_115,beef,rice,onion,teriyaki,736,52,42,40,4,2,501,31,balanced,beef:200g; rice:150g; onion:100g; teriyaki:75g; oil:10g,air fryer,"batch-cooking, meal-prep, balanced, air fryer",1. Batch cook beef (store for 2–3 meals). 2. Prepare rice in bulk. 3. Cook onion. 4. Combine beef with teriyaki. 5. Serve with rice.
116,shrimp_rice_116,shrimp,rice,peppers,cream sauce,468,48,42,12,4,2,709,40,balanced,shrimp:200g; rice:150g; peppers:100g; cream sauce:75g; oil:10g,stovetop,"batch-cooking, meal-prep, balanced, stovetop",1. Batch cook shrimp (store for 2–3 meals). 2. Prepare rice in bulk. 3. Cook peppers. 4. Combine shrimp with cream sauce. 5. Serve with rice.
117,shrimp_pasta_117,shrimp,pasta,spinach,soy sauce,450,48,38,12,4,2,712,55,weekend,shrimp:200g; pasta:150g; spinach:100g; soy sauce:75g; oil:10g,"air fryer, stovetop, oven","batch-cooking, meal-prep, weekend, air fryer, stovetop, oven",1. Batch cook shrimp (store for 2–3 meals). 2. Marinate the shrimp for better flavor. 3. Prepare pasta in bulk. 4. Cook spinach. 5. Combine shrimp with soy sauce. 6. Serve with pasta. 7. Plate carefully and add garnish.
118,tofu_quinoa_118,tofu,quinoa,broccoli,garlic sauce,394,22,32,20,3,2,320,13,quick,tofu:200g; quinoa:150g; broccoli:100g; garlic sauce:75g; oil:10g,"air fryer, stovetop, slow cooker","batch-cooking, meal-prep, quick, air fryer, stovetop, slow cooker",1. Batch cook tofu (store for 2–3 meals). 2. Prepare quinoa in bulk. 3. Cook broccoli. 4. Combine tofu with garlic sauce. 5. Serve with quinoa.
119,lentils_quinoa_119,lentils,quinoa,broccoli,pesto,472,24,72,10,7,4,779,79,weekend,lentils:200g; quinoa:150g; broccoli:100g; pesto:75g; oil:10g,air fryer,"batch-cooking, meal-prep, weekend, air fryer",1. Batch cook lentils (store for 2–3 meals). 2. Marinate the lentils for better flavor. 3. Prepare quinoa in bulk. 4. Cook broccoli. 5. Combine lentils with pesto. 6. Serve with quinoa. 7. Plate carefully and add garnish.
120,salmon_rice_120,salmon,rice,zucchini,pesto,692,50,42,36,4,2,417,23,quick,salmon:200g; rice:150g; zucchini:100g; pesto:75g; oil:10g,"microwave, stovetop, slow cooker","batch-cooking, meal-prep, quick, microwave, stovetop, slow cooker",1. Batch cook salmon (store for 2–3 meals). 2. Prepare rice in bulk. 3. Cook zucchini. 4. Combine salmon with pesto. 5. Serve with rice.
121,salmon_noodles_121,salmon,noodles,peppers,teriyaki,686,50,40,36,4,2,793,22,quick,salmon:200g; noodles:150g; peppers:100g; teriyaki:75g; oil:10g,"air fryer, oven","batch-cooking, meal-prep, quick, air fryer, oven",1. Batch cook salmon (store for 2–3 meals). 2. Prepare noodles in bulk. 3. Cook peppers. 4. Combine salmon with teriyaki. 5. Serve with noodles.
122,pork_rice_122,pork,rice,onion,soy sauce,726,54,42,38,4,2,392,42,balanced,pork:200g; rice:150g; onion:100g; soy sauce:75g; oil:10g,"air fryer, microwave, oven","batch-cooking, meal-prep, balanced, air fryer, microwave, oven",1. Batch cook pork (store for 2–3 meals). 2. Prepare rice in bulk. 3. Cook onion. 4. Combine pork with soy sauce. 5. Serve with rice.
123,lentils_potatoes_123,lentils,potatoes,peppers,teriyaki,424,18,66,10,7,3,474,12,quick,lentils:200g; potatoes:150g; peppers:100g; teriyaki:75g; oil:10g,"stovetop, slow cooker","batch-cooking, meal-prep, quick, stovetop, slow cooker",1. Batch cook lentils (store for 2–3 meals). 2. Prepare potatoes in bulk. 3. Cook peppers. 4. Combine lentils with teriyaki. 5. Serve with potatoes.
124,shrimp_tortilla_124,shrimp,tortilla,spinach,teriyaki,600,48,75,12,8,4,550,54,weekend,shrimp:200g; tortilla:150g; spinach:100g; teriyaki:75g; oil:10g,air fryer,"batch-cooking, meal-prep, weekend, air fryer",1. Batch cook shrimp (store for 2–3 meals). 2. Marinate the shrimp for better flavor. 3. Prepare tortilla in bulk. 4. Cook spinach. 5. Combine shrimp with teriyaki. 6. Serve with tortilla. 7. Plate carefully and add garnish.
125,lentils_tortilla_125,lentils,tortilla,onion,teriyaki,622,18,115,10,12,6,361,13,quick,lentils:200g; tortilla:150g; onion:100g; teriyaki:75g; oil:10g,"microwave, stovetop, slow cooker","batch-cooking, meal-prep, quick, microwave, stovetop, slow cooker",1. Batch cook lentils (store for 2–3 meals). 2. Prepare tortilla in bulk. 3. Cook onion. 4. Combine lentils with teriyaki. 5. Serve with tortilla.
126,turkey_quinoa_126,turkey,quinoa,carrots,tomato sauce,508,64,32,14,3,2,766,33,balanced,turkey:200g; quinoa:150g; carrots:100g; tomato sauce:75g; oil:10g,"microwave, stovetop","batch-cooking, meal-prep, balanced, microwave, stovetop",1. Batch cook turkey (store for 2–3 meals). 2. Prepare quinoa in bulk. 3. Cook carrots. 4. Combine turkey with tomato sauce. 5. Serve with quinoa.
127,tofu_rice_127,tofu,rice,onion,soy sauce,412,16,42,20,4,2,320,23,quick,tofu:200g; rice:150g; onion:100g; soy sauce:75g; oil:10g,stovetop,"batch-cooking, meal-prep, quick, stovetop",1. Batch cook tofu (store for 2–3 meals). 2. Prepare rice in bulk. 3. Cook onion. 4. Combine tofu with soy sauce. 5. Serve with rice.
128,turkey_tortilla_128,turkey,tortilla,onion,teriyaki,658,58,75,14,8,4,364,17,quick,turkey:200g; tortilla:150g; onion:100g; teriyaki:75g; oil:10g,"microwave, slow cooker","batch-cooking, meal-prep, quick, microwave, slow cooker",1. Batch cook turkey (store for 2–3 meals). 2. Prepare tortilla in bulk. 3. Cook onion. 4. Combine turkey with teriyaki. 5. Serve with tortilla.
129,tofu_rice_129,tofu,rice,spinach,soy sauce,412,16,42,20,4,2,429,55,weekend,tofu:200g; rice:150g; spinach:100g; soy sauce:75g; oil:10g,"microwave, stovetop, oven","batch-cooking, meal-prep, weekend, microwave, stovetop, oven",1. Batch cook tofu (store for 2–3 meals). 2. Marinate the tofu for better flavor. 3. Prepare rice in bulk. 4. Cook spinach. 5. Combine tofu with soy sauce. 6. Serve with rice. 7. Plate carefully and add garnish.
130,pork_pasta_130,pork,pasta,green beans,pesto,708,54,38,38,4,2,512,19,quick,pork:200g; pasta:150g; green beans:100g; pesto:75g; oil:10g,stovetop,"batch-cooking, meal-prep, quick, stovetop",1. Batch cook pork (store for 2–3 meals). 2. Prepare pasta in bulk. 3. Cook green beans. 4. Combine pork with pesto. 5. Serve with pasta.
131,pork_tortilla_131,pork,tortilla,broccoli,soy sauce,858,54,75,38,8,4,648,41,balanced,pork:200g; tortilla:150g; broccoli:100g; soy sauce:75g; oil:10g,stovetop,"batch-cooking, meal-prep, balanced, stovetop",1. Batch cook pork (store for 2–3 meals). 2. Prepare tortilla in bulk. 3. Cook broccoli. 4. Combine pork with soy sauce. 5. Serve with tortilla.
132,turkey_potatoes_132,turkey,potatoes,zucchini,pesto,460,58,26,14,3,1,447,26,balanced,turkey:200g; potatoes:150g; zucchini:100g; pesto:75g; oil:10g,"air fryer, stovetop, oven","batch-cooking, meal-prep, balanced, air fryer, stovetop, oven",1. Batch cook turkey (store for 2–3 meals). 2. Prepare potatoes in bulk. 3. Cook zucchini. 4. Combine turkey with pesto. 5. Serve with potatoes.
133,chicken_pasta_133,chicken,pasta,zucchini,cream sauce,560,62,38,18,4,2,665,13,quick,chicken:200g; pasta:150g; zucchini:100g; cream sauce:75g; oil:10g,"stovetop, oven","batch-cooking, meal-prep, quick, stovetop, oven",1. Batch cook chicken (store for 2–3 meals). 2. Prepare pasta in bulk. 3. Cook zucchini. 4. Combine chicken with cream sauce. 5. Serve with pasta.
134,tofu_quinoa_134,tofu,quinoa,onion,pesto,394,22,32,20,3,2,745,13,quick,tofu:200g; quinoa:150g; onion:100g; pesto:75g; oil:10g,"air fryer, stovetop","batch-cooking, meal-prep, quick, air fryer, stovetop",1. Batch cook tofu (store for 2–3 meals). 2. Prepare quinoa in bulk. 3. Cook onion. 4. Combine tofu with pesto. 5. Serve with quinoa.
135,turkey_noodles_135,turkey,noodles,carrots,cream sauce,520,58,40,14,4,2,357,27,balanced,turkey:200g; noodles:150g; carrots:100g; cream sauce:75g; oil:10g,slow cooker,"batch-cooking, meal-prep, balanced, slow cooker",1. Batch cook turkey (store for 2–3 meals). 2. Prepare noodles in bulk. 3. Cook carrots. 4. Combine turkey with cream sauce. 5. Serve with noodles.
136,turkey_rice_136,turkey,rice,spinach,cream sauce,526,58,42,14,4,2,672,77,weekend,turkey:200g; rice:150g; spinach:100g; cream sauce:75g; oil:10g,"microwave, oven","batch-cooking, meal-prep, weekend, microwave, oven",1. Batch cook turkey (store for 2–3 meals). 2. Marinate the turkey for better flavor. 3. Prepare rice in bulk. 4. Cook spinach. 5. Combine turkey with cream sauce. 6. Serve with rice. 7. Plate carefully and add garnish.
137,pork_quinoa_137,pork,quinoa,onion,garlic sauce,708,60,32,38,3,2,645,16,quick,pork:200g; quinoa:150g; onion:100g; garlic sauce:75g; oil:10g,"air fryer, slow cooker","batch-cooking, meal-prep, quick, air fryer, slow cooker",1. Batch cook pork (store for 2–3 meals). 2. Prepare quinoa in bulk. 3. Cook onion. 4. Combine pork with garlic sauce. 5. Serve with quinoa.
138,pork_noodles_138,pork,noodles,spinach,pesto,720,54,40,38,4,2,496,32,balanced,pork:200g; noodles:150g; spinach:100g; pesto:75g; oil:10g,"microwave, stovetop, slow cooker","batch-cooking, meal-prep, balanced, microwave, stovetop, slow cooker",1. Batch cook pork (store for 2–3 meals). 2. Prepare noodles in bulk. 3. Cook spinach. 4. Combine pork with pesto. 5. Serve with noodles.
139,shrimp_tortilla_139,shrimp,tortilla,zucchini,pesto,600,48,75,12,8,4,468,79,weekend,shrimp:200g; tortilla:150g; zucchini:100g; pesto:75g; oil:10g,"air fryer, microwave, slow cooker","batch-cooking, meal-prep, weekend, air fryer, microwave, slow cooker",1. Batch cook shrimp (store for 2–3 meals). 2. Marinate the shrimp for better flavor. 3. Prepare tortilla in bulk. 4. Cook zucchini. 5. Combine shrimp with pesto. 6. Serve with tortilla. 7. Plate carefully and add garnish.
140,chicken_noodles_140,chicken,noodles,green beans,cream sauce,572,62,40,18,4,2,318,35,balanced,chicken:200g; noodles:150g; green beans:100g; cream sauce:75g; oil:10g,"stovetop, oven, slow cooker","batch-cooking, meal-prep, balanced, stovetop, oven, slow cooker",1. Batch cook chicken (store for 2–3 meals). 2. Prepare noodles in bulk. 3. Cook green beans. 4. Combine chicken with cream sauce. 5. Serve with noodles.
141,shrimp_tortilla_141,shrimp,tortilla,carrots,garlic sauce,600,48,75,12,8,4,350,30,balanced,shrimp:200g; tortilla:150g; carrots:100g; garlic sauce:75g; oil:10g,"air fryer, stovetop, slow cooker","batch-cooking, meal-prep, balanced, air fryer, stovetop, slow cooker",1. Batch cook shrimp (store for 2–3 meals). 2. Prepare tortilla in bulk. 3. Cook carrots. 4. Combine shrimp with garlic sauce. 5. Serve with tortilla.
142,beef_noodles_142,beef,noodles,onion,soy sauce,730,52,40,40,4,2,554,45,weekend,beef:200g; noodles:150g; onion:100g; soy sauce:75g; oil:10g,"air fryer, oven, slow cooker","batch-cooking, meal-prep, weekend, air fryer, oven, slow cooker",1. Batch cook beef (store for 2–3 meals). 2. Marinate the beef for better flavor. 3. Prepare noodles in bulk. 4. Cook onion. 5. Combine beef with soy sauce. 6. Serve with noodles. 7. Plate carefully and add garnish.
143,lentils_quinoa_143,lentils,quinoa,green beans,teriyaki,472,24,72,10,7,4,563,19,quick,lentils:200g; quinoa:150g; green beans:100g; teriyaki:75g; oil:10g,stovetop,"batch-cooking, meal-prep, quick, stovetop",1. Batch cook lentils (store for 2–3 meals). 2. Prepare quinoa in bulk. 3. Cook green beans. 4. Combine lentils with teriyaki. 5. Serve with quinoa.
144,chicken_noodles_144,chicken,noodles,carrots,cream sauce,572,62,40,18,4,2,563,15,quick,chicken:200g; noodles:150g; carrots:100g; cream sauce:75g; oil:10g,"air fryer, microwave, oven","batch-cooking, meal-prep, quick, air fryer, microwave, oven",1. Batch cook chicken (store for 2–3 meals). 2. Prepare noodles in bulk. 3. Cook carrots. 4. Combine chicken with cream sauce. 5. Serve with noodles.
145,shrimp_potatoes_145,shrimp,potatoes,spinach,soy sauce,402,48,26,12,3,1,328,23,quick,shrimp:200g; potatoes:150g; spinach:100g; soy sauce:75g; oil:10g,microwave,"batch-cooking, meal-prep, quick, microwave",1. Batch cook shrimp (store for 2–3 meals). 2. Prepare potatoes in bulk. 3. Cook spinach. 4. Combine shrimp with soy sauce. 5. Serve with potatoes.
146,turkey_noodles_146,turkey,noodles,zucchini,garlic sauce,520,58,40,14,4,2,751,17,quick,turkey:200g; noodles:150g; zucchini:100g; garlic sauce:75g; oil:10g,"microwave, stovetop, oven","batch-cooking, meal-prep, quick, microwave, stovetop, oven",1. Batch cook turkey (store for 2–3 meals). 2. Prepare noodles in bulk. 3. Cook zucchini. 4. Combine turkey with garlic sauce. 5. Serve with noodles.
147,beef_noodles_147,beef,noodles,spinach,teriyaki,730,52,40,40,4,2,396,17,quick,beef:200g; noodles:150g; spinach:100g; teriyaki:75g; oil:10g,slow cooker,"batch-cooking, meal-prep, quick, slow cooker",1. Batch cook beef (store for 2–3 meals). 2. Prepare noodles in bulk. 3. Cook spinach. 4. Combine beef with teriyaki. 5. Serve with noodles.
148,salmon_quinoa_148,salmon,quinoa,spinach,soy sauce,674,56,32,36,3,2,784,24,quick,salmon:200g; quinoa:150g; spinach:100g; soy sauce:75g; oil:10g,"microwave, oven, slow cooker","batch-cooking, meal-prep, quick, microwave, oven, slow cooker",1. Batch cook salmon (store for 2–3 meals). 2. Prepare quinoa in bulk. 3. Cook spinach. 4. Combine salmon with soy sauce. 5. Serve with quinoa.
149,tofu_noodles_149,tofu,noodles,spinach,garlic sauce,406,16,40,20,4,2,301,71,weekend,tofu:200g; noodles:150g; spinach:100g; garlic sauce:75g; oil:10g,microwave,"batch-cooking, meal-prep, weekend, microwave",1. Batch cook tofu (store for 2–3 meals). 2. Marinate the tofu for better flavor. 3. Prepare noodles in bulk. 4. Cook spinach. 5. Combine tofu with garlic sauce. 6. Serve with noodles. 7. Plate carefully and add garnish.
150,tofu_rice_150,tofu,rice,onion,tomato sauce,412,16,42,20,4,2,642,25,balanced,tofu:200g; rice:150g; onion:100g; tomato sauce:75g; oil:10g,air fryer,"batch-cooking, meal-prep, balanced, air fryer",1. Batch cook tofu (store for 2–3 meals). 2. Prepare rice in bulk. 3. Cook onion. 4. Combine tofu with tomato sauce. 5. Serve with rice.
151,salmon_rice_151,salmon,rice,peppers,tomato sauce,692,50,42,36,4,2,659,78,weekend,salmon:200g; rice:150g; peppers:100g; tomato sauce:75g; oil:10g,"air fryer, stovetop","batch-cooking, meal-prep, weekend, air fryer, stovetop",1. Batch cook salmon (store for 2–3 meals). 2. Marinate the salmon for better flavor. 3. Prepare rice in bulk. 4. Cook peppers. 5. Combine salmon with tomato sauce. 6. Serve with rice. 7. Plate carefully and add garnish.
152,tofu_quinoa_152,tofu,quinoa,broccoli,tomato sauce,394,22,32,20,3,2,380,22,quick,tofu:200g; quinoa:150g; broccoli:100g; tomato sauce:75g; oil:10g,microwave,"batch-cooking, meal-prep, quick, microwave",1. Batch cook tofu (store for 2–3 meals). 2. Prepare quinoa in bulk. 3. Cook broccoli. 4. Combine tofu with tomato sauce. 5. Serve with quinoa.
153,pork_quinoa_153,pork,quinoa,onion,pesto,708,60,32,38,3,2,592,22,quick,pork:200g; quinoa:150g; onion:100g; pesto:75g; oil:10g,"air fryer, microwave, slow cooker","batch-cooking, meal-prep, quick, air fryer, microwave, slow cooker",1. Batch cook pork (store for 2–3 meals). 2. Prepare quinoa in bulk. 3. Cook onion. 4. Combine pork with pesto. 5. Serve with quinoa.
154,shrimp_noodles_154,shrimp,noodles,broccoli,garlic sauce,462,48,40,12,4,2,408,25,quick,shrimp:200g; noodles:150g; broccoli:100g; garlic sauce:75g; oil:10g,"air fryer, stovetop, slow cooker","batch-cooking, meal-prep, quick, air fryer, stovetop, slow cooker",1. Batch cook shrimp (store for 2–3 meals). 2. Prepare noodles in bulk. 3. Cook broccoli. 4. Combine shrimp with garlic sauce. 5. Serve with noodles.
155,shrimp_noodles_155,shrimp,noodles,zucchini,garlic sauce,462,48,40,12,4,2,374,35,balanced,shrimp:200g; noodles:150g; zucchini:100g; garlic sauce:75g; oil:10g,"microwave, stovetop, oven","batch-cooking, meal-prep, balanced, microwave, stovetop, oven",1. Batch cook shrimp (store for 2–3 meals). 2. Prepare noodles in bulk. 3. Cook zucchini. 4. Combine shrimp with garlic sauce. 5. Serve with noodles.
156,lentils_noodles_156,lentils,noodles,carrots,soy sauce,484,18,80,10,8,4,615,16,quick,lentils:200g; noodles:150g; carrots:100g; soy sauce:75g; oil:10g,microwave,"batch-cooking, meal-prep, quick, microwave",1. Batch cook lentils (store for 2–3 meals). 2. Prepare noodles in bulk. 3. Cook carrots. 4. Combine lentils with soy sauce. 5. Serve with noodles.
157,shrimp_pasta_157,shrimp,pasta,green beans,teriyaki,450,48,38,12,4,2,479,52,weekend,shrimp:200g; pasta:150g; green beans:100g; teriyaki:75g; oil:10g,"air fryer, microwave, oven","batch-cooking, meal-prep, weekend, air fryer, microwave, oven",1. Batch cook shrimp (store for 2–3 meals). 2. Marinate the shrimp for better flavor. 3. Prepare pasta in bulk. 4. Cook green beans. 5. Combine shrimp with teriyaki. 6. Serve with pasta. 7. Plate carefully and add garnish.
158,beef_potatoes_158,beef,potatoes,green beans,pesto,670,52,26,40,3,1,607,86,weekend,beef:200g; potatoes:150g; green beans:100g; pesto:75g; oil:10g,"stovetop, oven","batch-cooking, meal-prep, weekend, stovetop, oven",1. Batch cook beef (store for 2–3 meals). 2. Marinate the beef for better flavor. 3. Prepare potatoes in bulk. 4. Cook green beans. 5. Combine beef with pesto. 6. Serve with potatoes. 7. Plate carefully and add garnish.
159,salmon_rice_159,salmon,rice,zucchini,tomato sauce,692,50,42,36,4,2,469,66,weekend,salmon:200g; rice:150g; zucchini:100g; tomato sauce:75g; oil:10g,"stovetop, oven","batch-cooking, meal-prep, weekend, stovetop, oven",1. Batch cook salmon (store for 2–3 meals). 2. Marinate the salmon for better flavor. 3. Prepare rice in bulk. 4. Cook zucchini. 5. Combine salmon with tomato sauce. 6. Serve with rice. 7. Plate carefully and add garnish.
160,beef_quinoa_160,beef,quinoa,peppers,soy sauce,718,58,32,40,3,2,673,17,quick,beef:200g; quinoa:150g; peppers:100g; soy sauce:75g; oil:10g,microwave,"batch-cooking, meal-prep, quick, microwave",1. Batch cook beef (store for 2–3 meals). 2. Prepare quinoa in bulk. 3. Cook peppers. 4. Combine beef with soy sauce. 5. Serve with quinoa.
161,chicken_quinoa_161,chicken,quinoa,spinach,cream sauce,560,68,32,18,3,2,575,88,weekend,chicken:200g; quinoa:150g; spinach:100g; cream sauce:75g; oil:10g,"oven, slow cooker","batch-cooking, meal-prep, weekend, oven, slow cooker",1. Batch cook chicken (store for 2–3 meals). 2. Marinate the chicken for better flavor. 3. Prepare quinoa in bulk. 4. Cook spinach. 5. Combine chicken with cream sauce. 6. Serve with quinoa. 7. Plate carefully and add garnish.
162,salmon_potatoes_162,salmon,potatoes,zucchini,soy sauce,626,50,26,36,3,1,671,10,quick,salmon:200g; potatoes:150g; zucchini:100g; soy sauce:75g; oil:10g,"oven, slow cooker","batch-cooking, meal-prep, quick, oven, slow cooker",1. Batch cook salmon (store for 2–3 meals). 2. Prepare potatoes in bulk. 3. Cook zucchini. 4. Combine salmon with soy sauce. 5. Serve with potatoes.
163,lentils_potatoes_163,lentils,potatoes,peppers,garlic sauce,424,18,66,10,7,3,759,33,balanced,lentils:200g; potatoes:150g; peppers:100g; garlic sauce:75g; oil:10g,"oven, slow cooker","batch-cooking, meal-prep, balanced, oven, slow cooker",1. Batch cook lentils (store for 2–3 meals). 2. Prepare potatoes in bulk. 3. Cook peppers. 4. Combine lentils with garlic sauce. 5. Serve with potatoes.
164,turkey_tortilla_164,turkey,tortilla,peppers,soy sauce,658,58,75,14,8,4,474,25,balanced,turkey:200g; tortilla:150g; peppers:100g; soy sauce:75g; oil:10g,"microwave, stovetop, slow cooker","batch-cooking, meal-prep, balanced, microwave, stovetop, slow cooker",1. Batch cook turkey (store for 2–3 meals). 2. Prepare tortilla in bulk. 3. Cook peppers. 4. Combine turkey with soy sauce. 5. Serve with tortilla.
165,chicken_tortilla_165,chicken,tortilla,peppers,pesto,710,62,75,18,8,4,618,13,quick,chicken:200g; tortilla:150g; peppers:100g; pesto:75g; oil:10g,microwave,"batch-cooking, meal-prep, quick, microwave",1. Batch cook chicken (store for 2–3 meals). 2. Prepare tortilla in bulk. 3. Cook peppers. 4. Combine chicken with pesto. 5. Serve with tortilla.
166,turkey_quinoa_166,turkey,quinoa,broccoli,teriyaki,508,64,32,14,3,2,717,49,weekend,turkey:200g; quinoa:150g; broccoli:100g; teriyaki:75g; oil:10g,air fryer,"batch-cooking, meal-prep, weekend, air fryer",1. Batch cook turkey (store for 2–3 meals). 2. Marinate the turkey for better flavor. 3. Prepare quinoa in bulk. 4. Cook broccoli. 5. Combine turkey with teriyaki. 6. Serve with quinoa. 7. Plate carefully and add garnish.
167,lentils_tortilla_167,lentils,tortilla,onion,pesto,622,18,115,10,12,6,772,49,weekend,lentils:200g; tortilla:150g; onion:100g; pesto:75g; oil:10g,oven,"batch-cooking, meal-prep, weekend, oven",1. Batch cook lentils (store for 2–3 meals). 2. Marinate the lentils for better flavor. 3. Prepare tortilla in bulk. 4. Cook onion. 5. Combine lentils with pesto. 6. Serve with tortilla. 7. Plate carefully and add garnish.
168,tofu_quinoa_168,tofu,quinoa,zucchini,tomato sauce,394,22,32,20,3,2,723,43,balanced,tofu:200g; quinoa:150g; zucchini:100g; tomato sauce:75g; oil:10g,oven,"batch-cooking, meal-prep, balanced, oven",1. Batch cook tofu (store for 2–3 meals). 2. Prepare quinoa in bulk. 3. Cook zucchini. 4. Combine tofu with tomato sauce. 5. Serve with quinoa.
169,salmon_quinoa_169,salmon,quinoa,zucchini,teriyaki,674,56,32,36,3,2,654,14,quick,salmon:200g; quinoa:150g; zucchini:100g; teriyaki:75g; oil:10g,oven,"batch-cooking, meal-prep, quick, oven",1. Batch cook salmon (store for 2–3 meals). 2. Prepare quinoa in bulk. 3. Cook zucchini. 4. Combine salmon with teriyaki. 5. Serve with quinoa.
170,pork_noodles_170,pork,noodles,broccoli,pesto,720,54,40,38,4,2,399,40,balanced,pork:200g; noodles:150g; broccoli:100g; pesto:75g; oil:10g,oven,"batch-cooking, meal-prep, balanced, oven",1. Batch cook pork (store for 2–3 meals). 2. Prepare noodles in bulk. 3. Cook broccoli. 4. Combine pork with pesto. 5. Serve with noodles.
171,turkey_quinoa_171,turkey,quinoa,peppers,pesto,508,64,32,14,3,2,778,34,balanced,turkey:200g; quinoa:150g; peppers:100g; pesto:75g; oil:10g,"microwave, oven","batch-cooking, meal-prep, balanced, microwave, oven",1. Batch cook turkey (store for 2–3 meals). 2. Prepare quinoa in bulk. 3. Cook peppers. 4. Combine turkey with pesto. 5. Serve with quinoa.
172,lentils_pasta_172,lentils,pasta,onion,soy sauce,472,18,78,10,8,4,528,73,weekend,lentils:200g; pasta:150g; onion:100g; soy sauce:75g; oil:10g,microwave,"batch-cooking, meal-prep, weekend, microwave",1. Batch cook lentils (store for 2–3 meals). 2. Marinate the lentils for better flavor. 3. Prepare pasta in bulk. 4. Cook onion. 5. Combine lentils with soy sauce. 6. Serve with pasta. 7. Plate carefully and add garnish.
173,chicken_quinoa_173,chicken,quinoa,onion,garlic sauce,560,68,32,18,3,2,600,42,balanced,chicken:200g; quinoa:150g; onion:100g; garlic sauce:75g; oil:10g,stovetop,"batch-cooking, meal-prep, balanced, stovetop",1. Batch cook chicken (store for 2–3 meals). 2. Prepare quinoa in bulk. 3. Cook onion. 4. Combine chicken with garlic sauce. 5. Serve with quinoa.
174,shrimp_pasta_174,shrimp,pasta,green beans,soy sauce,450,48,38,12,4,2,674,38,balanced,shrimp:200g; pasta:150g; green beans:100g; soy sauce:75g; oil:10g,"air fryer, microwave, slow cooker","batch-cooking, meal-prep, balanced, air fryer, microwave, slow cooker",1. Batch cook shrimp (store for 2–3 meals). 2. Prepare pasta in bulk. 3. Cook green beans. 4. Combine shrimp with soy sauce. 5. Serve with pasta.
175,beef_tortilla_175,beef,tortilla,green beans,teriyaki,868,52,75,40,8,4,777,10,quick,beef:200g; tortilla:150g; green beans:100g; teriyaki:75g; oil:10g,microwave,"batch-cooking, meal-prep, quick, microwave",1. Batch cook beef (store for 2–3 meals). 2. Prepare tortilla in bulk. 3. Cook green beans. 4. Combine beef with teriyaki. 5. Serve with tortilla.
176,pork_noodles_176,pork,noodles,carrots,soy sauce,720,54,40,38,4,2,530,24,quick,pork:200g; noodles:150g; carrots:100g; soy sauce:75g; oil:10g,"stovetop, slow cooker","batch-cooking, meal-prep, quick, stovetop, slow cooker",1. Batch cook pork (store for 2–3 meals). 2. Prepare noodles in bulk. 3. Cook carrots. 4. Combine pork with soy sauce. 5. Serve with noodles.
177,chicken_noodles_177,chicken,noodles,carrots,soy sauce,572,62,40,18,4,2,584,22,quick,chicken:200g; noodles:150g; carrots:100g; soy sauce:75g; oil:10g,"microwave, slow cooker","batch-cooking, meal-prep, quick, microwave, slow cooker",1. Batch cook chicken (store for 2–3 meals). 2. Prepare noodles in bulk. 3. Cook carrots. 4. Combine chicken with soy sauce. 5. Serve with noodles.
178,pork_pasta_178,pork,pasta,green beans,pesto,708,54,38,38,4,2,735,74,weekend,pork:200g; pasta:150g; green beans:100g; pesto:75g; oil:10g,"air fryer, stovetop, oven","batch-cooking, meal-prep, weekend, air fryer, stovetop, oven",1. Batch cook pork (store for 2–3 meals). 2. Marinate the pork for better flavor. 3. Prepare pasta in bulk. 4. Cook green beans. 5. Combine pork with pesto. 6. Serve with pasta. 7. Plate carefully and add garnish.
179,lentils_tortilla_179,lentils,tortilla,carrots,soy sauce,622,18,115,10,12,6,753,59,weekend,lentils:200g; tortilla:150g; carrots:100g; soy sauce:75g; oil:10g,air fryer,"batch-cooking, meal-prep, weekend, air fryer",1. Batch cook lentils (store for 2–3 meals). 2. Marinate the lentils for better flavor. 3. Prepare tortilla in bulk. 4. Cook carrots. 5. Combine lentils with soy sauce. 6. Serve with tortilla. 7. Plate carefully and add garnish.
180,salmon_potatoes_180,salmon,potatoes,spinach,teriyaki,626,50,26,36,3,1,536,25,quick,salmon:200g; potatoes:150g; spinach:100g; teriyaki:75g; oil:10g,stovetop,"batch-cooking, meal-prep, quick, stovetop",1. Batch cook salmon (store for 2–3 meals). 2. Prepare potatoes in bulk. 3. Cook spinach. 4. Combine salmon with teriyaki. 5. Serve with potatoes.
181,salmon_potatoes_181,salmon,potatoes,zucchini,cream sauce,626,50,26,36,3,1,366,12,quick,salmon:200g; potatoes:150g; zucchini:100g; cream sauce:75g; oil:10g,"microwave, stovetop, oven","batch-cooking, meal-prep, quick, microwave, stovetop, oven",1. Batch cook salmon (store for 2–3 meals). 2. Prepare potatoes in bulk. 3. Cook zucchini. 4. Combine salmon with cream sauce. 5. Serve with potatoes.
182,pork_tortilla_182,pork,tortilla,spinach,cream sauce,858,54,75,38,8,4,488,18,quick,pork:200g; tortilla:150g; spinach:100g; cream sauce:75g; oil:10g,slow cooker,"batch-cooking, meal-prep, quick, slow cooker",1. Batch cook pork (store for 2–3 meals). 2. Prepare tortilla in bulk. 3. Cook spinach. 4. Combine pork with cream sauce. 5. Serve with tortilla.
183,pork_quinoa_183,pork,quinoa,zucchini,teriyaki,708,60,32,38,3,2,455,16,quick,pork:200g; quinoa:150g; zucchini:100g; teriyaki:75g; oil:10g,"stovetop, oven, slow cooker","batch-cooking, meal-prep, quick, stovetop, oven, slow cooker",1. Batch cook pork (store for 2–3 meals). 2. Prepare quinoa in bulk. 3. Cook zucchini. 4. Combine pork with teriyaki. 5. Serve with quinoa.
184,tofu_potatoes_184,tofu,potatoes,carrots,tomato sauce,346,16,26,20,3,1,316,27,balanced,tofu:200g; potatoes:150g; carrots:100g; tomato sauce:75g; oil:10g,"air fryer, oven","batch-cooking, meal-prep, balanced, air fryer, oven",1. Batch cook tofu (store for 2–3 meals). 2. Prepare potatoes in bulk. 3. Cook carrots. 4. Combine tofu with tomato sauce. 5. Serve with potatoes.
185,lentils_potatoes_185,lentils,potatoes,carrots,cream sauce,424,18,66,10,7,3,501,14,quick,lentils:200g; potatoes:150g; carrots:100g; cream sauce:75g; oil:10g,microwave,"batch-cooking, meal-prep, quick, microwave",1. Batch cook lentils (store for 2–3 meals). 2. Prepare potatoes in bulk. 3. Cook carrots. 4. Combine lentils with cream sauce. 5. Serve with potatoes.
186,beef_rice_186,beef,rice,spinach,tomato sauce,736,52,42,40,4,2,401,31,balanced,beef:200g; rice:150g; spinach:100g; tomato sauce:75g; oil:10g,"microwave, slow cooker","batch-cooking, meal-prep, balanced, microwave, slow cooker",1. Batch cook beef (store for 2–3 meals). 2. Prepare rice in bulk. 3. Cook spinach. 4. Combine beef with tomato sauce. 5. Serve with rice.
187,beef_noodles_187,beef,noodles,broccoli,cream sauce,730,52,40,40,4,2,756,11,quick,beef:200g; noodles:150g; broccoli:100g; cream sauce:75g; oil:10g,"air fryer, oven","batch-cooking, meal-prep, quick, air fryer, oven",1. Batch cook beef (store for 2–3 meals). 2. Prepare noodles in bulk. 3. Cook broccoli. 4. Combine beef with cream sauce. 5. Serve with noodles.
188,turkey_pasta_188,turkey,pasta,broccoli,soy sauce,508,58,38,14,4,2,516,73,weekend,turkey:200g; pasta:150g; broccoli:100g; soy sauce:75g; oil:10g,"air fryer, microwave, stovetop","batch-cooking, meal-prep, weekend, air fryer, microwave, stovetop",1. Batch cook turkey (store for 2–3 meals). 2. Marinate the turkey for better flavor. 3. Prepare pasta in bulk. 4. Cook broccoli. 5. Combine turkey with soy sauce. 6. Serve with pasta. 7. Plate carefully and add garnish.
189,shrimp_noodles_189,shrimp,noodles,onion,teriyaki,462,48,40,12,4,2,321,15,quick,shrimp:200g; noodles:150g; onion:100g; teriyaki:75g; oil:10g,"oven, slow cooker","batch-cooking, meal-prep, quick, oven, slow cooker",1. Batch cook shrimp (store for 2–3 meals). 2. Prepare noodles in bulk. 3. Cook onion. 4. Combine shrimp with teriyaki. 5. Serve with noodles.
190,pork_quinoa_190,pork,quinoa,spinach,teriyaki,708,60,32,38,3,2,532,24,quick,pork:200g; quinoa:150g; spinach:100g; teriyaki:75g; oil:10g,"air fryer, oven","batch-cooking, meal-prep, quick, air fryer, oven",1. Batch cook pork (store for 2–3 meals). 2. Prepare quinoa in bulk. 3. Cook spinach. 4. Combine pork with teriyaki. 5. Serve with quinoa.
191,lentils_pasta_191,lentils,pasta,green beans,pesto,472,18,78,10,8,4,398,19,quick,lentils:200g; pasta:150g; green beans:100g; pesto:75g; oil:10g,microwave,"batch-cooking, meal-prep, quick, microwave",1. Batch cook lentils (store for 2–3 meals). 2. Prepare pasta in bulk. 3. Cook green beans. 4. Combine lentils with pesto. 5. Serve with pasta.
192,pork_tortilla_192,pork,tortilla,peppers,soy sauce,858,54,75,38,8,4,461,25,quick,pork:200g; tortilla:150g; peppers:100g; soy sauce:75g; oil:10g,oven,"batch-cooking, meal-prep, quick, oven",1. Batch cook pork (store for 2–3 meals). 2. Prepare tortilla in bulk. 3. Cook peppers. 4. Combine pork with soy sauce. 5. Serve with tortilla.
193,beef_potatoes_193,beef,potatoes,carrots,cream sauce,670,52,26,40,3,1,585,34,balanced,beef:200g; potatoes:150g; carrots:100g; cream sauce:75g; oil:10g,"stovetop, oven","batch-cooking, meal-prep, balanced, stovetop, oven",1. Batch cook beef (store for 2–3 meals). 2. Prepare potatoes in bulk. 3. Cook carrots. 4. Combine beef with cream sauce. 5. Serve with potatoes.
194,pork_potatoes_194,pork,potatoes,broccoli,pesto,660,54,26,38,3,1,321,30,balanced,pork:200g; potatoes:150g; broccoli:100g; pesto:75g; oil:10g,stovetop,"batch-cooking, meal-prep, balanced, stovetop",1. Batch cook pork (store for 2–3 meals). 2. Prepare potatoes in bulk. 3. Cook broccoli. 4. Combine pork with pesto. 5. Serve with potatoes.
195,beef_potatoes_195,beef,potatoes,carrots,tomato sauce,670,52,26,40,3,1,693,13,quick,beef:200g; potatoes:150g; carrots:100g; tomato sauce:75g; oil:10g,oven,"batch-cooking, meal-prep, quick, oven",1. Batch cook beef (store for 2–3 meals). 2. Prepare potatoes in bulk. 3. Cook carrots. 4. Combine beef with tomato sauce. 5. Serve with potatoes.
196,beef_potatoes_196,beef,potatoes,broccoli,garlic sauce,670,52,26,40,3,1,466,11,quick,beef:200g; potatoes:150g; broccoli:100g; garlic sauce:75g; oil:10g,"air fryer, microwave, slow cooker","batch-cooking, meal-prep, quick, air fryer, microwave, slow cooker",1. Batch cook beef (store for 2–3 meals). 2. Prepare potatoes in bulk. 3. Cook broccoli. 4. Combine beef with garlic sauce. 5. Serve with potatoes.
197,beef_pasta_197,beef,pasta,peppers,teriyaki,718,52,38,40,4,2,366,24,quick,beef:200g; pasta:150g; peppers:100g; teriyaki:75g; oil:10g,"air fryer, stovetop","batch-cooking, meal-prep, quick, air fryer, stovetop",1. Batch cook beef (store for 2–3 meals). 2. Prepare pasta in bulk. 3. Cook peppers. 4. Combine beef with teriyaki. 5. Serve with pasta.
198,shrimp_rice_198,shrimp,rice,green beans,soy sauce,468,48,42,12,4,2,738,16,quick,shrimp:200g; rice:150g; green beans:100g; soy sauce:75g; oil:10g,oven,"batch-cooking, meal-prep, quick, oven",1. Batch cook shrimp (store for 2–3 meals). 2. Prepare rice in bulk. 3. Cook green beans. 4. Combine shrimp with soy sauce. 5. Serve with rice.
199,beef_quinoa_199,beef,quinoa,green beans,garlic sauce,718,58,32,40,3,2,336,58,weekend,beef:200g; quinoa:150g; green beans:100g; garlic sauce:75g; oil:10g,"air fryer, microwave, oven","batch-cooking, meal-prep, weekend, air fryer, microwave, oven",1. Batch cook beef (store for 2–3 meals). 2. Marinate the beef for better flavor. 3. Prepare quinoa in bulk. 4. Cook green beans. 5. Combine beef with garlic sauce. 6. Serve with quinoa. 7. Plate carefully and add garnish.
200,chicken_rice_200,chicken,rice,carrots,cream sauce,578,62,42,18,4,2,691,24,quick,chicken:200g; rice:150g; carrots:100g; cream sauce:75g; oil:10g,"microwave, oven","batch-cooking, meal-prep, quick, microwave, oven",1. Batch cook chicken (store for 2–3 meals). 2. Prepare rice in bulk. 3. Cook carrots. 4. Combine chicken with cream sauce. 5. Serve with rice.
201,tofu_noodles_201,tofu,noodles,carrots,cream sauce,406,16,40,20,4,2,457,45,balanced,tofu:200g; noodles:150g; carrots:100g; cream sauce:75g; oil:10g,"air fryer, stovetop, oven","batch-cooking, meal-prep, balanced, air fryer, stovetop, oven",1. Batch cook tofu (store for 2–3 meals). 2. Prepare noodles in bulk. 3. Cook carrots. 4. Combine tofu with cream sauce. 5. Serve with noodles.
202,turkey_noodles_202,turkey,noodles,zucchini,pesto,520,58,40,14,4,2,384,71,weekend,turkey:200g; noodles:150g; zucchini:100g; pesto:75g; oil:10g,"oven, slow cooker","batch-cooking, meal-prep, weekend, oven, slow cooker",1. Batch cook turkey (store for 2–3 meals). 2. Marinate the turkey for better flavor. 3. Prepare noodles in bulk. 4. Cook zucchini. 5. Combine turkey with pesto. 6. Serve with noodles. 7. Plate carefully and add garnish.
203,lentils_tortilla_203,lentils,tortilla,green beans,soy sauce,622,18,115,10,12,6,326,25,quick,lentils:200g; tortilla:150g; green beans:100g; soy sauce:75g; oil:10g,oven,"batch-cooking, meal-prep, quick, oven",1. Batch cook lentils (store for 2–3 meals). 2. Prepare tortilla in bulk. 3. Cook green beans. 4. Combine lentils with soy sauce. 5. Serve with tortilla.
204,salmon_noodles_204,salmon,noodles,green beans,pesto,686,50,40,36,4,2,389,19,quick,salmon:200g; noodles:150g; green beans:100g; pesto:75g; oil:10g,"air fryer, slow cooker","batch-cooking, meal-prep, quick, air fryer, slow cooker",1. Batch cook salmon (store for 2–3 meals). 2. Prepare noodles in bulk. 3. Cook green beans. 4. Combine salmon with pesto. 5. Serve with noodles.
205,tofu_quinoa_205,tofu,quinoa,peppers,tomato sauce,394,22,32,20,3,2,581,49,weekend,tofu:200g; quinoa:150g; peppers:100g; tomato sauce:75g; oil:10g,slow cooker,"batch-cooking, meal-prep, weekend, slow cooker",1. Batch cook tofu (store for 2–3 meals). 2. Marinate the tofu for better flavor. 3. Prepare quinoa in bulk. 4. Cook peppers. 5. Combine tofu with tomato sauce. 6. Serve with quinoa. 7. Plate carefully and add garnish.
206,turkey_noodles_206,turkey,noodles,onion,cream sauce,520,58,40,14,4,2,562,45,balanced,turkey:200g; noodles:150g; onion:100g; cream sauce:75g; oil:10g,"air fryer, oven","batch-cooking, meal-prep, balanced, air fryer, oven",1. Batch cook turkey (store for 2–3 meals). 2. Prepare noodles in bulk. 3. Cook onion. 4. Combine turkey with cream sauce. 5. Serve with noodles.
207,chicken_noodles_207,chicken,noodles,green beans,soy sauce,572,62,40,18,4,2,374,16,quick,chicken:200g; noodles:150g; green beans:100g; soy sauce:75g; oil:10g,stovetop,"batch-cooking, meal-prep, quick, stovetop",1. Batch cook chicken (store for 2–3 meals). 2. Prepare noodles in bulk. 3. Cook green beans. 4. Combine chicken with soy sauce. 5. Serve with noodles.
208,tofu_noodles_208,tofu,noodles,broccoli,tomato sauce,406,16,40,20,4,2,709,20,quick,tofu:200g; noodles:150g; broccoli:100g; tomato sauce:75g; oil:10g,oven,"batch-cooking, meal-prep, quick, oven",1. Batch cook tofu (store for 2–3 meals). 2. Prepare noodles in bulk. 3. Cook broccoli. 4. Combine tofu with tomato sauce. 5. Serve with noodles.
209,tofu_rice_209,tofu,rice,spinach,pesto,412,16,42,20,4,2,717,21,quick,tofu:200g; rice:150g; spinach:100g; pesto:75g; oil:10g,"air fryer, microwave, slow cooker","batch-cooking, meal-prep, quick, air fryer, microwave, slow cooker",1. Batch cook tofu (store for 2–3 meals). 2. Prepare rice in bulk. 3. Cook spinach. 4. Combine tofu with pesto. 5. Serve with rice.
210,salmon_noodles_210,salmon,noodles,carrots,cream sauce,686,50,40,36,4,2,411,14,quick,salmon:200g; noodles:150g; carrots:100g; cream sauce:75g; oil:10g,stovetop,"batch-cooking, meal-prep, quick, stovetop",1. Batch cook salmon (store for 2–3 meals). 2. Prepare noodles in bulk. 3. Cook carrots. 4. Combine salmon with cream sauce. 5. Serve with noodles.
211,beef_pasta_211,beef,pasta,green beans,garlic sauce,718,52,38,40,4,2,679,88,weekend,beef:200g; pasta:150g; green beans:100g; garlic sauce:75g; oil:10g,"air fryer, oven","batch-cooking, meal-prep, weekend, air fryer, oven",1. Batch cook beef (store for 2–3 meals). 2. Marinate the beef for better flavor. 3. Prepare pasta in bulk. 4. Cook green beans. 5. Combine beef with garlic sauce. 6. Serve with pasta. 7. Plate carefully and add garnish.
212,salmon_quinoa_212,salmon,quinoa,onion,cream sauce,674,56,32,36,3,2,695,16,quick,salmon:200g; quinoa:150g; onion:100g; cream sauce:75g; oil:10g,"microwave, stovetop","batch-cooking, meal-prep, quick, microwave, stovetop",1. Batch cook salmon (store for 2–3 meals). 2. Prepare quinoa in bulk. 3. Cook onion. 4. Combine salmon with cream sauce. 5. Serve with quinoa.
213,salmon_noodles_213,salmon,noodles,peppers,tomato sauce,686,50,40,36,4,2,322,10,quick,salmon:200g; noodles:150g; peppers:100g; tomato sauce:75g; oil:10g,"air fryer, stovetop, slow cooker","batch-cooking, meal-prep, quick, air fryer, stovetop, slow cooker",1. Batch cook salmon (store for 2–3 meals). 2. Prepare noodles in bulk. 3. Cook peppers. 4. Combine salmon with tomato sauce. 5. Serve with noodles.
214,lentils_potatoes_214,lentils,potatoes,spinach,pesto,424,18,66,10,7,3,798,12,quick,lentils:200g; potatoes:150g; spinach:100g; pesto:75g; oil:10g,slow cooker,"batch-cooking, meal-prep, quick, slow cooker",1. Batch cook lentils (store for 2–3 meals). 2. Prepare potatoes in bulk. 3. Cook spinach. 4. Combine lentils with pesto. 5. Serve with potatoes.
215,tofu_tortilla_215,tofu,tortilla,carrots,cream sauce,544,16,75,20,8,4,759,72,weekend,tofu:200g; tortilla:150g; carrots:100g; cream sauce:75g; oil:10g,"microwave, oven","batch-cooking, meal-prep, weekend, microwave, oven",1. Batch cook tofu (store for 2–3 meals). 2. Marinate the tofu for better flavor. 3. Prepare tortilla in bulk. 4. Cook carrots. 5. Combine tofu with cream sauce. 6. Serve with tortilla. 7. Plate carefully and add garnish.
216,salmon_potatoes_216,salmon,potatoes,spinach,cream sauce,626,50,26,36,3,1,438,33,balanced,salmon:200g; potatoes:150g; spinach:100g; cream sauce:75g; oil:10g,"air fryer, slow cooker","batch-cooking, meal-prep, balanced, air fryer, slow cooker",1. Batch cook salmon (store for 2–3 meals). 2. Prepare potatoes in bulk. 3. Cook spinach. 4. Combine salmon with cream sauce. 5. Serve with potatoes.
217,beef_quinoa_217,beef,quinoa,spinach,tomato sauce,718,58,32,40,3,2,331,61,weekend,beef:200g; quinoa:150g; spinach:100g; tomato sauce:75g; oil:10g,"microwave, stovetop, oven","batch-cooking, meal-prep, weekend, microwave, stovetop, oven",1. Batch cook beef (store for 2–3 meals). 2. Marinate the beef for better flavor. 3. Prepare quinoa in bulk. 4. Cook spinach. 5. Combine beef with tomato sauce. 6. Serve with quinoa. 7. Plate carefully and add garnish.
218,beef_quinoa_218,beef,quinoa,broccoli,tomato sauce,718,58,32,40,3,2,671,25,quick,beef:200g; quinoa:150g; broccoli:100g; tomato sauce:75g; oil:10g,"microwave, stovetop, oven","batch-cooking, meal-prep, quick, microwave, stovetop, oven",1. Batch cook beef (store for 2–3 meals). 2. Prepare quinoa in bulk. 3. Cook broccoli. 4. Combine beef with tomato sauce. 5. Serve with quinoa.
219,shrimp_tortilla_219,shrimp,tortilla,zucchini,tomato sauce,600,48,75,12,8,4,440,24,quick,shrimp:200g; tortilla:150g; zucchini:100g; tomato sauce:75g; oil:10g,oven,"batch-cooking, meal-prep, quick, oven",1. Batch cook shrimp (store for 2–3 meals). 2. Prepare tortilla in bulk. 3. Cook zucchini. 4. Combine shrimp with tomato sauce. 5. Serve with tortilla.
220,turkey_pasta_220,turkey,pasta,peppers,pesto,508,58,38,14,4,2,598,36,balanced,turkey:200g; pasta:150g; peppers:100g; pesto:75g; oil:10g,"microwave, stovetop, slow cooker","batch-cooking, meal-prep, balanced, microwave, stovetop, slow cooker",1. Batch cook turkey (store for 2–3 meals). 2. Prepare pasta in bulk. 3. Cook peppers. 4. Combine turkey with pesto. 5. Serve with pasta.
221,salmon_tortilla_221,salmon,tortilla,green beans,cream sauce,824,50,75,36,8,4,629,22,quick,salmon:200g; tortilla:150g; green beans:100g; cream sauce:75g; oil:10g,slow cooker,"batch-cooking, meal-prep, quick, slow cooker",1. Batch cook salmon (store for 2–3 meals). 2. Prepare tortilla in bulk. 3. Cook green beans. 4. Combine salmon with cream sauce. 5. Serve with tortilla.
222,lentils_tortilla_222,lentils,tortilla,green beans,tomato sauce,622,18,115,10,12,6,705,22,quick,lentils:200g; tortilla:150g; green beans:100g; tomato sauce:75g; oil:10g,slow cooker,"batch-cooking, meal-prep, quick, slow cooker",1. Batch cook lentils (store for 2–3 meals). 2. Prepare tortilla in bulk. 3. Cook green beans. 4. Combine lentils with tomato sauce. 5. Serve with tortilla.
223,turkey_rice_223,turkey,rice,onion,tomato sauce,526,58,42,14,4,2,434,78,weekend,turkey:200g; rice:150g; onion:100g; tomato sauce:75g; oil:10g,"air fryer, slow cooker","batch-cooking, meal-prep, weekend, air fryer, slow cooker",1. Batch cook turkey (store for 2–3 meals). 2. Marinate the turkey for better flavor. 3. Prepare rice in bulk. 4. Cook onion. 5. Combine turkey with tomato sauce. 6. Serve with rice. 7. Plate carefully and add garnish.
224,salmon_pasta_224,salmon,pasta,zucchini,pesto,674,50,38,36,4,2,570,35,balanced,salmon:200g; pasta:150g; zucchini:100g; pesto:75g; oil:10g,"microwave, stovetop","batch-cooking, meal-prep, balanced, microwave, stovetop",1. Batch cook salmon (store for 2–3 meals). 2. Prepare pasta in bulk. 3. Cook zucchini. 4. Combine salmon with pesto. 5. Serve with pasta.
225,pork_rice_225,pork,rice,onion,teriyaki,726,54,42,38,4,2,388,43,balanced,pork:200g; rice:150g; onion:100g; teriyaki:75g; oil:10g,"stovetop, oven","batch-cooking, meal-prep, balanced, stovetop, oven",1. Batch cook pork (store for 2–3 meals). 2. Prepare rice in bulk. 3. Cook onion. 4. Combine pork with teriyaki. 5. Serve with rice.
226,turkey_quinoa_226,turkey,quinoa,spinach,garlic sauce,508,64,32,14,3,2,753,77,weekend,turkey:200g; quinoa:150g; spinach:100g; garlic sauce:75g; oil:10g,"microwave, oven","batch-cooking, meal-prep, weekend, microwave, oven",1. Batch cook turkey (store for 2–3 meals). 2. Marinate the turkey for better flavor. 3. Prepare quinoa in bulk. 4. Cook spinach. 5. Combine turkey with garlic sauce. 6. Serve with quinoa. 7. Plate carefully and add garnish.
227,shrimp_potatoes_227,shrimp,potatoes,carrots,garlic sauce,402,48,26,12,3,1,578,11,quick,shrimp:200g; potatoes:150g; carrots:100g; garlic sauce:75g; oil:10g,"microwave, oven","batch-cooking, meal-prep, quick, microwave, oven",1. Batch cook shrimp (store for 2–3 meals). 2. Prepare potatoes in bulk. 3. Cook carrots. 4. Combine shrimp with garlic sauce. 5. Serve with potatoes.
228,pork_potatoes_228,pork,potatoes,green beans,teriyaki,660,54,26,38,3,1,328,17,quick,pork:200g; potatoes:150g; green beans:100g; teriyaki:75g; oil:10g,"air fryer, stovetop, slow cooker","batch-cooking, meal-prep, quick, air fryer, stovetop, slow cooker",1. Batch cook pork (store for 2–3 meals). 2. Prepare potatoes in bulk. 3. Cook green beans. 4. Combine pork with teriyaki. 5. Serve with potatoes.
229,tofu_noodles_229,tofu,noodles,broccoli,soy sauce,406,16,40,20,4,2,370,25,quick,tofu:200g; noodles:150g; broccoli:100g; soy sauce:75g; oil:10g,"air fryer, stovetop","batch-cooking, meal-prep, quick, air fryer, stovetop",1. Batch cook tofu (store for 2–3 meals). 2. Prepare noodles in bulk. 3. Cook broccoli. 4. Combine tofu with soy sauce. 5. Serve with noodles.
230,pork_pasta_230,pork,pasta,carrots,garlic sauce,708,54,38,38,4,2,622,18,quick,pork:200g; pasta:150g; carrots:100g; garlic sauce:75g; oil:10g,"air fryer, stovetop, oven","batch-cooking, meal-prep, quick, air fryer, stovetop, oven",1. Batch cook pork (store for 2–3 meals). 2. Prepare pasta in bulk. 3. Cook carrots. 4. Combine pork with garlic sauce. 5. Serve with pasta.
231,beef_noodles_231,beef,noodles,spinach,soy sauce,730,52,40,40,4,2,701,11,quick,beef:200g; noodles:150g; spinach:100g; soy sauce:75g; oil:10g,microwave,"batch-cooking, meal-prep, quick, microwave",1. Batch cook beef (store for 2–3 meals). 2. Prepare noodles in bulk. 3. Cook spinach. 4. Combine beef with soy sauce. 5. Serve with noodles.
232,salmon_quinoa_232,salmon,quinoa,spinach,teriyaki,674,56,32,36,3,2,715,19,quick,salmon:200g; quinoa:150g; spinach:100g; teriyaki:75g; oil:10g,"microwave, stovetop, slow cooker","batch-cooking, meal-prep, quick, microwave, stovetop, slow cooker",1. Batch cook salmon (store for 2–3 meals). 2. Prepare quinoa in bulk. 3. Cook spinach. 4. Combine salmon with teriyaki. 5. Serve with quinoa.
233,shrimp_potatoes_233,shrimp,potatoes,onion,soy sauce,402,48,26,12,3,1,752,20,quick,shrimp:200g; potatoes:150g; onion:100g; soy sauce:75g; oil:10g,"microwave, stovetop, oven","batch-cooking, meal-prep, quick, microwave, stovetop, oven",1. Batch cook shrimp (store for 2–3 meals). 2. Prepare potatoes in bulk. 3. Cook onion. 4. Combine shrimp with soy sauce. 5. Serve with potatoes.
234,tofu_pasta_234,tofu,pasta,onion,pesto,394,16,38,20,4,2,576,43,balanced,tofu:200g; pasta:150g; onion:100g; pesto:75g; oil:10g,slow cooker,"batch-cooking, meal-prep, balanced, slow cooker",1. Batch cook tofu (store for 2–3 meals). 2. Prepare pasta in bulk. 3. Cook onion. 4. Combine tofu with pesto. 5. Serve with pasta.
235,pork_noodles_235,pork,noodles,green beans,soy sauce,720,54,40,38,4,2,770,57,weekend,pork:200g; noodles:150g; green beans:100g; soy sauce:75g; oil:10g,stovetop,"batch-cooking, meal-prep, weekend, stovetop",1. Batch cook pork (store for 2–3 meals). 2. Marinate the pork for better flavor. 3. Prepare noodles in bulk. 4. Cook green beans. 5. Combine pork with soy sauce. 6. Serve with noodles. 7. Plate carefully and add garnish.
236,lentils_tortilla_236,lentils,tortilla,carrots,teriyaki,622,18,115,10,12,6,342,21,quick,lentils:200g; tortilla:150g; carrots:100g; teriyaki:75g; oil:10g,"air fryer, oven","batch-cooking, meal-prep, quick, air fryer, oven",1. Batch cook lentils (store for 2–3 meals). 2. Prepare tortilla in bulk. 3. Cook carrots. 4. Combine lentils with teriyaki. 5. Serve with tortilla.
237,pork_tortilla_237,pork,tortilla,zucchini,tomato sauce,858,54,75,38,8,4,491,20,quick,pork:200g; tortilla:150g; zucchini:100g; tomato sauce:75g; oil:10g,"microwave, stovetop, oven","batch-cooking, meal-prep, quick, microwave, stovetop, oven",1. Batch cook pork (store for 2–3 meals). 2. Prepare tortilla in bulk. 3. Cook zucchini. 4. Combine pork with tomato sauce. 5. Serve with tortilla.
238,shrimp_tortilla_238,shrimp,tortilla,broccoli,pesto,600,48,75,12,8,4,480,12,quick,shrimp:200g; tortilla:150g; broccoli:100g; pesto:75g; oil:10g,air fryer,"batch-cooking, meal-prep, quick, air fryer",1. Batch cook shrimp (store for 2–3 meals). 2. Prepare tortilla in bulk. 3. Cook broccoli. 4. Combine shrimp with pesto. 5. Serve with tortilla.
239,shrimp_quinoa_239,shrimp,quinoa,green beans,garlic sauce,450,54,32,12,3,2,515,40,balanced,shrimp:200g; quinoa:150g; green beans:100g; garlic sauce:75g; oil:10g,"air fryer, stovetop, oven","batch-cooking, meal-prep, balanced, air fryer, stovetop, oven",1. Batch cook shrimp (store for 2–3 meals). 2. Prepare quinoa in bulk. 3. Cook green beans. 4. Combine shrimp with garlic sauce. 5. Serve with quinoa.
240,tofu_tortilla_240,tofu,tortilla,spinach,teriyaki,544,16,75,20,8,4,445,21,quick,tofu:200g; tortilla:150g; spinach:100g; teriyaki:75g; oil:10g,microwave,"batch-cooking, meal-prep, quick, microwave",1. Batch cook tofu (store for 2–3 meals). 2. Prepare tortilla in bulk. 3. Cook spinach. 4. Combine tofu with teriyaki. 5. Serve with tortilla.
241,turkey_noodles_241,turkey,noodles,onion,tomato sauce,520,58,40,14,4,2,721,54,weekend,turkey:200g; noodles:150g; onion:100g; tomato sauce:75g; oil:10g,"air fryer, stovetop, slow cooker","batch-cooking, meal-prep, weekend, air fryer, stovetop, slow cooker",1. Batch cook turkey (store for 2–3 meals). 2. Marinate the turkey for better flavor. 3. Prepare noodles in bulk. 4. Cook onion. 5. Combine turkey with tomato sauce. 6. Serve with noodles. 7. Plate carefully and add garnish.
242,tofu_pasta_242,tofu,pasta,zucchini,tomato sauce,394,16,38,20,4,2,454,11,quick,tofu:200g; pasta:150g; zucchini:100g; tomato sauce:75g; oil:10g,"stovetop, oven","batch-cooking, meal-prep, quick, stovetop, oven",1. Batch cook tofu (store for 2–3 meals). 2. Prepare pasta in bulk. 3. Cook zucchini. 4. Combine tofu with tomato sauce. 5. Serve with pasta.
243,beef_quinoa_243,beef,quinoa,green beans,cream sauce,718,58,32,40,3,2,455,43,balanced,beef:200g; quinoa:150g; green beans:100g; cream sauce:75g; oil:10g,"air fryer, oven","batch-cooking, meal-prep, balanced, air fryer, oven",1. Batch cook beef (store for 2–3 meals). 2. Prepare quinoa in bulk. 3. Cook green beans. 4. Combine beef with cream sauce. 5. Serve with quinoa.
244,salmon_quinoa_244,salmon,quinoa,onion,teriyaki,674,56,32,36,3,2,765,24,quick,salmon:200g; quinoa:150g; onion:100g; teriyaki:75g; oil:10g,"air fryer, microwave, stovetop","batch-cooking, meal-prep, quick, air fryer, microwave, stovetop",1. Batch cook salmon (store for 2–3 meals). 2. Prepare quinoa in bulk. 3. Cook onion. 4. Combine salmon with teriyaki. 5. Serve with quinoa.
245,salmon_quinoa_245,salmon,quinoa,onion,teriyaki,674,56,32,36,3,2,603,20,quick,salmon:200g; quinoa:150g; onion:100g; teriyaki:75g; oil:10g,"air fryer, microwave, slow cooker","batch-cooking, meal-prep, quick, air fryer, microwave, slow cooker",1. Batch cook salmon (store for 2–3 meals). 2. Prepare quinoa in bulk. 3. Cook onion. 4. Combine salmon with teriyaki. 5. Serve with quinoa.
246,shrimp_noodles_246,shrimp,noodles,broccoli,tomato sauce,462,48,40,12,4,2,630,66,weekend,shrimp:200g; noodles:150g; broccoli:100g; tomato sauce:75g; oil:10g,"air fryer, stovetop, oven","batch-cooking, meal-prep, weekend, air fryer, stovetop, oven",1. Batch cook shrimp (store for 2–3 meals). 2. Marinate the shrimp for better flavor. 3. Prepare noodles in bulk. 4. Cook broccoli. 5. Combine shrimp with tomato sauce. 6. Serve with noodles. 7. Plate carefully and add garnish.
247,lentils_noodles_247,lentils,noodles,spinach,soy sauce,484,18,80,10,8,4,320,20,quick,lentils:200g; noodles:150g; spinach:100g; soy sauce:75g; oil:10g,"air fryer, stovetop","batch-cooking, meal-prep, quick, air fryer, stovetop",1. Batch cook lentils (store for 2–3 meals). 2. Prepare noodles in bulk. 3. Cook spinach. 4. Combine lentils with soy sauce. 5. Serve with noodles.
248,shrimp_rice_248,shrimp,rice,zucchini,cream sauce,468,48,42,12,4,2,340,26,balanced,shrimp:200g; rice:150g; zucchini:100g; cream sauce:75g; oil:10g,slow cooker,"batch-cooking, meal-prep, balanced, slow cooker",1. Batch cook shrimp (store for 2–3 meals). 2. Prepare rice in bulk. 3. Cook zucchini. 4. Combine shrimp with cream sauce. 5. Serve with rice.
249,salmon_noodles_249,salmon,noodles,peppers,tomato sauce,686,50,40,36,4,2,418,49,weekend,salmon:200g; noodles:150g; peppers:100g; tomato sauce:75g; oil:10g,"air fryer, microwave, stovetop","batch-cooking, meal-prep, weekend, air fryer, microwave, stovetop",1. Batch cook salmon (store for 2–3 meals). 2. Marinate the salmon for better flavor. 3. Prepare noodles in bulk. 4. Cook peppers. 5. Combine salmon with tomato sauce. 6. Serve with noodles. 7. Plate carefully and add garnish.
250,pork_quinoa_250,pork,quinoa,spinach,tomato sauce,708,60,32,38,3,2,435,32,balanced,pork:200g; quinoa:150g; spinach:100g; tomato sauce:75g; oil:10g,air fryer,"batch-cooking, meal-prep, balanced, air fryer",1. Batch cook pork (store for 2–3 meals). 2. Prepare quinoa in bulk. 3. Cook spinach. 4. Combine pork with tomato sauce. 5. Serve with quinoa.
251,shrimp_noodles_251,shrimp,noodles,broccoli,soy sauce,462,48,40,12,4,2,781,13,quick,shrimp:200g; noodles:150g; broccoli:100g; soy sauce:75g; oil:10g,"air fryer, microwave, oven","batch-cooking, meal-prep, quick, air fryer, microwave, oven",1. Batch cook shrimp (store for 2–3 meals). 2. Prepare noodles in bulk. 3. Cook broccoli. 4. Combine shrimp with soy sauce. 5. Serve with noodles.
252,pork_pasta_252,pork,pasta,peppers,garlic sauce,708,54,38,38,4,2,351,28,balanced,pork:200g; pasta:150g; peppers:100g; garlic sauce:75g; oil:10g,"air fryer, microwave, stovetop","batch-cooking, meal-prep, balanced, air fryer, microwave, stovetop",1. Batch cook pork (store for 2–3 meals). 2. Prepare pasta in bulk. 3. Cook peppers. 4. Combine pork with garlic sauce. 5. Serve with pasta.
253,lentils_quinoa_253,lentils,quinoa,spinach,soy sauce,472,24,72,10,7,4,656,14,quick,lentils:200g; quinoa:150g; spinach:100g; soy sauce:75g; oil:10g,oven,"batch-cooking, meal-prep, quick, oven",1. Batch cook lentils (store for 2–3 meals). 2. Prepare quinoa in bulk. 3. Cook spinach. 4. Combine lentils with soy sauce. 5. Serve with quinoa.
254,salmon_noodles_254,salmon,noodles,peppers,garlic sauce,686,50,40,36,4,2,604,76,weekend,salmon:200g; noodles:150g; peppers:100g; garlic sauce:75g; oil:10g,"oven, slow cooker","batch-cooking, meal-prep, weekend, oven, slow cooker",1. Batch cook salmon (store for 2–3 meals). 2. Marinate the salmon for better flavor. 3. Prepare noodles in bulk. 4. Cook peppers. 5. Combine salmon with garlic sauce. 6. Serve with noodles. 7. Plate carefully and add garnish.
255,salmon_quinoa_255,salmon,quinoa,spinach,soy sauce,674,56,32,36,3,2,308,23,quick,salmon:200g; quinoa:150g; spinach:100g; soy sauce:75g; oil:10g,"air fryer, stovetop, oven","batch-cooking, meal-prep, quick, air fryer, stovetop, oven",1. Batch cook salmon (store for 2–3 meals). 2. Prepare quinoa in bulk. 3. Cook spinach. 4. Combine salmon with soy sauce. 5. Serve with quinoa.
256,pork_tortilla_256,pork,tortilla,green beans,soy sauce,858,54,75,38,8,4,668,11,quick,pork:200g; tortilla:150g; green beans:100g; soy sauce:75g; oil:10g,"microwave, oven, slow cooker","batch-cooking, meal-prep, quick, microwave, oven, slow cooker",1. Batch cook pork (store for 2–3 meals). 2. Prepare tortilla in bulk. 3. Cook green beans. 4. Combine pork with soy sauce. 5. Serve with tortilla.
257,shrimp_potatoes_257,shrimp,potatoes,green beans,teriyaki,402,48,26,12,3,1,731,34,balanced,shrimp:200g; potatoes:150g; green beans:100g; teriyaki:75g; oil:10g,microwave,"batch-cooking, meal-prep, balanced, microwave",1. Batch cook shrimp (store for 2–3 meals). 2. Prepare potatoes in bulk. 3. Cook green beans. 4. Combine shrimp with teriyaki. 5. Serve with potatoes.
258,tofu_potatoes_258,tofu,potatoes,spinach,soy sauce,346,16,26,20,3,1,514,26,balanced,tofu:200g; potatoes:150g; spinach:100g; soy sauce:75g; oil:10g,"stovetop, oven, slow cooker","batch-cooking, meal-prep, balanced, stovetop, oven, slow cooker",1. Batch cook tofu (store for 2–3 meals). 2. Prepare potatoes in bulk. 3. Cook spinach. 4. Combine tofu with soy sauce. 5. Serve with potatoes.
259,pork_pasta_259,pork,pasta,spinach,tomato sauce,708,54,38,38,4,2,548,33,balanced,pork:200g; pasta:150g; spinach:100g; tomato sauce:75g; oil:10g,slow cooker,"batch-cooking, meal-prep, balanced, slow cooker",1. Batch cook pork (store for 2–3 meals). 2. Prepare pasta in bulk. 3. Cook spinach. 4. Combine pork with tomato sauce. 5. Serve with pasta.
260,turkey_potatoes_260,turkey,potatoes,onion,teriyaki,460,58,26,14,3,1,411,33,balanced,turkey:200g; potatoes:150g; onion:100g; teriyaki:75g; oil:10g,"stovetop, oven, slow cooker","batch-cooking, meal-prep, balanced, stovetop, oven, slow cooker",1. Batch cook turkey (store for 2–3 meals). 2. Prepare potatoes in bulk. 3. Cook onion. 4. Combine turkey with teriyaki. 5. Serve with potatoes.
261,lentils_tortilla_261,lentils,tortilla,carrots,pesto,622,18,115,10,12,6,533,24,quick,lentils:200g; tortilla:150g; carrots:100g; pesto:75g; oil:10g,"microwave, stovetop, oven","batch-cooking, meal-prep, quick, microwave, stovetop, oven",1. Batch cook lentils (store for 2–3 meals). 2. Prepare tortilla in bulk. 3. Cook carrots. 4. Combine lentils with pesto. 5. Serve with tortilla.
262,salmon_rice_262,salmon,rice,carrots,garlic sauce,692,50,42,36,4,2,368,18,quick,salmon:200g; rice:150g; carrots:100g; garlic sauce:75g; oil:10g,"microwave, stovetop","batch-cooking, meal-prep, quick, microwave, stovetop",1. Batch cook salmon (store for 2–3 meals). 2. Prepare rice in bulk. 3. Cook carrots. 4. Combine salmon with garlic sauce. 5. Serve with rice.
263,lentils_quinoa_263,lentils,quinoa,zucchini,tomato sauce,472,24,72,10,7,4,774,14,quick,lentils:200g; quinoa:150g; zucchini:100g; tomato sauce:75g; oil:10g,"microwave, stovetop","batch-cooking, meal-prep, quick, microwave, stovetop",1. Batch cook lentils (store for 2–3 meals). 2. Prepare quinoa in bulk. 3. Cook zucchini. 4. Combine lentils with tomato sauce. 5. Serve with quinoa.
264,chicken_potatoes_264,chicken,potatoes,zucchini,soy sauce,512,62,26,18,3,1,505,69,weekend,chicken:200g; potatoes:150g; zucchini:100g; soy sauce:75g; oil:10g,microwave,"batch-cooking, meal-prep, weekend, microwave",1. Batch cook chicken (store for 2–3 meals). 2. Marinate the chicken for better flavor. 3. Prepare potatoes in bulk. 4. Cook zucchini. 5. Combine chicken with soy sauce. 6. Serve with potatoes. 7. Plate carefully and add garnish.
265,turkey_potatoes_265,turkey,potatoes,broccoli,teriyaki,460,58,26,14,3,1,609,36,balanced,turkey:200g; potatoes:150g; broccoli:100g; teriyaki:75g; oil:10g,stovetop,"batch-cooking, meal-prep, balanced, stovetop",1. Batch cook turkey (store for 2–3 meals). 2. Prepare potatoes in bulk. 3. Cook broccoli. 4. Combine turkey with teriyaki. 5. Serve with potatoes.
266,beef_tortilla_266,beef,tortilla,zucchini,pesto,868,52,75,40,8,4,796,43,balanced,beef:200g; tortilla:150g; zucchini:100g; pesto:75g; oil:10g,"oven, slow cooker","batch-cooking, meal-prep, balanced, oven, slow cooker",1. Batch cook beef (store for 2–3 meals). 2. Prepare tortilla in bulk. 3. Cook zucchini. 4. Combine beef with pesto. 5. Serve with tortilla.
267,pork_rice_267,pork,rice,green beans,tomato sauce,726,54,42,38,4,2,679,33,balanced,pork:200g; rice:150g; green beans:100g; tomato sauce:75g; oil:10g,"air fryer, microwave, slow cooker","batch-cooking, meal-prep, balanced, air fryer, microwave, slow cooker",1. Batch cook pork (store for 2–3 meals). 2. Prepare rice in bulk. 3. Cook green beans. 4. Combine pork with tomato sauce. 5. Serve with rice.
268,lentils_potatoes_268,lentils,potatoes,carrots,pesto,424,18,66,10,7,3,531,44,balanced,lentils:200g; potatoes:150g; carrots:100g; pesto:75g; oil:10g,slow cooker,"batch-cooking, meal-prep, balanced, slow cooker",1. Batch cook lentils (store for 2–3 meals). 2. Prepare potatoes in bulk. 3. Cook carrots. 4. Combine lentils with pesto. 5. Serve with potatoes.
269,beef_pasta_269,beef,pasta,carrots,teriyaki,718,52,38,40,4,2,380,10,quick,beef:200g; pasta:150g; carrots:100g; teriyaki:75g; oil:10g,"air fryer, stovetop, oven","batch-cooking, meal-prep, quick, air fryer, stovetop, oven",1. Batch cook beef (store for 2–3 meals). 2. Prepare pasta in bulk. 3. Cook carrots. 4. Combine beef with teriyaki. 5. Serve with pasta.
270,chicken_potatoes_270,chicken,potatoes,peppers,cream sauce,512,62,26,18,3,1,721,15,quick,chicken:200g; potatoes:150g; peppers:100g; cream sauce:75g; oil:10g,"stovetop, oven","batch-cooking, meal-prep, quick, stovetop, oven",1. Batch cook chicken (store for 2–3 meals). 2. Prepare potatoes in bulk. 3. Cook peppers. 4. Combine chicken with cream sauce. 5. Serve with potatoes.
271,lentils_pasta_271,lentils,pasta,peppers,garlic sauce,472,18,78,10,8,4,467,21,quick,lentils:200g; pasta:150g; peppers:100g; garlic sauce:75g; oil:10g,"air fryer, stovetop, oven","batch-cooking, meal-prep, quick, air fryer, stovetop, oven",1. Batch cook lentils (store for 2–3 meals). 2. Prepare pasta in bulk. 3. Cook peppers. 4. Combine lentils with garlic sauce. 5. Serve with pasta.
272,salmon_potatoes_272,salmon,potatoes,carrots,tomato sauce,626,50,26,36,3,1,610,34,balanced,salmon:200g; potatoes:150g; carrots:100g; tomato sauce:75g; oil:10g,slow cooker,"batch-cooking, meal-prep, balanced, slow cooker",1. Batch cook salmon (store for 2–3 meals). 2. Prepare potatoes in bulk. 3. Cook carrots. 4. Combine salmon with tomato sauce. 5. Serve with potatoes.
273,lentils_rice_273,lentils,rice,spinach,teriyaki,490,18,82,10,8,4,515,25,balanced,lentils:200g; rice:150g; spinach:100g; teriyaki:75g; oil:10g,"stovetop, oven, slow cooker","batch-cooking, meal-prep, balanced, stovetop, oven, slow cooker",1. Batch cook lentils (store for 2–3 meals). 2. Prepare rice in bulk. 3. Cook spinach. 4. Combine lentils with teriyaki. 5. Serve with rice.
274,turkey_quinoa_274,turkey,quinoa,peppers,tomato sauce,508,64,32,14,3,2,566,28,balanced,turkey:200g; quinoa:150g; peppers:100g; tomato sauce:75g; oil:10g,"air fryer, microwave, stovetop","batch-cooking, meal-prep, balanced, air fryer, microwave, stovetop",1. Batch cook turkey (store for 2–3 meals). 2. Prepare quinoa in bulk. 3. Cook peppers. 4. Combine turkey with tomato sauce. 5. Serve with quinoa.
275,salmon_noodles_275,salmon,noodles,carrots,soy sauce,686,50,40,36,4,2,462,16,quick,salmon:200g; noodles:150g; carrots:100g; soy sauce:75g; oil:10g,"microwave, stovetop, slow cooker","batch-cooking, meal-prep, quick, microwave, stovetop, slow cooker",1. Batch cook salmon (store for 2–3 meals). 2. Prepare noodles in bulk. 3. Cook carrots. 4. Combine salmon with soy sauce. 5. Serve with noodles.
276,lentils_tortilla_276,lentils,tortilla,carrots,garlic sauce,622,18,115,10,12,6,431,21,quick,lentils:200g; tortilla:150g; carrots:100g; garlic sauce:75g; oil:10g,"air fryer, microwave, stovetop","batch-cooking, meal-prep, quick, air fryer, microwave, stovetop",1. Batch cook lentils (store for 2–3 meals). 2. Prepare tortilla in bulk. 3. Cook carrots. 4. Combine lentils with garlic sauce. 5. Serve with tortilla.
277,beef_rice_277,beef,rice,spinach,soy sauce,736,52,42,40,4,2,323,42,balanced,beef:200g; rice:150g; spinach:100g; soy sauce:75g; oil:10g,"air fryer, oven, slow cooker","batch-cooking, meal-prep, balanced, air fryer, oven, slow cooker",1. Batch cook beef (store for 2–3 meals). 2. Prepare rice in bulk. 3. Cook spinach. 4. Combine beef with soy sauce. 5. Serve with rice.
278,pork_tortilla_278,pork,tortilla,onion,pesto,858,54,75,38,8,4,618,27,balanced,pork:200g; tortilla:150g; onion:100g; pesto:75g; oil:10g,microwave,"batch-cooking, meal-prep, balanced, microwave",1. Batch cook pork (store for 2–3 meals). 2. Prepare tortilla in bulk. 3. Cook onion. 4. Combine pork with pesto. 5. Serve with tortilla.
279,beef_quinoa_279,beef,quinoa,green beans,soy sauce,718,58,32,40,3,2,348,23,quick,beef:200g; quinoa:150g; green beans:100g; soy sauce:75g; oil:10g,air fryer,"batch-cooking, meal-prep, quick, air fryer",1. Batch cook beef (store for 2–3 meals). 2. Prepare quinoa in bulk. 3. Cook green beans. 4. Combine beef with soy sauce. 5. Serve with quinoa.
280,turkey_quinoa_280,turkey,quinoa,zucchini,teriyaki,508,64,32,14,3,2,741,33,balanced,turkey:200g; quinoa:150g; zucchini:100g; teriyaki:75g; oil:10g,air fryer,"batch-cooking, meal-prep, balanced, air fryer",1. Batch cook turkey (store for 2–3 meals). 2. Prepare quinoa in bulk. 3. Cook zucchini. 4. Combine turkey with teriyaki. 5. Serve with quinoa.
281,shrimp_rice_281,shrimp,rice,zucchini,tomato sauce,468,48,42,12,4,2,545,64,weekend,shrimp:200g; rice:150g; zucchini:100g; tomato sauce:75g; oil:10g,oven,"batch-cooking, meal-prep, weekend, oven",1. Batch cook shrimp (store for 2–3 meals). 2. Marinate the shrimp for better flavor. 3. Prepare rice in bulk. 4. Cook zucchini. 5. Combine shrimp with tomato sauce. 6. Serve with rice. 7. Plate carefully and add garnish.
282,turkey_quinoa_282,turkey,quinoa,carrots,soy sauce,508,64,32,14,3,2,783,16,quick,turkey:200g; quinoa:150g; carrots:100g; soy sauce:75g; oil:10g,"air fryer, stovetop","batch-cooking, meal-prep, quick, air fryer, stovetop",1. Batch cook turkey (store for 2–3 meals). 2. Prepare quinoa in bulk. 3. Cook carrots. 4. Combine turkey with soy sauce. 5. Serve with quinoa.
283,pork_rice_283,pork,rice,carrots,garlic sauce,726,54,42,38,4,2,423,64,weekend,pork:200g; rice:150g; carrots:100g; garlic sauce:75g; oil:10g,"microwave, oven, slow cooker","batch-cooking, meal-prep, weekend, microwave, oven, slow cooker",1. Batch cook pork (store for 2–3 meals). 2. Marinate the pork for better flavor. 3. Prepare rice in bulk. 4. Cook carrots. 5. Combine pork with garlic sauce. 6. Serve with rice. 7. Plate carefully and add garnish.
284,tofu_tortilla_284,tofu,tortilla,carrots,cream sauce,544,16,75,20,8,4,656,13,quick,tofu:200g; tortilla:150g; carrots:100g; cream sauce:75g; oil:10g,stovetop,"batch-cooking, meal-prep, quick, stovetop",1. Batch cook tofu (store for 2–3 meals). 2. Prepare tortilla in bulk. 3. Cook carrots. 4. Combine tofu with cream sauce. 5. Serve with tortilla.
285,lentils_pasta_285,lentils,pasta,broccoli,garlic sauce,472,18,78,10,8,4,461,12,quick,lentils:200g; pasta:150g; broccoli:100g; garlic sauce:75g; oil:10g,"stovetop, slow cooker","batch-cooking, meal-prep, quick, stovetop, slow cooker",1. Batch cook lentils (store for 2–3 meals). 2. Prepare pasta in bulk. 3. Cook broccoli. 4. Combine lentils with garlic sauce. 5. Serve with pasta.
286,turkey_rice_286,turkey,rice,green beans,soy sauce,526,58,42,14,4,2,453,31,balanced,turkey:200g; rice:150g; green beans:100g; soy sauce:75g; oil:10g,"air fryer, stovetop","batch-cooking, meal-prep, balanced, air fryer, stovetop",1. Batch cook turkey (store for 2–3 meals). 2. Prepare rice in bulk. 3. Cook green beans. 4. Combine turkey with soy sauce. 5. Serve with rice.
287,chicken_tortilla_287,chicken,tortilla,onion,garlic sauce,710,62,75,18,8,4,549,14,quick,chicken:200g; tortilla:150g; onion:100g; garlic sauce:75g; oil:10g,"stovetop, oven","batch-cooking, meal-prep, quick, stovetop, oven",1. Batch cook chicken (store for 2–3 meals). 2. Prepare tortilla in bulk. 3. Cook onion. 4. Combine chicken with garlic sauce. 5. Serve with tortilla.
288,salmon_rice_288,salmon,rice,zucchini,tomato sauce,692,50,42,36,4,2,582,19,quick,salmon:200g; rice:150g; zucchini:100g; tomato sauce:75g; oil:10g,"microwave, oven, slow cooker","batch-cooking, meal-prep, quick, microwave, oven, slow cooker",1. Batch cook salmon (store for 2–3 meals). 2. Prepare rice in bulk. 3. Cook zucchini. 4. Combine salmon with tomato sauce. 5. Serve with rice.
289,pork_quinoa_289,pork,quinoa,carrots,tomato sauce,708,60,32,38,3,2,329,19,quick,pork:200g; quinoa:150g; carrots:100g; tomato sauce:75g; oil:10g,"air fryer, slow cooker","batch-cooking, meal-prep, quick, air fryer, slow cooker",1. Batch cook pork (store for 2–3 meals). 2. Prepare quinoa in bulk. 3. Cook carrots. 4. Combine pork with tomato sauce. 5. Serve with quinoa.
290,turkey_quinoa_290,turkey,quinoa,carrots,teriyaki,508,64,32,14,3,2,729,44,balanced,turkey:200g; quinoa:150g; carrots:100g; teriyaki:75g; oil:10g,"air fryer, slow cooker","batch-cooking, meal-prep, balanced, air fryer, slow cooker",1. Batch cook turkey (store for 2–3 meals). 2. Prepare quinoa in bulk. 3. Cook carrots. 4. Combine turkey with teriyaki. 5. Serve with quinoa.
291,chicken_quinoa_291,chicken,quinoa,spinach,soy sauce,560,68,32,18,3,2,744,38,balanced,chicken:200g; quinoa:150g; spinach:100g; soy sauce:75g; oil:10g,"air fryer, stovetop, slow cooker","batch-cooking, meal-prep, balanced, air fryer, stovetop, slow cooker",1. Batch cook chicken (store for 2–3 meals). 2. Prepare quinoa in bulk. 3. Cook spinach. 4. Combine chicken with soy sauce. 5. Serve with quinoa.
292,tofu_rice_292,tofu,rice,broccoli,garlic sauce,412,16,42,20,4,2,656,78,weekend,tofu:200g; rice:150g; broccoli:100g; garlic sauce:75g; oil:10g,air fryer,"batch-cooking, meal-prep, weekend, air fryer",1. Batch cook tofu (store for 2–3 meals). 2. Marinate the tofu for better flavor. 3. Prepare rice in bulk. 4. Cook broccoli. 5. Combine tofu with garlic sauce. 6. Serve with rice. 7. Plate carefully and add garnish.
293,beef_rice_293,beef,rice,zucchini,tomato sauce,736,52,42,40,4,2,301,35,balanced,beef:200g; rice:150g; zucchini:100g; tomato sauce:75g; oil:10g,"air fryer, microwave","batch-cooking, meal-prep, balanced, air fryer, microwave",1. Batch cook beef (store for 2–3 meals). 2. Prepare rice in bulk. 3. Cook zucchini. 4. Combine beef with tomato sauce. 5. Serve with rice.
294,lentils_rice_294,lentils,rice,green beans,cream sauce,490,18,82,10,8,4,316,23,quick,lentils:200g; rice:150g; green beans:100g; cream sauce:75g; oil:10g,"air fryer, microwave","batch-cooking, meal-prep, quick, air fryer, microwave",1. Batch cook lentils (store for 2–3 meals). 2. Prepare rice in bulk. 3. Cook green beans. 4. Combine lentils with cream sauce. 5. Serve with rice.
295,beef_rice_295,beef,rice,onion,pesto,736,52,42,40,4,2,531,34,balanced,beef:200g; rice:150g; onion:100g; pesto:75g; oil:10g,slow cooker,"batch-cooking, meal-prep, balanced, slow cooker",1. Batch cook beef (store for 2–3 meals). 2. Prepare rice in bulk. 3. Cook onion. 4. Combine beef with pesto. 5. Serve with rice.
296,turkey_rice_296,turkey,rice,peppers,soy sauce,526,58,42,14,4,2,409,31,balanced,turkey:200g; rice:150g; peppers:100g; soy sauce:75g; oil:10g,"air fryer, microwave, stovetop","batch-cooking, meal-prep, balanced, air fryer, microwave, stovetop",1. Batch cook turkey (store for 2–3 meals). 2. Prepare rice in bulk. 3. Cook peppers. 4. Combine turkey with soy sauce. 5. Serve with rice.
297,tofu_tortilla_297,tofu,tortilla,carrots,pesto,544,16,75,20,8,4,400,12,quick,tofu:200g; tortilla:150g; carrots:100g; pesto:75g; oil:10g,"microwave, stovetop","batch-cooking, meal-prep, quick, microwave, stovetop",1. Batch cook tofu (store for 2–3 meals). 2. Prepare tortilla in bulk. 3. Cook carrots. 4. Combine tofu with pesto. 5. Serve with tortilla.
298,beef_noodles_298,beef,noodles,onion,garlic sauce,730,52,40,40,4,2,766,29,balanced,beef:200g; noodles:150g; onion:100g; garlic sauce:75g; oil:10g,"microwave, stovetop","batch-cooking, meal-prep, balanced, microwave, stovetop",1. Batch cook beef (store for 2–3 meals). 2. Prepare noodles in bulk. 3. Cook onion. 4. Combine beef with garlic sauce. 5. Serve with noodles.
299,turkey_noodles_299,turkey,noodles,onion,soy sauce,520,58,40,14,4,2,795,10,quick,turkey:200g; noodles:150g; onion:100g; soy sauce:75g; oil:10g,"microwave, stovetop","batch-cooking, meal-prep, quick, microwave, stovetop",1. Batch cook turkey (store for 2–3 meals). 2. Prepare noodles in bulk. 3. Cook onion. 4. Combine turkey with soy sauce. 5. Serve with noodles.
300,chicken_potatoes_300,chicken,potatoes,green beans,teriyaki,512,62,26,18,3,1,370,16,quick,chicken:200g; potatoes:150g; green beans:100g; teriyaki:75g; oil:10g,"air fryer, slow cooker","batch-cooking, meal-prep, quick, air fryer, slow cooker",1. Batch cook chicken (store for 2–3 meals). 2. Prepare potatoes in bulk. 3. Cook green beans. 4. Combine chicken with teriyaki. 5. Serve with potatoes.
301,lentils_noodles_301,lentils,noodles,broccoli,teriyaki,484,18,80,10,8,4,763,20,quick,lentils:200g; noodles:150g; broccoli:100g; teriyaki:75g; oil:10g,"air fryer, microwave","batch-cooking, meal-prep, quick, air fryer, microwave",1. Batch cook lentils (store for 2–3 meals). 2. Prepare noodles in bulk. 3. Cook broccoli. 4. Combine lentils with teriyaki. 5. Serve with noodles.
302,turkey_quinoa_302,turkey,quinoa,onion,garlic sauce,508,64,32,14,3,2,542,42,balanced,turkey:200g; quinoa:150g; onion:100g; garlic sauce:75g; oil:10g,"oven, slow cooker","batch-cooking, meal-prep, balanced, oven, slow cooker",1. Batch cook turkey (store for 2–3 meals). 2. Prepare quinoa in bulk. 3. Cook onion. 4. Combine turkey with garlic sauce. 5. Serve with quinoa.
303,shrimp_rice_303,shrimp,rice,peppers,garlic sauce,468,48,42,12,4,2,726,36,balanced,shrimp:200g; rice:150g; peppers:100g; garlic sauce:75g; oil:10g,"air fryer, microwave","batch-cooking, meal-prep, balanced, air fryer, microwave",1. Batch cook shrimp (store for 2–3 meals). 2. Prepare rice in bulk. 3. Cook peppers. 4. Combine shrimp with garlic sauce. 5. Serve with rice.
304,tofu_potatoes_304,tofu,potatoes,carrots,pesto,346,16,26,20,3,1,383,15,quick,tofu:200g; potatoes:150g; carrots:100g; pesto:75g; oil:10g,"air fryer, stovetop, slow cooker","batch-cooking, meal-prep, quick, air fryer, stovetop, slow cooker",1. Batch cook tofu (store for 2–3 meals). 2. Prepare potatoes in bulk. 3. Cook carrots. 4. Combine tofu with pesto. 5. Serve with potatoes.
305,chicken_pasta_305,chicken,pasta,green beans,teriyaki,560,62,38,18,4,2,768,42,balanced,chicken:200g; pasta:150g; green beans:100g; teriyaki:75g; oil:10g,"microwave, slow cooker","batch-cooking, meal-prep, balanced, microwave, slow cooker",1. Batch cook chicken (store for 2–3 meals). 2. Prepare pasta in bulk. 3. Cook green beans. 4. Combine chicken with teriyaki. 5. Serve with pasta.
306,pork_quinoa_306,pork,quinoa,green beans,tomato sauce,708,60,32,38,3,2,497,20,quick,pork:200g; quinoa:150g; green beans:100g; tomato sauce:75g; oil:10g,"air fryer, microwave, oven","batch-cooking, meal-prep, quick, air fryer, microwave, oven",1. Batch cook pork (store for 2–3 meals). 2. Prepare quinoa in bulk. 3. Cook green beans. 4. Combine pork with tomato sauce. 5. Serve with quinoa.
307,lentils_tortilla_307,lentils,tortilla,green beans,garlic sauce,622,18,115,10,12,6,676,31,balanced,lentils:200g; tortilla:150g; green beans:100g; garlic sauce:75g; oil:10g,"microwave, oven","batch-cooking, meal-prep, balanced, microwave, oven",1. Batch cook lentils (store for 2–3 meals). 2. Prepare tortilla in bulk. 3. Cook green beans. 4. Combine lentils with garlic sauce. 5. Serve with tortilla.
308,chicken_rice_308,chicken,rice,carrots,teriyaki,578,62,42,18,4,2,714,37,balanced,chicken:200g; rice:150g; carrots:100g; teriyaki:75g; oil:10g,air fryer,"batch-cooking, meal-prep, balanced, air fryer",1. Batch cook chicken (store for 2–3 meals). 2. Prepare rice in bulk. 3. Cook carrots. 4. Combine chicken with teriyaki. 5. Serve with rice.
309,beef_noodles_309,beef,noodles,zucchini,cream sauce,730,52,40,40,4,2,758,56,weekend,beef:200g; noodles:150g; zucchini:100g; cream sauce:75g; oil:10g,"air fryer, microwave, slow cooker","batch-cooking, meal-prep, weekend, air fryer, microwave, slow cooker",1. Batch cook beef (store for 2–3 meals). 2. Marinate the beef for better flavor. 3. Prepare noodles in bulk. 4. Cook zucchini. 5. Combine beef with cream sauce. 6. Serve with noodles. 7. Plate carefully and add garnish.
310,lentils_pasta_310,lentils,pasta,peppers,cream sauce,472,18,78,10,8,4,725,44,balanced,lentils:200g; pasta:150g; peppers:100g; cream sauce:75g; oil:10g,"air fryer, microwave, stovetop","batch-cooking, meal-prep, balanced, air fryer, microwave, stovetop",1. Batch cook lentils (store for 2–3 meals). 2. Prepare pasta in bulk. 3. Cook peppers. 4. Combine lentils with cream sauce. 5. Serve with pasta.
311,beef_potatoes_311,beef,potatoes,carrots,garlic sauce,670,52,26,40,3,1,394,24,quick,beef:200g; potatoes:150g; carrots:100g; garlic sauce:75g; oil:10g,stovetop,"batch-cooking, meal-prep, quick, stovetop",1. Batch cook beef (store for 2–3 meals). 2. Prepare potatoes in bulk. 3. Cook carrots. 4. Combine beef with garlic sauce. 5. Serve with potatoes.
312,tofu_noodles_312,tofu,noodles,broccoli,cream sauce,406,16,40,20,4,2,362,15,quick,tofu:200g; noodles:150g; broccoli:100g; cream sauce:75g; oil:10g,"air fryer, microwave, slow cooker","batch-cooking, meal-prep, quick, air fryer, microwave, slow cooker",1. Batch cook tofu (store for 2–3 meals). 2. Prepare noodles in bulk. 3. Cook broccoli. 4. Combine tofu with cream sauce. 5. Serve with noodles.
313,pork_tortilla_313,pork,tortilla,carrots,teriyaki,858,54,75,38,8,4,524,11,quick,pork:200g; tortilla:150g; carrots:100g; teriyaki:75g; oil:10g,slow cooker,"batch-cooking, meal-prep, quick, slow cooker",1. Batch cook pork (store for 2–3 meals). 2. Prepare tortilla in bulk. 3. Cook carrots. 4. Combine pork with teriyaki. 5. Serve with tortilla.
314,turkey_noodles_314,turkey,noodles,peppers,pesto,520,58,40,14,4,2,776,15,quick,turkey:200g; noodles:150g; peppers:100g; pesto:75g; oil:10g,"air fryer, microwave, slow cooker","batch-cooking, meal-prep, quick, air fryer, microwave, slow cooker",1. Batch cook turkey (store for 2–3 meals). 2. Prepare noodles in bulk. 3. Cook peppers. 4. Combine turkey with pesto. 5. Serve with noodles.
315,salmon_tortilla_315,salmon,tortilla,peppers,cream sauce,824,50,75,36,8,4,713,58,weekend,salmon:200g; tortilla:150g; peppers:100g; cream sauce:75g; oil:10g,microwave,"batch-cooking, meal-prep, weekend, microwave",1. Batch cook salmon (store for 2–3 meals). 2. Marinate the salmon for better flavor. 3. Prepare tortilla in bulk. 4. Cook peppers. 5. Combine salmon with cream sauce. 6. Serve with tortilla. 7. Plate carefully and add garnish.
316,pork_rice_316,pork,rice,peppers,soy sauce,726,54,42,38,4,2,402,35,balanced,pork:200g; rice:150g; peppers:100g; soy sauce:75g; oil:10g,air fryer,"batch-cooking, meal-prep, balanced, air fryer",1. Batch cook pork (store for 2–3 meals). 2. Prepare rice in bulk. 3. Cook peppers. 4. Combine pork with soy sauce. 5. Serve with rice.
317,salmon_noodles_317,salmon,noodles,spinach,tomato sauce,686,50,40,36,4,2,459,33,balanced,salmon:200g; noodles:150g; spinach:100g; tomato sauce:75g; oil:10g,air fryer,"batch-cooking, meal-prep, balanced, air fryer",1. Batch cook salmon (store for 2–3 meals). 2. Prepare noodles in bulk. 3. Cook spinach. 4. Combine salmon with tomato sauce. 5. Serve with noodles.
318,turkey_potatoes_318,turkey,potatoes,onion,pesto,460,58,26,14,3,1,386,71,weekend,turkey:200g; potatoes:150g; onion:100g; pesto:75g; oil:10g,"stovetop, oven","batch-cooking, meal-prep, weekend, stovetop, oven",1. Batch cook turkey (store for 2–3 meals). 2. Marinate the turkey for better flavor. 3. Prepare potatoes in bulk. 4. Cook onion. 5. Combine turkey with pesto. 6. Serve with potatoes. 7. Plate carefully and add garnish.
319,turkey_pasta_319,turkey,pasta,broccoli,soy sauce,508,58,38,14,4,2,494,24,quick,turkey:200g; pasta:150g; broccoli:100g; soy sauce:75g; oil:10g,"air fryer, microwave","batch-cooking, meal-prep, quick, air fryer, microwave",1. Batch cook turkey (store for 2–3 meals). 2. Prepare pasta in bulk. 3. Cook broccoli. 4. Combine turkey with soy sauce. 5. Serve with pasta.
320,tofu_tortilla_320,tofu,tortilla,carrots,pesto,544,16,75,20,8,4,645,19,quick,tofu:200g; tortilla:150g; carrots:100g; pesto:75g; oil:10g,stovetop,"batch-cooking, meal-prep, quick, stovetop",1. Batch cook tofu (store for 2–3 meals). 2. Prepare tortilla in bulk. 3. Cook carrots. 4. Combine tofu with pesto. 5. Serve with tortilla.
321,pork_noodles_321,pork,noodles,onion,teriyaki,720,54,40,38,4,2,506,44,balanced,pork:200g; noodles:150g; onion:100g; teriyaki:75g; oil:10g,"air fryer, oven","batch-cooking, meal-prep, balanced, air fryer, oven",1. Batch cook pork (store for 2–3 meals). 2. Prepare noodles in bulk. 3. Cook onion. 4. Combine pork with teriyaki. 5. Serve with noodles.
322,turkey_quinoa_322,turkey,quinoa,spinach,garlic sauce,508,64,32,14,3,2,392,45,balanced,turkey:200g; quinoa:150g; spinach:100g; garlic sauce:75g; oil:10g,"microwave, stovetop, slow cooker","batch-cooking, meal-prep, balanced, microwave, stovetop, slow cooker",1. Batch cook turkey (store for 2–3 meals). 2. Prepare quinoa in bulk. 3. Cook spinach. 4. Combine turkey with garlic sauce. 5. Serve with quinoa.
323,salmon_tortilla_323,salmon,tortilla,peppers,cream sauce,824,50,75,36,8,4,503,20,quick,salmon:200g; tortilla:150g; peppers:100g; cream sauce:75g; oil:10g,"air fryer, oven","batch-cooking, meal-prep, quick, air fryer, oven",1. Batch cook salmon (store for 2–3 meals). 2. Prepare tortilla in bulk. 3. Cook peppers. 4. Combine salmon with cream sauce. 5. Serve with tortilla.
324,shrimp_pasta_324,shrimp,pasta,onion,soy sauce,450,48,38,12,4,2,353,39,balanced,shrimp:200g; pasta:150g; onion:100g; soy sauce:75g; oil:10g,"air fryer, microwave, oven","batch-cooking, meal-prep, balanced, air fryer, microwave, oven",1. Batch cook shrimp (store for 2–3 meals). 2. Prepare pasta in bulk. 3. Cook onion. 4. Combine shrimp with soy sauce. 5. Serve with pasta.
325,tofu_noodles_325,tofu,noodles,onion,tomato sauce,406,16,40,20,4,2,489,84,weekend,tofu:200g; noodles:150g; onion:100g; tomato sauce:75g; oil:10g,microwave,"batch-cooking, meal-prep, weekend, microwave",1. Batch cook tofu (store for 2–3 meals). 2. Marinate the tofu for better flavor. 3. Prepare noodles in bulk. 4. Cook onion. 5. Combine tofu with tomato sauce. 6. Serve with noodles. 7. Plate carefully and add garnish.
326,turkey_rice_326,turkey,rice,onion,cream sauce,526,58,42,14,4,2,415,33,balanced,turkey:200g; rice:150g; onion:100g; cream sauce:75g; oil:10g,microwave,"batch-cooking, meal-prep, balanced, microwave",1. Batch cook turkey (store for 2–3 meals). 2. Prepare rice in bulk. 3. Cook onion. 4. Combine turkey with cream sauce. 5. Serve with rice.
327,shrimp_noodles_327,shrimp,noodles,onion,pesto,462,48,40,12,4,2,339,44,balanced,shrimp:200g; noodles:150g; onion:100g; pesto:75g; oil:10g,microwave,"batch-cooking, meal-prep, balanced, microwave",1. Batch cook shrimp (store for 2–3 meals). 2. Prepare noodles in bulk. 3. Cook onion. 4. Combine shrimp with pesto. 5. Serve with noodles.
328,beef_tortilla_328,beef,tortilla,peppers,tomato sauce,868,52,75,40,8,4,599,31,balanced,beef:200g; tortilla:150g; peppers:100g; tomato sauce:75g; oil:10g,"air fryer, microwave, oven","batch-cooking, meal-prep, balanced, air fryer, microwave, oven",1. Batch cook beef (store for 2–3 meals). 2. Prepare tortilla in bulk. 3. Cook peppers. 4. Combine beef with tomato sauce. 5. Serve with tortilla.
329,tofu_pasta_329,tofu,pasta,green beans,cream sauce,394,16,38,20,4,2,411,29,balanced,tofu:200g; pasta:150g; green beans:100g; cream sauce:75g; oil:10g,"air fryer, microwave","batch-cooking, meal-prep, balanced, air fryer, microwave",1. Batch cook tofu (store for 2–3 meals). 2. Prepare pasta in bulk. 3. Cook green beans. 4. Combine tofu with cream sauce. 5. Serve with pasta.
330,tofu_pasta_330,tofu,pasta,spinach,teriyaki,394,16,38,20,4,2,500,16,quick,tofu:200g; pasta:150g; spinach:100g; teriyaki:75g; oil:10g,"air fryer, oven","batch-cooking, meal-prep, quick, air fryer, oven",1. Batch cook tofu (store for 2–3 meals). 2. Prepare pasta in bulk. 3. Cook spinach. 4. Combine tofu with teriyaki. 5. Serve with pasta.
331,pork_quinoa_331,pork,quinoa,onion,cream sauce,708,60,32,38,3,2,707,25,quick,pork:200g; quinoa:150g; onion:100g; cream sauce:75g; oil:10g,"stovetop, oven, slow cooker","batch-cooking, meal-prep, quick, stovetop, oven, slow cooker",1. Batch cook pork (store for 2–3 meals). 2. Prepare quinoa in bulk. 3. Cook onion. 4. Combine pork with cream sauce. 5. Serve with quinoa.
332,chicken_rice_332,chicken,rice,peppers,soy sauce,578,62,42,18,4,2,733,20,quick,chicken:200g; rice:150g; peppers:100g; soy sauce:75g; oil:10g,slow cooker,"batch-cooking, meal-prep, quick, slow cooker",1. Batch cook chicken (store for 2–3 meals). 2. Prepare rice in bulk. 3. Cook peppers. 4. Combine chicken with soy sauce. 5. Serve with rice.
333,tofu_rice_333,tofu,rice,zucchini,soy sauce,412,16,42,20,4,2,415,45,weekend,tofu:200g; rice:150g; zucchini:100g; soy sauce:75g; oil:10g,"air fryer, oven","batch-cooking, meal-prep, weekend, air fryer, oven",1. Batch cook tofu (store for 2–3 meals). 2. Marinate the tofu for better flavor. 3. Prepare rice in bulk. 4. Cook zucchini. 5. Combine tofu with soy sauce. 6. Serve with rice. 7. Plate carefully and add garnish.
334,shrimp_pasta_334,shrimp,pasta,green beans,soy sauce,450,48,38,12,4,2,598,24,quick,shrimp:200g; pasta:150g; green beans:100g; soy sauce:75g; oil:10g,"stovetop, oven","batch-cooking, meal-prep, quick, stovetop, oven",1. Batch cook shrimp (store for 2–3 meals). 2. Prepare pasta in bulk. 3. Cook green beans. 4. Combine shrimp with soy sauce. 5. Serve with pasta.
335,turkey_rice_335,turkey,rice,broccoli,pesto,526,58,42,14,4,2,592,12,quick,turkey:200g; rice:150g; broccoli:100g; pesto:75g; oil:10g,microwave,"batch-cooking, meal-prep, quick, microwave",1. Batch cook turkey (store for 2–3 meals). 2. Prepare rice in bulk. 3. Cook broccoli. 4. Combine turkey with pesto. 5. Serve with rice.
336,turkey_tortilla_336,turkey,tortilla,carrots,soy sauce,658,58,75,14,8,4,659,17,quick,turkey:200g; tortilla:150g; carrots:100g; soy sauce:75g; oil:10g,"air fryer, stovetop","batch-cooking, meal-prep, quick, air fryer, stovetop",1. Batch cook turkey (store for 2–3 meals). 2. Prepare tortilla in bulk. 3. Cook carrots. 4. Combine turkey with soy sauce. 5. Serve with tortilla.
337,salmon_pasta_337,salmon,pasta,carrots,teriyaki,674,50,38,36,4,2,779,31,balanced,salmon:200g; pasta:150g; carrots:100g; teriyaki:75g; oil:10g,"air fryer, microwave","batch-cooking, meal-prep, balanced, air fryer, microwave",1. Batch cook salmon (store for 2–3 meals). 2. Prepare pasta in bulk. 3. Cook carrots. 4. Combine salmon with teriyaki. 5. Serve with pasta.
338,chicken_tortilla_338,chicken,tortilla,onion,pesto,710,62,75,18,8,4,674,38,balanced,chicken:200g; tortilla:150g; onion:100g; pesto:75g; oil:10g,"microwave, oven","batch-cooking, meal-prep, balanced, microwave, oven",1. Batch cook chicken (store for 2–3 meals). 2. Prepare tortilla in bulk. 3. Cook onion. 4. Combine chicken with pesto. 5. Serve with tortilla.
339,pork_tortilla_339,pork,tortilla,spinach,garlic sauce,858,54,75,38,8,4,615,36,balanced,pork:200g; tortilla:150g; spinach:100g; garlic sauce:75g; oil:10g,"microwave, stovetop, oven","batch-cooking, meal-prep, balanced, microwave, stovetop, oven",1. Batch cook pork (store for 2–3 meals). 2. Prepare tortilla in bulk. 3. Cook spinach. 4. Combine pork with garlic sauce. 5. Serve with tortilla.
340,lentils_potatoes_340,lentils,potatoes,peppers,cream sauce,424,18,66,10,7,3,577,22,quick,lentils:200g; potatoes:150g; peppers:100g; cream sauce:75g; oil:10g,"microwave, oven, slow cooker","batch-cooking, meal-prep, quick, microwave, oven, slow cooker",1. Batch cook lentils (store for 2–3 meals). 2. Prepare potatoes in bulk. 3. Cook peppers. 4. Combine lentils with cream sauce. 5. Serve with potatoes.
341,salmon_rice_341,salmon,rice,carrots,teriyaki,692,50,42,36,4,2,324,18,quick,salmon:200g; rice:150g; carrots:100g; teriyaki:75g; oil:10g,"microwave, stovetop, oven","batch-cooking, meal-prep, quick, microwave, stovetop, oven",1. Batch cook salmon (store for 2–3 meals). 2. Prepare rice in bulk. 3. Cook carrots. 4. Combine salmon with teriyaki. 5. Serve with rice.
342,beef_quinoa_342,beef,quinoa,zucchini,soy sauce,718,58,32,40,3,2,320,22,quick,beef:200g; quinoa:150g; zucchini:100g; soy sauce:75g; oil:10g,"air fryer, stovetop, oven","batch-cooking, meal-prep, quick, air fryer, stovetop, oven",1. Batch cook beef (store for 2–3 meals). 2. Prepare quinoa in bulk. 3. Cook zucchini. 4. Combine beef with soy sauce. 5. Serve with quinoa.
343,beef_noodles_343,beef,noodles,peppers,cream sauce,730,52,40,40,4,2,323,40,balanced,beef:200g; noodles:150g; peppers:100g; cream sauce:75g; oil:10g,air fryer,"batch-cooking, meal-prep, balanced, air fryer",1. Batch cook beef (store for 2–3 meals). 2. Prepare noodles in bulk. 3. Cook peppers. 4. Combine beef with cream sauce. 5. Serve with noodles.
344,chicken_pasta_344,chicken,pasta,carrots,cream sauce,560,62,38,18,4,2,664,11,quick,chicken:200g; pasta:150g; carrots:100g; cream sauce:75g; oil:10g,"stovetop, oven, slow cooker","batch-cooking, meal-prep, quick, stovetop, oven, slow cooker",1. Batch cook chicken (store for 2–3 meals). 2. Prepare pasta in bulk. 3. Cook carrots. 4. Combine chicken with cream sauce. 5. Serve with pasta.
345,tofu_potatoes_345,tofu,potatoes,zucchini,cream sauce,346,16,26,20,3,1,430,42,balanced,tofu:200g; potatoes:150g; zucchini:100g; cream sauce:75g; oil:10g,"microwave, stovetop","batch-cooking, meal-prep, balanced, microwave, stovetop",1. Batch cook tofu (store for 2–3 meals). 2. Prepare potatoes in bulk. 3. Cook zucchini. 4. Combine tofu with cream sauce. 5. Serve with potatoes.
346,pork_pasta_346,pork,pasta,carrots,pesto,708,54,38,38,4,2,445,30,balanced,pork:200g; pasta:150g; carrots:100g; pesto:75g; oil:10g,"microwave, stovetop, slow cooker","batch-cooking, meal-prep, balanced, microwave, stovetop, slow cooker",1. Batch cook pork (store for 2–3 meals). 2. Prepare pasta in bulk. 3. Cook carrots. 4. Combine pork with pesto. 5. Serve with pasta.
347,chicken_pasta_347,chicken,pasta,zucchini,teriyaki,560,62,38,18,4,2,589,20,quick,chicken:200g; pasta:150g; zucchini:100g; teriyaki:75g; oil:10g,slow cooker,"batch-cooking, meal-prep, quick, slow cooker",1. Batch cook chicken (store for 2–3 meals). 2. Prepare pasta in bulk. 3. Cook zucchini. 4. Combine chicken with teriyaki. 5. Serve with pasta.
348,beef_noodles_348,beef,noodles,green beans,garlic sauce,730,52,40,40,4,2,590,19,quick,beef:200g; noodles:150g; green beans:100g; garlic sauce:75g; oil:10g,oven,"batch-cooking, meal-prep, quick, oven",1. Batch cook beef (store for 2–3 meals). 2. Prepare noodles in bulk. 3. Cook green beans. 4. Combine beef with garlic sauce. 5. Serve with noodles.
349,beef_noodles_349,beef,noodles,zucchini,tomato sauce,730,52,40,40,4,2,589,38,balanced,beef:200g; noodles:150g; zucchini:100g; tomato sauce:75g; oil:10g,stovetop,"batch-cooking, meal-prep, balanced, stovetop",1. Batch cook beef (store for 2–3 meals). 2. Prepare noodles in bulk. 3. Cook zucchini. 4. Combine beef with tomato sauce. 5. Serve with noodles.
350,chicken_pasta_350,chicken,pasta,zucchini,garlic sauce,560,62,38,18,4,2,610,25,quick,chicken:200g; pasta:150g; zucchini:100g; garlic sauce:75g; oil:10g,slow cooker,"batch-cooking, meal-prep, quick, slow cooker",1. Batch cook chicken (store for 2–3 meals). 2. Prepare pasta in bulk. 3. Cook zucchini. 4. Combine chicken with garlic sauce. 5. Serve with pasta.
351,beef_pasta_351,beef,pasta,zucchini,teriyaki,718,52,38,40,4,2,635,15,quick,beef:200g; pasta:150g; zucchini:100g; teriyaki:75g; oil:10g,microwave,"batch-cooking, meal-prep, quick, microwave",1. Batch cook beef (store for 2–3 meals). 2. Prepare pasta in bulk. 3. Cook zucchini. 4. Combine beef with teriyaki. 5. Serve with pasta.
352,turkey_pasta_352,turkey,pasta,spinach,cream sauce,508,58,38,14,4,2,316,11,quick,turkey:200g; pasta:150g; spinach:100g; cream sauce:75g; oil:10g,"microwave, stovetop","batch-cooking, meal-prep, quick, microwave, stovetop",1. Batch cook turkey (store for 2–3 meals). 2. Prepare pasta in bulk. 3. Cook spinach. 4. Combine turkey with cream sauce. 5. Serve with pasta.
353,pork_rice_353,pork,rice,onion,garlic sauce,726,54,42,38,4,2,794,24,quick,pork:200g; rice:150g; onion:100g; garlic sauce:75g; oil:10g,"air fryer, stovetop","batch-cooking, meal-prep, quick, air fryer, stovetop",1. Batch cook pork (store for 2–3 meals). 2. Prepare rice in bulk. 3. Cook onion. 4. Combine pork with garlic sauce. 5. Serve with rice.
354,shrimp_potatoes_354,shrimp,potatoes,peppers,cream sauce,402,48,26,12,3,1,509,29,balanced,shrimp:200g; potatoes:150g; peppers:100g; cream sauce:75g; oil:10g,slow cooker,"batch-cooking, meal-prep, balanced, slow cooker",1. Batch cook shrimp (store for 2–3 meals). 2. Prepare potatoes in bulk. 3. Cook peppers. 4. Combine shrimp with cream sauce. 5. Serve with potatoes.
355,beef_noodles_355,beef,noodles,broccoli,tomato sauce,730,52,40,40,4,2,654,30,balanced,beef:200g; noodles:150g; broccoli:100g; tomato sauce:75g; oil:10g,"air fryer, oven, slow cooker","batch-cooking, meal-prep, balanced, air fryer, oven, slow cooker",1. Batch cook beef (store for 2–3 meals). 2. Prepare noodles in bulk. 3. Cook broccoli. 4. Combine beef with tomato sauce. 5. Serve with noodles.
356,turkey_potatoes_356,turkey,potatoes,spinach,tomato sauce,460,58,26,14,3,1,693,34,balanced,turkey:200g; potatoes:150g; spinach:100g; tomato sauce:75g; oil:10g,air fryer,"batch-cooking, meal-prep, balanced, air fryer",1. Batch cook turkey (store for 2–3 meals). 2. Prepare potatoes in bulk. 3. Cook spinach. 4. Combine turkey with tomato sauce. 5. Serve with potatoes.
357,lentils_noodles_357,lentils,noodles,spinach,cream sauce,484,18,80,10,8,4,713,12,quick,lentils:200g; noodles:150g; spinach:100g; cream sauce:75g; oil:10g,"microwave, oven, slow cooker","batch-cooking, meal-prep, quick, microwave, oven, slow cooker",1. Batch cook lentils (store for 2–3 meals). 2. Prepare noodles in bulk. 3. Cook spinach. 4. Combine lentils with cream sauce. 5. Serve with noodles.
358,chicken_quinoa_358,chicken,quinoa,spinach,tomato sauce,560,68,32,18,3,2,608,78,weekend,chicken:200g; quinoa:150g; spinach:100g; tomato sauce:75g; oil:10g,microwave,"batch-cooking, meal-prep, weekend, microwave",1. Batch cook chicken (store for 2–3 meals). 2. Marinate the chicken for better flavor. 3. Prepare quinoa in bulk. 4. Cook spinach. 5. Combine chicken with tomato sauce. 6. Serve with quinoa. 7. Plate carefully and add garnish.
359,beef_pasta_359,beef,pasta,broccoli,pesto,718,52,38,40,4,2,671,52,weekend,beef:200g; pasta:150g; broccoli:100g; pesto:75g; oil:10g,"air fryer, microwave","batch-cooking, meal-prep, weekend, air fryer, microwave",1. Batch cook beef (store for 2–3 meals). 2. Marinate the beef for better flavor. 3. Prepare pasta in bulk. 4. Cook broccoli. 5. Combine beef with pesto. 6. Serve with pasta. 7. Plate carefully and add garnish.
360,salmon_tortilla_360,salmon,tortilla,carrots,cream sauce,824,50,75,36,8,4,550,18,quick,salmon:200g; tortilla:150g; carrots:100g; cream sauce:75g; oil:10g,"air fryer, stovetop, oven","batch-cooking, meal-prep, quick, air fryer, stovetop, oven",1. Batch cook salmon (store for 2–3 meals). 2. Prepare tortilla in bulk. 3. Cook carrots. 4. Combine salmon with cream sauce. 5. Serve with tortilla.
361,beef_noodles_361,beef,noodles,zucchini,tomato sauce,730,52,40,40,4,2,479,75,weekend,beef:200g; noodles:150g; zucchini:100g; tomato sauce:75g; oil:10g,"microwave, oven","batch-cooking, meal-prep, weekend, microwave, oven",1. Batch cook beef (store for 2–3 meals). 2. Marinate the beef for better flavor. 3. Prepare noodles in bulk. 4. Cook zucchini. 5. Combine beef with tomato sauce. 6. Serve with noodles. 7. Plate carefully and add garnish.
362,beef_potatoes_362,beef,potatoes,broccoli,pesto,670,52,26,40,3,1,635,25,quick,beef:200g; potatoes:150g; broccoli:100g; pesto:75g; oil:10g,"microwave, oven, slow cooker","batch-cooking, meal-prep, quick, microwave, oven, slow cooker",1. Batch cook beef (store for 2–3 meals). 2. Prepare potatoes in bulk. 3. Cook broccoli. 4. Combine beef with pesto. 5. Serve with potatoes.
363,chicken_tortilla_363,chicken,tortilla,zucchini,garlic sauce,710,62,75,18,8,4,608,18,quick,chicken:200g; tortilla:150g; zucchini:100g; garlic sauce:75g; oil:10g,"air fryer, microwave","batch-cooking, meal-prep, quick, air fryer, microwave",1. Batch cook chicken (store for 2–3 meals). 2. Prepare tortilla in bulk. 3. Cook zucchini. 4. Combine chicken with garlic sauce. 5. Serve with tortilla.
364,tofu_potatoes_364,tofu,potatoes,onion,soy sauce,346,16,26,20,3,1,664,15,quick,tofu:200g; potatoes:150g; onion:100g; soy sauce:75g; oil:10g,air fryer,"batch-cooking, meal-prep, quick, air fryer",1. Batch cook tofu (store for 2–3 meals). 2. Prepare potatoes in bulk. 3. Cook onion. 4. Combine tofu with soy sauce. 5. Serve with potatoes.
365,pork_potatoes_365,pork,potatoes,onion,teriyaki,660,54,26,38,3,1,395,21,quick,pork:200g; potatoes:150g; onion:100g; teriyaki:75g; oil:10g,"air fryer, slow cooker","batch-cooking, meal-prep, quick, air fryer, slow cooker",1. Batch cook pork (store for 2–3 meals). 2. Prepare potatoes in bulk. 3. Cook onion. 4. Combine pork with teriyaki. 5. Serve with potatoes.
366,beef_potatoes_366,beef,potatoes,green beans,cream sauce,670,52,26,40,3,1,543,44,balanced,beef:200g; potatoes:150g; green beans:100g; cream sauce:75g; oil:10g,slow cooker,"batch-cooking, meal-prep, balanced, slow cooker",1. Batch cook beef (store for 2–3 meals). 2. Prepare potatoes in bulk. 3. Cook green beans. 4. Combine beef with cream sauce. 5. Serve with potatoes.
367,tofu_noodles_367,tofu,noodles,spinach,teriyaki,406,16,40,20,4,2,558,68,weekend,tofu:200g; noodles:150g; spinach:100g; teriyaki:75g; oil:10g,"microwave, stovetop","batch-cooking, meal-prep, weekend, microwave, stovetop",1. Batch cook tofu (store for 2–3 meals). 2. Marinate the tofu for better flavor. 3. Prepare noodles in bulk. 4. Cook spinach. 5. Combine tofu with teriyaki. 6. Serve with noodles. 7. Plate carefully and add garnish.
368,salmon_pasta_368,salmon,pasta,spinach,garlic sauce,674,50,38,36,4,2,506,18,quick,salmon:200g; pasta:150g; spinach:100g; garlic sauce:75g; oil:10g,"air fryer, stovetop","batch-cooking, meal-prep, quick, air fryer, stovetop",1. Batch cook salmon (store for 2–3 meals). 2. Prepare pasta in bulk. 3. Cook spinach. 4. Combine salmon with garlic sauce. 5. Serve with pasta.
369,pork_rice_369,pork,rice,peppers,soy sauce,726,54,42,38,4,2,761,19,quick,pork:200g; rice:150g; peppers:100g; soy sauce:75g; oil:10g,"microwave, stovetop","batch-cooking, meal-prep, quick, microwave, stovetop",1. Batch cook pork (store for 2–3 meals). 2. Prepare rice in bulk. 3. Cook peppers. 4. Combine pork with soy sauce. 5. Serve with rice.
370,turkey_noodles_370,turkey,noodles,onion,tomato sauce,520,58,40,14,4,2,398,12,quick,turkey:200g; noodles:150g; onion:100g; tomato sauce:75g; oil:10g,oven,"batch-cooking, meal-prep, quick, oven",1. Batch cook turkey (store for 2–3 meals). 2. Prepare noodles in bulk. 3. Cook onion. 4. Combine turkey with tomato sauce. 5. Serve with noodles.
371,pork_tortilla_371,pork,tortilla,onion,soy sauce,858,54,75,38,8,4,782,78,weekend,pork:200g; tortilla:150g; onion:100g; soy sauce:75g; oil:10g,"air fryer, slow cooker","batch-cooking, meal-prep, weekend, air fryer, slow cooker",1. Batch cook pork (store for 2–3 meals). 2. Marinate the pork for better flavor. 3. Prepare tortilla in bulk. 4. Cook onion. 5. Combine pork with soy sauce. 6. Serve with tortilla. 7. Plate carefully and add garnish.
372,tofu_rice_372,tofu,rice,peppers,cream sauce,412,16,42,20,4,2,480,25,balanced,tofu:200g; rice:150g; peppers:100g; cream sauce:75g; oil:10g,"stovetop, oven","batch-cooking, meal-prep, balanced, stovetop, oven",1. Batch cook tofu (store for 2–3 meals). 2. Prepare rice in bulk. 3. Cook peppers. 4. Combine tofu with cream sauce. 5. Serve with rice.
373,tofu_pasta_373,tofu,pasta,carrots,teriyaki,394,16,38,20,4,2,578,21,quick,tofu:200g; pasta:150g; carrots:100g; teriyaki:75g; oil:10g,"air fryer, oven","batch-cooking, meal-prep, quick, air fryer, oven",1. Batch cook tofu (store for 2–3 meals). 2. Prepare pasta in bulk. 3. Cook carrots. 4. Combine tofu with teriyaki. 5. Serve with pasta.
374,salmon_noodles_374,salmon,noodles,carrots,soy sauce,686,50,40,36,4,2,518,13,quick,salmon:200g; noodles:150g; carrots:100g; soy sauce:75g; oil:10g,"air fryer, stovetop","batch-cooking, meal-prep, quick, air fryer, stovetop",1. Batch cook salmon (store for 2–3 meals). 2. Prepare noodles in bulk. 3. Cook carrots. 4. Combine salmon with soy sauce. 5. Serve with noodles.
375,salmon_tortilla_375,salmon,tortilla,carrots,cream sauce,824,50,75,36,8,4,739,23,quick,salmon:200g; tortilla:150g; carrots:100g; cream sauce:75g; oil:10g,microwave,"batch-cooking, meal-prep, quick, microwave",1. Batch cook salmon (store for 2–3 meals). 2. Prepare tortilla in bulk. 3. Cook carrots. 4. Combine salmon with cream sauce. 5. Serve with tortilla.
376,lentils_tortilla_376,lentils,tortilla,zucchini,teriyaki,622,18,115,10,12,6,634,30,balanced,lentils:200g; tortilla:150g; zucchini:100g; teriyaki:75g; oil:10g,"microwave, oven, slow cooker","batch-cooking, meal-prep, balanced, microwave, oven, slow cooker",1. Batch cook lentils (store for 2–3 meals). 2. Prepare tortilla in bulk. 3. Cook zucchini. 4. Combine lentils with teriyaki. 5. Serve with tortilla.
377,shrimp_quinoa_377,shrimp,quinoa,onion,soy sauce,450,54,32,12,3,2,714,64,weekend,shrimp:200g; quinoa:150g; onion:100g; soy sauce:75g; oil:10g,"air fryer, microwave, oven","batch-cooking, meal-prep, weekend, air fryer, microwave, oven",1. Batch cook shrimp (store for 2–3 meals). 2. Marinate the shrimp for better flavor. 3. Prepare quinoa in bulk. 4. Cook onion. 5. Combine shrimp with soy sauce. 6. Serve with quinoa. 7. Plate carefully and add garnish.
378,salmon_rice_378,salmon,rice,peppers,pesto,692,50,42,36,4,2,494,58,weekend,salmon:200g; rice:150g; peppers:100g; pesto:75g; oil:10g,"air fryer, microwave","batch-cooking, meal-prep, weekend, air fryer, microwave",1. Batch cook salmon (store for 2–3 meals). 2. Marinate the salmon for better flavor. 3. Prepare rice in bulk. 4. Cook peppers. 5. Combine salmon with pesto. 6. Serve with rice. 7. Plate carefully and add garnish.
379,turkey_rice_379,turkey,rice,peppers,cream sauce,526,58,42,14,4,2,536,11,quick,turkey:200g; rice:150g; peppers:100g; cream sauce:75g; oil:10g,microwave,"batch-cooking, meal-prep, quick, microwave",1. Batch cook turkey (store for 2–3 meals). 2. Prepare rice in bulk. 3. Cook peppers. 4. Combine turkey with cream sauce. 5. Serve with rice.
380,beef_quinoa_380,beef,quinoa,zucchini,soy sauce,718,58,32,40,3,2,650,29,balanced,beef:200g; quinoa:150g; zucchini:100g; soy sauce:75g; oil:10g,"air fryer, stovetop","batch-cooking, meal-prep, balanced, air fryer, stovetop",1. Batch cook beef (store for 2–3 meals). 2. Prepare quinoa in bulk. 3. Cook zucchini. 4. Combine beef with soy sauce. 5. Serve with quinoa.
381,shrimp_quinoa_381,shrimp,quinoa,zucchini,garlic sauce,450,54,32,12,3,2,373,42,balanced,shrimp:200g; quinoa:150g; zucchini:100g; garlic sauce:75g; oil:10g,slow cooker,"batch-cooking, meal-prep, balanced, slow cooker",1. Batch cook shrimp (store for 2–3 meals). 2. Prepare quinoa in bulk. 3. Cook zucchini. 4. Combine shrimp with garlic sauce. 5. Serve with quinoa.
382,lentils_noodles_382,lentils,noodles,peppers,garlic sauce,484,18,80,10,8,4,491,25,quick,lentils:200g; noodles:150g; peppers:100g; garlic sauce:75g; oil:10g,"stovetop, oven","batch-cooking, meal-prep, quick, stovetop, oven",1. Batch cook lentils (store for 2–3 meals). 2. Prepare noodles in bulk. 3. Cook peppers. 4. Combine lentils with garlic sauce. 5. Serve with noodles.
383,salmon_pasta_383,salmon,pasta,onion,soy sauce,674,50,38,36,4,2,758,17,quick,salmon:200g; pasta:150g; onion:100g; soy sauce:75g; oil:10g,"air fryer, stovetop","batch-cooking, meal-prep, quick, air fryer, stovetop",1. Batch cook salmon (store for 2–3 meals). 2. Prepare pasta in bulk. 3. Cook onion. 4. Combine salmon with soy sauce. 5. Serve with pasta.
384,tofu_potatoes_384,tofu,potatoes,onion,pesto,346,16,26,20,3,1,316,18,quick,tofu:200g; potatoes:150g; onion:100g; pesto:75g; oil:10g,"air fryer, stovetop, slow cooker","batch-cooking, meal-prep, quick, air fryer, stovetop, slow cooker",1. Batch cook tofu (store for 2–3 meals). 2. Prepare potatoes in bulk. 3. Cook onion. 4. Combine tofu with pesto. 5. Serve with potatoes.
385,lentils_rice_385,lentils,rice,spinach,pesto,490,18,82,10,8,4,683,33,balanced,lentils:200g; rice:150g; spinach:100g; pesto:75g; oil:10g,"air fryer, microwave, stovetop","batch-cooking, meal-prep, balanced, air fryer, microwave, stovetop",1. Batch cook lentils (store for 2–3 meals). 2. Prepare rice in bulk. 3. Cook spinach. 4. Combine lentils with pesto. 5. Serve with rice.
386,chicken_potatoes_386,chicken,potatoes,onion,tomato sauce,512,62,26,18,3,1,769,15,quick,chicken:200g; potatoes:150g; onion:100g; tomato sauce:75g; oil:10g,"oven, slow cooker","batch-cooking, meal-prep, quick, oven, slow cooker",1. Batch cook chicken (store for 2–3 meals). 2. Prepare potatoes in bulk. 3. Cook onion. 4. Combine chicken with tomato sauce. 5. Serve with potatoes.
387,beef_noodles_387,beef,noodles,zucchini,garlic sauce,730,52,40,40,4,2,751,41,balanced,beef:200g; noodles:150g; zucchini:100g; garlic sauce:75g; oil:10g,"microwave, stovetop, oven","batch-cooking, meal-prep, balanced, microwave, stovetop, oven",1. Batch cook beef (store for 2–3 meals). 2. Prepare noodles in bulk. 3. Cook zucchini. 4. Combine beef with garlic sauce. 5. Serve with noodles.
388,pork_quinoa_388,pork,quinoa,peppers,soy sauce,708,60,32,38,3,2,657,28,balanced,pork:200g; quinoa:150g; peppers:100g; soy sauce:75g; oil:10g,microwave,"batch-cooking, meal-prep, balanced, microwave",1. Batch cook pork (store for 2–3 meals). 2. Prepare quinoa in bulk. 3. Cook peppers. 4. Combine pork with soy sauce. 5. Serve with quinoa.
389,tofu_potatoes_389,tofu,potatoes,carrots,soy sauce,346,16,26,20,3,1,534,54,weekend,tofu:200g; potatoes:150g; carrots:100g; soy sauce:75g; oil:10g,stovetop,"batch-cooking, meal-prep, weekend, stovetop",1. Batch cook tofu (store for 2–3 meals). 2. Marinate the tofu for better flavor. 3. Prepare potatoes in bulk. 4. Cook carrots. 5. Combine tofu with soy sauce. 6. Serve with potatoes. 7. Plate carefully and add garnish.
390,tofu_tortilla_390,tofu,tortilla,zucchini,tomato sauce,544,16,75,20,8,4,621,17,quick,tofu:200g; tortilla:150g; zucchini:100g; tomato sauce:75g; oil:10g,slow cooker,"batch-cooking, meal-prep, quick, slow cooker",1. Batch cook tofu (store for 2–3 meals). 2. Prepare tortilla in bulk. 3. Cook zucchini. 4. Combine tofu with tomato sauce. 5. Serve with tortilla.
391,beef_tortilla_391,beef,tortilla,peppers,tomato sauce,868,52,75,40,8,4,497,47,weekend,beef:200g; tortilla:150g; peppers:100g; tomato sauce:75g; oil:10g,"stovetop, slow cooker","batch-cooking, meal-prep, weekend, stovetop, slow cooker",1. Batch cook beef (store for 2–3 meals). 2. Marinate the beef for better flavor. 3. Prepare tortilla in bulk. 4. Cook peppers. 5. Combine beef with tomato sauce. 6. Serve with tortilla. 7. Plate carefully and add garnish.
392,beef_rice_392,beef,rice,carrots,tomato sauce,736,52,42,40,4,2,399,17,quick,beef:200g; rice:150g; carrots:100g; tomato sauce:75g; oil:10g,"stovetop, slow cooker","batch-cooking, meal-prep, quick, stovetop, slow cooker",1. Batch cook beef (store for 2–3 meals). 2. Prepare rice in bulk. 3. Cook carrots. 4. Combine beef with tomato sauce. 5. Serve with rice.
393,chicken_noodles_393,chicken,noodles,onion,teriyaki,572,62,40,18,4,2,508,10,quick,chicken:200g; noodles:150g; onion:100g; teriyaki:75g; oil:10g,microwave,"batch-cooking, meal-prep, quick, microwave",1. Batch cook chicken (store for 2–3 meals). 2. Prepare noodles in bulk. 3. Cook onion. 4. Combine chicken with teriyaki. 5. Serve with noodles.
394,tofu_tortilla_394,tofu,tortilla,carrots,pesto,544,16,75,20,8,4,494,21,quick,tofu:200g; tortilla:150g; carrots:100g; pesto:75g; oil:10g,"air fryer, slow cooker","batch-cooking, meal-prep, quick, air fryer, slow cooker",1. Batch cook tofu (store for 2–3 meals). 2. Prepare tortilla in bulk. 3. Cook carrots. 4. Combine tofu with pesto. 5. Serve with tortilla.
395,tofu_quinoa_395,tofu,quinoa,zucchini,garlic sauce,394,22,32,20,3,2,456,18,quick,tofu:200g; quinoa:150g; zucchini:100g; garlic sauce:75g; oil:10g,"air fryer, microwave, oven","batch-cooking, meal-prep, quick, air fryer, microwave, oven",1. Batch cook tofu (store for 2–3 meals). 2. Prepare quinoa in bulk. 3. Cook zucchini. 4. Combine tofu with garlic sauce. 5. Serve with quinoa.
396,shrimp_potatoes_396,shrimp,potatoes,zucchini,soy sauce,402,48,26,12,3,1,521,17,quick,shrimp:200g; potatoes:150g; zucchini:100g; soy sauce:75g; oil:10g,"air fryer, microwave, stovetop","batch-cooking, meal-prep, quick, air fryer, microwave, stovetop",1. Batch cook shrimp (store for 2–3 meals). 2. Prepare potatoes in bulk. 3. Cook zucchini. 4. Combine shrimp with soy sauce. 5. Serve with potatoes.
397,beef_potatoes_397,beef,potatoes,carrots,soy sauce,670,52,26,40,3,1,450,10,quick,beef:200g; potatoes:150g; carrots:100g; soy sauce:75g; oil:10g,"air fryer, microwave, oven","batch-cooking, meal-prep, quick, air fryer, microwave, oven",1. Batch cook beef (store for 2–3 meals). 2. Prepare potatoes in bulk. 3. Cook carrots. 4. Combine beef with soy sauce. 5. Serve with potatoes.
398,beef_rice_398,beef,rice,broccoli,soy sauce,736,52,42,40,4,2,478,19,quick,beef:200g; rice:150g; broccoli:100g; soy sauce:75g; oil:10g,"stovetop, oven","batch-cooking, meal-prep, quick, stovetop, oven",1. Batch cook beef (store for 2–3 meals). 2. Prepare rice in bulk. 3. Cook broccoli. 4. Combine beef with soy sauce. 5. Serve with rice.
399,chicken_pasta_399,chicken,pasta,peppers,pesto,560,62,38,18,4,2,302,10,quick,chicken:200g; pasta:150g; peppers:100g; pesto:75g; oil:10g,stovetop,"batch-cooking, meal-prep, quick, stovetop",1. Batch cook chicken (store for 2–3 meals). 2. Prepare pasta in bulk. 3. Cook peppers. 4. Combine chicken with pesto. 5. Serve with pasta.
400,pork_noodles_400,pork,noodles,zucchini,teriyaki,720,54,40,38,4,2,682,14,quick,pork:200g; noodles:150g; zucchini:100g; teriyaki:75g; oil:10g,stovetop,"batch-cooking, meal-prep, quick, stovetop",1. Batch cook pork (store for 2–3 meals). 2. Prepare noodles in bulk. 3. Cook zucchini. 4. Combine pork with teriyaki. 5. Serve with noodles.
401,chicken_quinoa_401,chicken,quinoa,carrots,tomato sauce,560,68,32,18,3,2,678,35,balanced,chicken:200g; quinoa:150g; carrots:100g; tomato sauce:75g; oil:10g,air fryer,"batch-cooking, meal-prep, balanced, air fryer",1. Batch cook chicken (store for 2–3 meals). 2. Prepare quinoa in bulk. 3. Cook carrots. 4. Combine chicken with tomato sauce. 5. Serve with quinoa.
402,pork_potatoes_402,pork,potatoes,spinach,pesto,660,54,26,38,3,1,630,77,weekend,pork:200g; potatoes:150g; spinach:100g; pesto:75g; oil:10g,"microwave, stovetop, slow cooker","batch-cooking, meal-prep, weekend, microwave, stovetop, slow cooker",1. Batch cook pork (store for 2–3 meals). 2. Marinate the pork for better flavor. 3. Prepare potatoes in bulk. 4. Cook spinach. 5. Combine pork with pesto. 6. Serve with potatoes. 7. Plate carefully and add garnish.
403,beef_quinoa_403,beef,quinoa,green beans,garlic sauce,718,58,32,40,3,2,706,11,quick,beef:200g; quinoa:150g; green beans:100g; garlic sauce:75g; oil:10g,"air fryer, stovetop, oven","batch-cooking, meal-prep, quick, air fryer, stovetop, oven",1. Batch cook beef (store for 2–3 meals). 2. Prepare quinoa in bulk. 3. Cook green beans. 4. Combine beef with garlic sauce. 5. Serve with quinoa.
404,shrimp_rice_404,shrimp,rice,carrots,cream sauce,468,48,42,12,4,2,551,41,balanced,shrimp:200g; rice:150g; carrots:100g; cream sauce:75g; oil:10g,"air fryer, microwave","batch-cooking, meal-prep, balanced, air fryer, microwave",1. Batch cook shrimp (store for 2–3 meals). 2. Prepare rice in bulk. 3. Cook carrots. 4. Combine shrimp with cream sauce. 5. Serve with rice.
405,lentils_potatoes_405,lentils,potatoes,green beans,pesto,424,18,66,10,7,3,506,46,weekend,lentils:200g; potatoes:150g; green beans:100g; pesto:75g; oil:10g,stovetop,"batch-cooking, meal-prep, weekend, stovetop",1. Batch cook lentils (store for 2–3 meals). 2. Marinate the lentils for better flavor. 3. Prepare potatoes in bulk. 4. Cook green beans. 5. Combine lentils with pesto. 6. Serve with potatoes. 7. Plate carefully and add garnish.
406,salmon_potatoes_406,salmon,potatoes,peppers,tomato sauce,626,50,26,36,3,1,737,17,quick,salmon:200g; potatoes:150g; peppers:100g; tomato sauce:75g; oil:10g,"air fryer, stovetop","batch-cooking, meal-prep, quick, air fryer, stovetop",1. Batch cook salmon (store for 2–3 meals). 2. Prepare potatoes in bulk. 3. Cook peppers. 4. Combine salmon with tomato sauce. 5. Serve with potatoes.
407,beef_quinoa_407,beef,quinoa,spinach,pesto,718,58,32,40,3,2,362,11,quick,beef:200g; quinoa:150g; spinach:100g; pesto:75g; oil:10g,oven,"batch-cooking, meal-prep, quick, oven",1. Batch cook beef (store for 2–3 meals). 2. Prepare quinoa in bulk. 3. Cook spinach. 4. Combine beef with pesto. 5. Serve with quinoa.
408,tofu_pasta_408,tofu,pasta,green beans,garlic sauce,394,16,38,20,4,2,309,27,balanced,tofu:200g; pasta:150g; green beans:100g; garlic sauce:75g; oil:10g,stovetop,"batch-cooking, meal-prep, balanced, stovetop",1. Batch cook tofu (store for 2–3 meals). 2. Prepare pasta in bulk. 3. Cook green beans. 4. Combine tofu with garlic sauce. 5. Serve with pasta.
409,lentils_potatoes_409,lentils,potatoes,onion,pesto,424,18,66,10,7,3,781,36,balanced,lentils:200g; potatoes:150g; onion:100g; pesto:75g; oil:10g,slow cooker,"batch-cooking, meal-prep, balanced, slow cooker",1. Batch cook lentils (store for 2–3 meals). 2. Prepare potatoes in bulk. 3. Cook onion. 4. Combine lentils with pesto. 5. Serve with potatoes.
410,turkey_rice_410,turkey,rice,broccoli,cream sauce,526,58,42,14,4,2,618,10,quick,turkey:200g; rice:150g; broccoli:100g; cream sauce:75g; oil:10g,"air fryer, slow cooker","batch-cooking, meal-prep, quick, air fryer, slow cooker",1. Batch cook turkey (store for 2–3 meals). 2. Prepare rice in bulk. 3. Cook broccoli. 4. Combine turkey with cream sauce. 5. Serve with rice.
411,pork_tortilla_411,pork,tortilla,green beans,cream sauce,858,54,75,38,8,4,531,15,quick,pork:200g; tortilla:150g; green beans:100g; cream sauce:75g; oil:10g,stovetop,"batch-cooking, meal-prep, quick, stovetop",1. Batch cook pork (store for 2–3 meals). 2. Prepare tortilla in bulk. 3. Cook green beans. 4. Combine pork with cream sauce. 5. Serve with tortilla.
412,salmon_rice_412,salmon,rice,peppers,soy sauce,692,50,42,36,4,2,415,31,balanced,salmon:200g; rice:150g; peppers:100g; soy sauce:75g; oil:10g,microwave,"batch-cooking, meal-prep, balanced, microwave",1. Batch cook salmon (store for 2–3 meals). 2. Prepare rice in bulk. 3. Cook peppers. 4. Combine salmon with soy sauce. 5. Serve with rice.
413,pork_potatoes_413,pork,potatoes,zucchini,pesto,660,54,26,38,3,1,456,25,quick,pork:200g; potatoes:150g; zucchini:100g; pesto:75g; oil:10g,"air fryer, microwave","batch-cooking, meal-prep, quick, air fryer, microwave",1. Batch cook pork (store for 2–3 meals). 2. Prepare potatoes in bulk. 3. Cook zucchini. 4. Combine pork with pesto. 5. Serve with potatoes.
414,pork_pasta_414,pork,pasta,zucchini,pesto,708,54,38,38,4,2,545,12,quick,pork:200g; pasta:150g; zucchini:100g; pesto:75g; oil:10g,"air fryer, oven, slow cooker","batch-cooking, meal-prep, quick, air fryer, oven, slow cooker",1. Batch cook pork (store for 2–3 meals). 2. Prepare pasta in bulk. 3. Cook zucchini. 4. Combine pork with pesto. 5. Serve with pasta.
415,turkey_potatoes_415,turkey,potatoes,green beans,garlic sauce,460,58,26,14,3,1,555,43,balanced,turkey:200g; potatoes:150g; green beans:100g; garlic sauce:75g; oil:10g,"stovetop, slow cooker","batch-cooking, meal-prep, balanced, stovetop, slow cooker",1. Batch cook turkey (store for 2–3 meals). 2. Prepare potatoes in bulk. 3. Cook green beans. 4. Combine turkey with garlic sauce. 5. Serve with potatoes.
416,beef_pasta_416,beef,pasta,carrots,garlic sauce,718,52,38,40,4,2,585,29,balanced,beef:200g; pasta:150g; carrots:100g; garlic sauce:75g; oil:10g,slow cooker,"batch-cooking, meal-prep, balanced, slow cooker",1. Batch cook beef (store for 2–3 meals). 2. Prepare pasta in bulk. 3. Cook carrots. 4. Combine beef with garlic sauce. 5. Serve with pasta.
417,beef_noodles_417,beef,noodles,carrots,pesto,730,52,40,40,4,2,770,44,balanced,beef:200g; noodles:150g; carrots:100g; pesto:75g; oil:10g,"microwave, stovetop, slow cooker","batch-cooking, meal-prep, balanced, microwave, stovetop, slow cooker",1. Batch cook beef (store for 2–3 meals). 2. Prepare noodles in bulk. 3. Cook carrots. 4. Combine beef with pesto. 5. Serve with noodles.
418,tofu_noodles_418,tofu,noodles,broccoli,garlic sauce,406,16,40,20,4,2,472,34,balanced,tofu:200g; noodles:150g; broccoli:100g; garlic sauce:75g; oil:10g,microwave,"batch-cooking, meal-prep, balanced, microwave",1. Batch cook tofu (store for 2–3 meals). 2. Prepare noodles in bulk. 3. Cook broccoli. 4. Combine tofu with garlic sauce. 5. Serve with noodles.
419,salmon_pasta_419,salmon,pasta,carrots,soy sauce,674,50,38,36,4,2,541,23,quick,salmon:200g; pasta:150g; carrots:100g; soy sauce:75g; oil:10g,"air fryer, microwave, slow cooker","batch-cooking, meal-prep, quick, air fryer, microwave, slow cooker",1. Batch cook salmon (store for 2–3 meals). 2. Prepare pasta in bulk. 3. Cook carrots. 4. Combine salmon with soy sauce. 5. Serve with pasta.
420,chicken_potatoes_420,chicken,potatoes,green beans,teriyaki,512,62,26,18,3,1,521,16,quick,chicken:200g; potatoes:150g; green beans:100g; teriyaki:75g; oil:10g,"air fryer, oven, slow cooker","batch-cooking, meal-prep, quick, air fryer, oven, slow cooker",1. Batch cook chicken (store for 2–3 meals). 2. Prepare potatoes in bulk. 3. Cook green beans. 4. Combine chicken with teriyaki. 5. Serve with potatoes.
421,salmon_tortilla_421,salmon,tortilla,carrots,tomato sauce,824,50,75,36,8,4,551,11,quick,salmon:200g; tortilla:150g; carrots:100g; tomato sauce:75g; oil:10g,stovetop,"batch-cooking, meal-prep, quick, stovetop",1. Batch cook salmon (store for 2–3 meals). 2. Prepare tortilla in bulk. 3. Cook carrots. 4. Combine salmon with tomato sauce. 5. Serve with tortilla.
422,chicken_tortilla_422,chicken,tortilla,peppers,cream sauce,710,62,75,18,8,4,773,13,quick,chicken:200g; tortilla:150g; peppers:100g; cream sauce:75g; oil:10g,"air fryer, stovetop","batch-cooking, meal-prep, quick, air fryer, stovetop",1. Batch cook chicken (store for 2–3 meals). 2. Prepare tortilla in bulk. 3. Cook peppers. 4. Combine chicken with cream sauce. 5. Serve with tortilla.
423,shrimp_potatoes_423,shrimp,potatoes,carrots,tomato sauce,402,48,26,12,3,1,596,12,quick,shrimp:200g; potatoes:150g; carrots:100g; tomato sauce:75g; oil:10g,stovetop,"batch-cooking, meal-prep, quick, stovetop",1. Batch cook shrimp (store for 2–3 meals). 2. Prepare potatoes in bulk. 3. Cook carrots. 4. Combine shrimp with tomato sauce. 5. Serve with potatoes.
424,salmon_potatoes_424,salmon,potatoes,peppers,garlic sauce,626,50,26,36,3,1,701,37,balanced,salmon:200g; potatoes:150g; peppers:100g; garlic sauce:75g; oil:10g,stovetop,"batch-cooking, meal-prep, balanced, stovetop",1. Batch cook salmon (store for 2–3 meals). 2. Prepare potatoes in bulk. 3. Cook peppers. 4. Combine salmon with garlic sauce. 5. Serve with potatoes.
425,pork_rice_425,pork,rice,zucchini,soy sauce,726,54,42,38,4,2,339,36,balanced,pork:200g; rice:150g; zucchini:100g; soy sauce:75g; oil:10g,"stovetop, slow cooker","batch-cooking, meal-prep, balanced, stovetop, slow cooker",1. Batch cook pork (store for 2–3 meals). 2. Prepare rice in bulk. 3. Cook zucchini. 4. Combine pork with soy sauce. 5. Serve with rice.
426,lentils_pasta_426,lentils,pasta,onion,cream sauce,472,18,78,10,8,4,633,20,quick,lentils:200g; pasta:150g; onion:100g; cream sauce:75g; oil:10g,air fryer,"batch-cooking, meal-prep, quick, air fryer",1. Batch cook lentils (store for 2–3 meals). 2. Prepare pasta in bulk. 3. Cook onion. 4. Combine lentils with cream sauce. 5. Serve with pasta.
427,beef_pasta_427,beef,pasta,peppers,tomato sauce,718,52,38,40,4,2,629,54,weekend,beef:200g; pasta:150g; peppers:100g; tomato sauce:75g; oil:10g,stovetop,"batch-cooking, meal-prep, weekend, stovetop",1. Batch cook beef (store for 2–3 meals). 2. Marinate the beef for better flavor. 3. Prepare pasta in bulk. 4. Cook peppers. 5. Combine beef with tomato sauce. 6. Serve with pasta. 7. Plate carefully and add garnish.
428,beef_quinoa_428,beef,quinoa,spinach,pesto,718,58,32,40,3,2,748,21,quick,beef:200g; quinoa:150g; spinach:100g; pesto:75g; oil:10g,"air fryer, stovetop, oven","batch-cooking, meal-prep, quick, air fryer, stovetop, oven",1. Batch cook beef (store for 2–3 meals). 2. Prepare quinoa in bulk. 3. Cook spinach. 4. Combine beef with pesto. 5. Serve with quinoa.
429,pork_rice_429,pork,rice,spinach,garlic sauce,726,54,42,38,4,2,461,11,quick,pork:200g; rice:150g; spinach:100g; garlic sauce:75g; oil:10g,stovetop,"batch-cooking, meal-prep, quick, stovetop",1. Batch cook pork (store for 2–3 meals). 2. Prepare rice in bulk. 3. Cook spinach. 4. Combine pork with garlic sauce. 5. Serve with rice.
430,chicken_pasta_430,chicken,pasta,green beans,soy sauce,560,62,38,18,4,2,458,17,quick,chicken:200g; pasta:150g; green beans:100g; soy sauce:75g; oil:10g,"air fryer, stovetop, slow cooker","batch-cooking, meal-prep, quick, air fryer, stovetop, slow cooker",1. Batch cook chicken (store for 2–3 meals). 2. Prepare pasta in bulk. 3. Cook green beans. 4. Combine chicken with soy sauce. 5. Serve with pasta.
431,pork_potatoes_431,pork,potatoes,green beans,soy sauce,660,54,26,38,3,1,625,18,quick,pork:200g; potatoes:150g; green beans:100g; soy sauce:75g; oil:10g,"air fryer, stovetop","batch-cooking, meal-prep, quick, air fryer, stovetop",1. Batch cook pork (store for 2–3 meals). 2. Prepare potatoes in bulk. 3. Cook green beans. 4. Combine pork with soy sauce. 5. Serve with potatoes.
432,beef_pasta_432,beef,pasta,broccoli,garlic sauce,718,52,38,40,4,2,472,11,quick,beef:200g; pasta:150g; broccoli:100g; garlic sauce:75g; oil:10g,"stovetop, slow cooker","batch-cooking, meal-prep, quick, stovetop, slow cooker",1. Batch cook beef (store for 2–3 meals). 2. Prepare pasta in bulk. 3. Cook broccoli. 4. Combine beef with garlic sauce. 5. Serve with pasta.
433,tofu_quinoa_433,tofu,quinoa,spinach,pesto,394,22,32,20,3,2,668,36,balanced,tofu:200g; quinoa:150g; spinach:100g; pesto:75g; oil:10g,"air fryer, microwave","batch-cooking, meal-prep, balanced, air fryer, microwave",1. Batch cook tofu (store for 2–3 meals). 2. Prepare quinoa in bulk. 3. Cook spinach. 4. Combine tofu with pesto. 5. Serve with quinoa.
434,chicken_tortilla_434,chicken,tortilla,zucchini,teriyaki,710,62,75,18,8,4,359,21,quick,chicken:200g; tortilla:150g; zucchini:100g; teriyaki:75g; oil:10g,"air fryer, stovetop, slow cooker","batch-cooking, meal-prep, quick, air fryer, stovetop, slow cooker",1. Batch cook chicken (store for 2–3 meals). 2. Prepare tortilla in bulk. 3. Cook zucchini. 4. Combine chicken with teriyaki. 5. Serve with tortilla.
435,lentils_potatoes_435,lentils,potatoes,spinach,teriyaki,424,18,66,10,7,3,726,12,quick,lentils:200g; potatoes:150g; spinach:100g; teriyaki:75g; oil:10g,"microwave, slow cooker","batch-cooking, meal-prep, quick, microwave, slow cooker",1. Batch cook lentils (store for 2–3 meals). 2. Prepare potatoes in bulk. 3. Cook spinach. 4. Combine lentils with teriyaki. 5. Serve with potatoes.
436,salmon_potatoes_436,salmon,potatoes,carrots,soy sauce,626,50,26,36,3,1,570,22,quick,salmon:200g; potatoes:150g; carrots:100g; soy sauce:75g; oil:10g,"microwave, stovetop, slow cooker","batch-cooking, meal-prep, quick, microwave, stovetop, slow cooker",1. Batch cook salmon (store for 2–3 meals). 2. Prepare potatoes in bulk. 3. Cook carrots. 4. Combine salmon with soy sauce. 5. Serve with potatoes.
437,turkey_rice_437,turkey,rice,broccoli,pesto,526,58,42,14,4,2,445,25,balanced,turkey:200g; rice:150g; broccoli:100g; pesto:75g; oil:10g,"microwave, stovetop, slow cooker","batch-cooking, meal-prep, balanced, microwave, stovetop, slow cooker",1. Batch cook turkey (store for 2–3 meals). 2. Prepare rice in bulk. 3. Cook broccoli. 4. Combine turkey with pesto. 5. Serve with rice.
438,chicken_pasta_438,chicken,pasta,green beans,cream sauce,560,62,38,18,4,2,639,25,quick,chicken:200g; pasta:150g; green beans:100g; cream sauce:75g; oil:10g,"air fryer, oven","batch-cooking, meal-prep, quick, air fryer, oven",1. Batch cook chicken (store for 2–3 meals). 2. Prepare pasta in bulk. 3. Cook green beans. 4. Combine chicken with cream sauce. 5. Serve with pasta.
439,salmon_potatoes_439,salmon,potatoes,zucchini,teriyaki,626,50,26,36,3,1,656,14,quick,salmon:200g; potatoes:150g; zucchini:100g; teriyaki:75g; oil:10g,air fryer,"batch-cooking, meal-prep, quick, air fryer",1. Batch cook salmon (store for 2–3 meals). 2. Prepare potatoes in bulk. 3. Cook zucchini. 4. Combine salmon with teriyaki. 5. Serve with potatoes.
440,chicken_rice_440,chicken,rice,peppers,teriyaki,578,62,42,18,4,2,355,19,quick,chicken:200g; rice:150g; peppers:100g; teriyaki:75g; oil:10g,"air fryer, oven, slow cooker","batch-cooking, meal-prep, quick, air fryer, oven, slow cooker",1. Batch cook chicken (store for 2–3 meals). 2. Prepare rice in bulk. 3. Cook peppers. 4. Combine chicken with teriyaki. 5. Serve with rice.
441,lentils_rice_441,lentils,rice,carrots,soy sauce,490,18,82,10,8,4,436,44,balanced,lentils:200g; rice:150g; carrots:100g; soy sauce:75g; oil:10g,"stovetop, slow cooker","batch-cooking, meal-prep, balanced, stovetop, slow cooker",1. Batch cook lentils (store for 2–3 meals). 2. Prepare rice in bulk. 3. Cook carrots. 4. Combine lentils with soy sauce. 5. Serve with rice.
442,beef_potatoes_442,beef,potatoes,spinach,teriyaki,670,52,26,40,3,1,567,22,quick,beef:200g; potatoes:150g; spinach:100g; teriyaki:75g; oil:10g,air fryer,"batch-cooking, meal-prep, quick, air fryer",1. Batch cook beef (store for 2–3 meals). 2. Prepare potatoes in bulk. 3. Cook spinach. 4. Combine beef with teriyaki. 5. Serve with potatoes.
443,turkey_potatoes_443,turkey,potatoes,broccoli,soy sauce,460,58,26,14,3,1,795,45,balanced,turkey:200g; potatoes:150g; broccoli:100g; soy sauce:75g; oil:10g,"microwave, stovetop","batch-cooking, meal-prep, balanced, microwave, stovetop",1. Batch cook turkey (store for 2–3 meals). 2. Prepare potatoes in bulk. 3. Cook broccoli. 4. Combine turkey with soy sauce. 5. Serve with potatoes.
444,tofu_rice_444,tofu,rice,peppers,tomato sauce,412,16,42,20,4,2,633,27,balanced,tofu:200g; rice:150g; peppers:100g; tomato sauce:75g; oil:10g,"stovetop, slow cooker","batch-cooking, meal-prep, balanced, stovetop, slow cooker",1. Batch cook tofu (store for 2–3 meals). 2. Prepare rice in bulk. 3. Cook peppers. 4. Combine tofu with tomato sauce. 5. Serve with rice.
445,lentils_potatoes_445,lentils,potatoes,broccoli,garlic sauce,424,18,66,10,7,3,717,38,balanced,lentils:200g; potatoes:150g; broccoli:100g; garlic sauce:75g; oil:10g,"oven, slow cooker","batch-cooking, meal-prep, balanced, oven, slow cooker",1. Batch cook lentils (store for 2–3 meals). 2. Prepare potatoes in bulk. 3. Cook broccoli. 4. Combine lentils with garlic sauce. 5. Serve with potatoes.
446,lentils_pasta_446,lentils,pasta,zucchini,teriyaki,472,18,78,10,8,4,489,19,quick,lentils:200g; pasta:150g; zucchini:100g; teriyaki:75g; oil:10g,"microwave, stovetop, oven","batch-cooking, meal-prep, quick, microwave, stovetop, oven",1. Batch cook lentils (store for 2–3 meals). 2. Prepare pasta in bulk. 3. Cook zucchini. 4. Combine lentils with teriyaki. 5. Serve with pasta.
447,pork_quinoa_447,pork,quinoa,broccoli,soy sauce,708,60,32,38,3,2,381,21,quick,pork:200g; quinoa:150g; broccoli:100g; soy sauce:75g; oil:10g,microwave,"batch-cooking, meal-prep, quick, microwave",1. Batch cook pork (store for 2–3 meals). 2. Prepare quinoa in bulk. 3. Cook broccoli. 4. Combine pork with soy sauce. 5. Serve with quinoa.
448,salmon_rice_448,salmon,rice,zucchini,soy sauce,692,50,42,36,4,2,409,27,balanced,salmon:200g; rice:150g; zucchini:100g; soy sauce:75g; oil:10g,"air fryer, stovetop","batch-cooking, meal-prep, balanced, air fryer, stovetop",1. Batch cook salmon (store for 2–3 meals). 2. Prepare rice in bulk. 3. Cook zucchini. 4. Combine salmon with soy sauce. 5. Serve with rice.
449,shrimp_pasta_449,shrimp,pasta,peppers,garlic sauce,450,48,38,12,4,2,760,10,quick,shrimp:200g; pasta:150g; peppers:100g; garlic sauce:75g; oil:10g,stovetop,"batch-cooking, meal-prep, quick, stovetop",1. Batch cook shrimp (store for 2–3 meals). 2. Prepare pasta in bulk. 3. Cook peppers. 4. Combine shrimp with garlic sauce. 5. Serve with pasta.
450,beef_pasta_450,beef,pasta,green beans,soy sauce,718,52,38,40,4,2,477,17,quick,beef:200g; pasta:150g; green beans:100g; soy sauce:75g; oil:10g,oven,"batch-cooking, meal-prep, quick, oven",1. Batch cook beef (store for 2–3 meals). 2. Prepare pasta in bulk. 3. Cook green beans. 4. Combine beef with soy sauce. 5. Serve with pasta.
451,shrimp_noodles_451,shrimp,noodles,zucchini,garlic sauce,462,48,40,12,4,2,314,37,balanced,shrimp:200g; noodles:150g; zucchini:100g; garlic sauce:75g; oil:10g,"air fryer, stovetop","batch-cooking, meal-prep, balanced, air fryer, stovetop",1. Batch cook shrimp (store for 2–3 meals). 2. Prepare noodles in bulk. 3. Cook zucchini. 4. Combine shrimp with garlic sauce. 5. Serve with noodles.
452,tofu_potatoes_452,tofu,potatoes,broccoli,garlic sauce,346,16,26,20,3,1,715,45,balanced,tofu:200g; potatoes:150g; broccoli:100g; garlic sauce:75g; oil:10g,"air fryer, stovetop, oven","batch-cooking, meal-prep, balanced, air fryer, stovetop, oven",1. Batch cook tofu (store for 2–3 meals). 2. Prepare potatoes in bulk. 3. Cook broccoli. 4. Combine tofu with garlic sauce. 5. Serve with potatoes.
453,salmon_noodles_453,salmon,noodles,green beans,tomato sauce,686,50,40,36,4,2,304,16,quick,salmon:200g; noodles:150g; green beans:100g; tomato sauce:75g; oil:10g,"microwave, slow cooker","batch-cooking, meal-prep, quick, microwave, slow cooker",1. Batch cook salmon (store for 2–3 meals). 2. Prepare noodles in bulk. 3. Cook green beans. 4. Combine salmon with tomato sauce. 5. Serve with noodles.
454,chicken_rice_454,chicken,rice,broccoli,garlic sauce,578,62,42,18,4,2,791,10,quick,chicken:200g; rice:150g; broccoli:100g; garlic sauce:75g; oil:10g,air fryer,"batch-cooking, meal-prep, quick, air fryer",1. Batch cook chicken (store for 2–3 meals). 2. Prepare rice in bulk. 3. Cook broccoli. 4. Combine chicken with garlic sauce. 5. Serve with rice.
455,shrimp_rice_455,shrimp,rice,green beans,teriyaki,468,48,42,12,4,2,543,13,quick,shrimp:200g; rice:150g; green beans:100g; teriyaki:75g; oil:10g,microwave,"batch-cooking, meal-prep, quick, microwave",1. Batch cook shrimp (store for 2–3 meals). 2. Prepare rice in bulk. 3. Cook green beans. 4. Combine shrimp with teriyaki. 5. Serve with rice.
456,turkey_rice_456,turkey,rice,spinach,tomato sauce,526,58,42,14,4,2,362,58,weekend,turkey:200g; rice:150g; spinach:100g; tomato sauce:75g; oil:10g,"microwave, slow cooker","batch-cooking, meal-prep, weekend, microwave, slow cooker",1. Batch cook turkey (store for 2–3 meals). 2. Marinate the turkey for better flavor. 3. Prepare rice in bulk. 4. Cook spinach. 5. Combine turkey with tomato sauce. 6. Serve with rice. 7. Plate carefully and add garnish.
457,lentils_quinoa_457,lentils,quinoa,green beans,garlic sauce,472,24,72,10,7,4,583,19,quick,lentils:200g; quinoa:150g; green beans:100g; garlic sauce:75g; oil:10g,"air fryer, stovetop","batch-cooking, meal-prep, quick, air fryer, stovetop",1. Batch cook lentils (store for 2–3 meals). 2. Prepare quinoa in bulk. 3. Cook green beans. 4. Combine lentils with garlic sauce. 5. Serve with quinoa.
458,salmon_pasta_458,salmon,pasta,spinach,tomato sauce,674,50,38,36,4,2,411,28,balanced,salmon:200g; pasta:150g; spinach:100g; tomato sauce:75g; oil:10g,"air fryer, stovetop","batch-cooking, meal-prep, balanced, air fryer, stovetop",1. Batch cook salmon (store for 2–3 meals). 2. Prepare pasta in bulk. 3. Cook spinach. 4. Combine salmon with tomato sauce. 5. Serve with pasta.
459,salmon_quinoa_459,salmon,quinoa,zucchini,teriyaki,674,56,32,36,3,2,355,71,weekend,salmon:200g; quinoa:150g; zucchini:100g; teriyaki:75g; oil:10g,"microwave, oven, slow cooker","batch-cooking, meal-prep, weekend, microwave, oven, slow cooker",1. Batch cook salmon (store for 2–3 meals). 2. Marinate the salmon for better flavor. 3. Prepare quinoa in bulk. 4. Cook zucchini. 5. Combine salmon with teriyaki. 6. Serve with quinoa. 7. Plate carefully and add garnish.
460,chicken_noodles_460,chicken,noodles,spinach,cream sauce,572,62,40,18,4,2,588,31,balanced,chicken:200g; noodles:150g; spinach:100g; cream sauce:75g; oil:10g,microwave,"batch-cooking, meal-prep, balanced, microwave",1. Batch cook chicken (store for 2–3 meals). 2. Prepare noodles in bulk. 3. Cook spinach. 4. Combine chicken with cream sauce. 5. Serve with noodles.
461,shrimp_rice_461,shrimp,rice,peppers,teriyaki,468,48,42,12,4,2,521,31,balanced,shrimp:200g; rice:150g; peppers:100g; teriyaki:75g; oil:10g,air fryer,"batch-cooking, meal-prep, balanced, air fryer",1. Batch cook shrimp (store for 2–3 meals). 2. Prepare rice in bulk. 3. Cook peppers. 4. Combine shrimp with teriyaki. 5. Serve with rice.
462,salmon_potatoes_462,salmon,potatoes,spinach,soy sauce,626,50,26,36,3,1,355,23,quick,salmon:200g; potatoes:150g; spinach:100g; soy sauce:75g; oil:10g,"stovetop, oven, slow cooker","batch-cooking, meal-prep, quick, stovetop, oven, slow cooker",1. Batch cook salmon (store for 2–3 meals). 2. Prepare potatoes in bulk. 3. Cook spinach. 4. Combine salmon with soy sauce. 5. Serve with potatoes.
463,chicken_tortilla_463,chicken,tortilla,spinach,soy sauce,710,62,75,18,8,4,763,13,quick,chicken:200g; tortilla:150g; spinach:100g; soy sauce:75g; oil:10g,"air fryer, microwave","batch-cooking, meal-prep, quick, air fryer, microwave",1. Batch cook chicken (store for 2–3 meals). 2. Prepare tortilla in bulk. 3. Cook spinach. 4. Combine chicken with soy sauce. 5. Serve with tortilla.
464,lentils_noodles_464,lentils,noodles,broccoli,pesto,484,18,80,10,8,4,636,44,balanced,lentils:200g; noodles:150g; broccoli:100g; pesto:75g; oil:10g,"air fryer, slow cooker","batch-cooking, meal-prep, balanced, air fryer, slow cooker",1. Batch cook lentils (store for 2–3 meals). 2. Prepare noodles in bulk. 3. Cook broccoli. 4. Combine lentils with pesto. 5. Serve with noodles.
465,pork_pasta_465,pork,pasta,zucchini,pesto,708,54,38,38,4,2,363,45,balanced,pork:200g; pasta:150g; zucchini:100g; pesto:75g; oil:10g,"stovetop, oven, slow cooker","batch-cooking, meal-prep, balanced, stovetop, oven, slow cooker",1. Batch cook pork (store for 2–3 meals). 2. Prepare pasta in bulk. 3. Cook zucchini. 4. Combine pork with pesto. 5. Serve with pasta.
466,shrimp_quinoa_466,shrimp,quinoa,zucchini,garlic sauce,450,54,32,12,3,2,316,19,quick,shrimp:200g; quinoa:150g; zucchini:100g; garlic sauce:75g; oil:10g,"stovetop, oven, slow cooker","batch-cooking, meal-prep, quick, stovetop, oven, slow cooker",1. Batch cook shrimp (store for 2–3 meals). 2. Prepare quinoa in bulk. 3. Cook zucchini. 4. Combine shrimp with garlic sauce. 5. Serve with quinoa.
467,chicken_rice_467,chicken,rice,broccoli,soy sauce,578,62,42,18,4,2,626,40,balanced,chicken:200g; rice:150g; broccoli:100g; soy sauce:75g; oil:10g,"air fryer, microwave, stovetop","batch-cooking, meal-prep, balanced, air fryer, microwave, stovetop",1. Batch cook chicken (store for 2–3 meals). 2. Prepare rice in bulk. 3. Cook broccoli. 4. Combine chicken with soy sauce. 5. Serve with rice.
468,turkey_tortilla_468,turkey,tortilla,peppers,teriyaki,658,58,75,14,8,4,475,13,quick,turkey:200g; tortilla:150g; peppers:100g; teriyaki:75g; oil:10g,"air fryer, microwave, slow cooker","batch-cooking, meal-prep, quick, air fryer, microwave, slow cooker",1. Batch cook turkey (store for 2–3 meals). 2. Prepare tortilla in bulk. 3. Cook peppers. 4. Combine turkey with teriyaki. 5. Serve with tortilla.
469,turkey_pasta_469,turkey,pasta,carrots,pesto,508,58,38,14,4,2,529,90,weekend,turkey:200g; pasta:150g; carrots:100g; pesto:75g; oil:10g,slow cooker,"batch-cooking, meal-prep, weekend, slow cooker",1. Batch cook turkey (store for 2–3 meals). 2. Marinate the turkey for better flavor. 3. Prepare pasta in bulk. 4. Cook carrots. 5. Combine turkey with pesto. 6. Serve with pasta. 7. Plate carefully and add garnish.
470,salmon_pasta_470,salmon,pasta,zucchini,garlic sauce,674,50,38,36,4,2,382,11,quick,salmon:200g; pasta:150g; zucchini:100g; garlic sauce:75g; oil:10g,"microwave, stovetop, oven","batch-cooking, meal-prep, quick, microwave, stovetop, oven",1. Batch cook salmon (store for 2–3 meals). 2. Prepare pasta in bulk. 3. Cook zucchini. 4. Combine salmon with garlic sauce. 5. Serve with pasta.
471,salmon_rice_471,salmon,rice,zucchini,garlic sauce,692,50,42,36,4,2,490,82,weekend,salmon:200g; rice:150g; zucchini:100g; garlic sauce:75g; oil:10g,"air fryer, stovetop, oven","batch-cooking, meal-prep, weekend, air fryer, stovetop, oven",1. Batch cook salmon (store for 2–3 meals). 2. Marinate the salmon for better flavor. 3. Prepare rice in bulk. 4. Cook zucchini. 5. Combine salmon with garlic sauce. 6. Serve with rice. 7. Plate carefully and add garnish.
472,turkey_noodles_472,turkey,noodles,carrots,tomato sauce,520,58,40,14,4,2,703,34,balanced,turkey:200g; noodles:150g; carrots:100g; tomato sauce:75g; oil:10g,air fryer,"batch-cooking, meal-prep, balanced, air fryer",1. Batch cook turkey (store for 2–3 meals). 2. Prepare noodles in bulk. 3. Cook carrots. 4. Combine turkey with tomato sauce. 5. Serve with noodles.
473,lentils_tortilla_473,lentils,tortilla,zucchini,tomato sauce,622,18,115,10,12,6,706,80,weekend,lentils:200g; tortilla:150g; zucchini:100g; tomato sauce:75g; oil:10g,"air fryer, microwave, slow cooker","batch-cooking, meal-prep, weekend, air fryer, microwave, slow cooker",1. Batch cook lentils (store for 2–3 meals). 2. Marinate the lentils for better flavor. 3. Prepare tortilla in bulk. 4. Cook zucchini. 5. Combine lentils with tomato sauce. 6. Serve with tortilla. 7. Plate carefully and add garnish.
474,beef_pasta_474,beef,pasta,spinach,pesto,718,52,38,40,4,2,606,15,quick,beef:200g; pasta:150g; spinach:100g; pesto:75g; oil:10g,"air fryer, stovetop","batch-cooking, meal-prep, quick, air fryer, stovetop",1. Batch cook beef (store for 2–3 meals). 2. Prepare pasta in bulk. 3. Cook spinach. 4. Combine beef with pesto. 5. Serve with pasta.
475,pork_pasta_475,pork,pasta,zucchini,soy sauce,708,54,38,38,4,2,404,10,quick,pork:200g; pasta:150g; zucchini:100g; soy sauce:75g; oil:10g,oven,"batch-cooking, meal-prep, quick, oven",1. Batch cook pork (store for 2–3 meals). 2. Prepare pasta in bulk. 3. Cook zucchini. 4. Combine pork with soy sauce. 5. Serve with pasta.
476,beef_potatoes_476,beef,potatoes,carrots,tomato sauce,670,52,26,40,3,1,741,31,balanced,beef:200g; potatoes:150g; carrots:100g; tomato sauce:75g; oil:10g,"microwave, stovetop, oven","batch-cooking, meal-prep, balanced, microwave, stovetop, oven",1. Batch cook beef (store for 2–3 meals). 2. Prepare potatoes in bulk. 3. Cook carrots. 4. Combine beef with tomato sauce. 5. Serve with potatoes.
477,turkey_tortilla_477,turkey,tortilla,onion,teriyaki,658,58,75,14,8,4,761,13,quick,turkey:200g; tortilla:150g; onion:100g; teriyaki:75g; oil:10g,"microwave, stovetop, oven","batch-cooking, meal-prep, quick, microwave, stovetop, oven",1. Batch cook turkey (store for 2–3 meals). 2. Prepare tortilla in bulk. 3. Cook onion. 4. Combine turkey with teriyaki. 5. Serve with tortilla.
478,beef_tortilla_478,beef,tortilla,onion,tomato sauce,868,52,75,40,8,4,317,83,weekend,beef:200g; tortilla:150g; onion:100g; tomato sauce:75g; oil:10g,slow cooker,"batch-cooking, meal-prep, weekend, slow cooker",1. Batch cook beef (store for 2–3 meals). 2. Marinate the beef for better flavor. 3. Prepare tortilla in bulk. 4. Cook onion. 5. Combine beef with tomato sauce. 6. Serve with tortilla. 7. Plate carefully and add garnish.
479,turkey_rice_479,turkey,rice,spinach,cream sauce,526,58,42,14,4,2,356,63,weekend,turkey:200g; rice:150g; spinach:100g; cream sauce:75g; oil:10g,"microwave, slow cooker","batch-cooking, meal-prep, weekend, microwave, slow cooker",1. Batch cook turkey (store for 2–3 meals). 2. Marinate the turkey for better flavor. 3. Prepare rice in bulk. 4. Cook spinach. 5. Combine turkey with cream sauce. 6. Serve with rice. 7. Plate carefully and add garnish.
480,salmon_quinoa_480,salmon,quinoa,peppers,cream sauce,674,56,32,36,3,2,699,25,quick,salmon:200g; quinoa:150g; peppers:100g; cream sauce:75g; oil:10g,slow cooker,"batch-cooking, meal-prep, quick, slow cooker",1. Batch cook salmon (store for 2–3 meals). 2. Prepare quinoa in bulk. 3. Cook peppers. 4. Combine salmon with cream sauce. 5. Serve with quinoa.
481,tofu_rice_481,tofu,rice,green beans,pesto,412,16,42,20,4,2,609,61,weekend,tofu:200g; rice:150g; green beans:100g; pesto:75g; oil:10g,stovetop,"batch-cooking, meal-prep, weekend, stovetop",1. Batch cook tofu (store for 2–3 meals). 2. Marinate the tofu for better flavor. 3. Prepare rice in bulk. 4. Cook green beans. 5. Combine tofu with pesto. 6. Serve with rice. 7. Plate carefully and add garnish.
482,beef_quinoa_482,beef,quinoa,zucchini,tomato sauce,718,58,32,40,3,2,624,12,quick,beef:200g; quinoa:150g; zucchini:100g; tomato sauce:75g; oil:10g,"air fryer, microwave, slow cooker","batch-cooking, meal-prep, quick, air fryer, microwave, slow cooker",1. Batch cook beef (store for 2–3 meals). 2. Prepare quinoa in bulk. 3. Cook zucchini. 4. Combine beef with tomato sauce. 5. Serve with quinoa.
483,salmon_rice_483,salmon,rice,peppers,soy sauce,692,50,42,36,4,2,530,25,balanced,salmon:200g; rice:150g; peppers:100g; soy sauce:75g; oil:10g,stovetop,"batch-cooking, meal-prep, balanced, stovetop",1. Batch cook salmon (store for 2–3 meals). 2. Prepare rice in bulk. 3. Cook peppers. 4. Combine salmon with soy sauce. 5. Serve with rice.
484,pork_potatoes_484,pork,potatoes,green beans,pesto,660,54,26,38,3,1,541,45,balanced,pork:200g; potatoes:150g; green beans:100g; pesto:75g; oil:10g,microwave,"batch-cooking, meal-prep, balanced, microwave",1. Batch cook pork (store for 2–3 meals). 2. Prepare potatoes in bulk. 3. Cook green beans. 4. Combine pork with pesto. 5. Serve with potatoes.
485,turkey_noodles_485,turkey,noodles,spinach,pesto,520,58,40,14,4,2,473,20,quick,turkey:200g; noodles:150g; spinach:100g; pesto:75g; oil:10g,"stovetop, oven","batch-cooking, meal-prep, quick, stovetop, oven",1. Batch cook turkey (store for 2–3 meals). 2. Prepare noodles in bulk. 3. Cook spinach. 4. Combine turkey with pesto. 5. Serve with noodles.
486,chicken_tortilla_486,chicken,tortilla,onion,cream sauce,710,62,75,18,8,4,347,10,quick,chicken:200g; tortilla:150g; onion:100g; cream sauce:75g; oil:10g,air fryer,"batch-cooking, meal-prep, quick, air fryer",1. Batch cook chicken (store for 2–3 meals). 2. Prepare tortilla in bulk. 3. Cook onion. 4. Combine chicken with cream sauce. 5. Serve with tortilla.
487,beef_potatoes_487,beef,potatoes,onion,pesto,670,52,26,40,3,1,706,45,balanced,beef:200g; potatoes:150g; onion:100g; pesto:75g; oil:10g,"microwave, slow cooker","batch-cooking, meal-prep, balanced, microwave, slow cooker",1. Batch cook beef (store for 2–3 meals). 2. Prepare potatoes in bulk. 3. Cook onion. 4. Combine beef with pesto. 5. Serve with potatoes.
488,lentils_potatoes_488,lentils,potatoes,carrots,garlic sauce,424,18,66,10,7,3,475,15,quick,lentils:200g; potatoes:150g; carrots:100g; garlic sauce:75g; oil:10g,"air fryer, microwave, oven","batch-cooking, meal-prep, quick, air fryer, microwave, oven",1. Batch cook lentils (store for 2–3 meals). 2. Prepare potatoes in bulk. 3. Cook carrots. 4. Combine lentils with garlic sauce. 5. Serve with potatoes.
489,lentils_rice_489,lentils,rice,peppers,tomato sauce,490,18,82,10,8,4,702,15,quick,lentils:200g; rice:150g; peppers:100g; tomato sauce:75g; oil:10g,"air fryer, microwave, oven","batch-cooking, meal-prep, quick, air fryer, microwave, oven",1. Batch cook lentils (store for 2–3 meals). 2. Prepare rice in bulk. 3. Cook peppers. 4. Combine lentils with tomato sauce. 5. Serve with rice.
490,pork_rice_490,pork,rice,green beans,tomato sauce,726,54,42,38,4,2,584,77,weekend,pork:200g; rice:150g; green beans:100g; tomato sauce:75g; oil:10g,"microwave, oven","batch-cooking, meal-prep, weekend, microwave, oven",1. Batch cook pork (store for 2–3 meals). 2. Marinate the pork for better flavor. 3. Prepare rice in bulk. 4. Cook green beans. 5. Combine pork with tomato sauce. 6. Serve with rice. 7. Plate carefully and add garnish.
491,chicken_pasta_491,chicken,pasta,spinach,garlic sauce,560,62,38,18,4,2,763,84,weekend,chicken:200g; pasta:150g; spinach:100g; garlic sauce:75g; oil:10g,"air fryer, stovetop, oven","batch-cooking, meal-prep, weekend, air fryer, stovetop, oven",1. Batch cook chicken (store for 2–3 meals). 2. Marinate the chicken for better flavor. 3. Prepare pasta in bulk. 4. Cook spinach. 5. Combine chicken with garlic sauce. 6. Serve with pasta. 7. Plate carefully and add garnish.
492,lentils_pasta_492,lentils,pasta,carrots,cream sauce,472,18,78,10,8,4,519,58,weekend,lentils:200g; pasta:150g; carrots:100g; cream sauce:75g; oil:10g,"microwave, oven, slow cooker","batch-cooking, meal-prep, weekend, microwave, oven, slow cooker",1. Batch cook lentils (store for 2–3 meals). 2. Marinate the lentils for better flavor. 3. Prepare pasta in bulk. 4. Cook carrots. 5. Combine lentils with cream sauce. 6. Serve with pasta. 7. Plate carefully and add garnish.
493,turkey_rice_493,turkey,rice,spinach,cream sauce,526,58,42,14,4,2,715,18,quick,turkey:200g; rice:150g; spinach:100g; cream sauce:75g; oil:10g,"microwave, slow cooker","batch-cooking, meal-prep, quick, microwave, slow cooker",1. Batch cook turkey (store for 2–3 meals). 2. Prepare rice in bulk. 3. Cook spinach. 4. Combine turkey with cream sauce. 5. Serve with rice.
494,chicken_potatoes_494,chicken,potatoes,zucchini,cream sauce,512,62,26,18,3,1,313,72,weekend,chicken:200g; potatoes:150g; zucchini:100g; cream sauce:75g; oil:10g,"stovetop, slow cooker","batch-cooking, meal-prep, weekend, stovetop, slow cooker",1. Batch cook chicken (store for 2–3 meals). 2. Marinate the chicken for better flavor. 3. Prepare potatoes in bulk. 4. Cook zucchini. 5. Combine chicken with cream sauce. 6. Serve with potatoes. 7. Plate carefully and add garnish.
495,shrimp_quinoa_495,shrimp,quinoa,peppers,cream sauce,450,54,32,12,3,2,738,81,weekend,shrimp:200g; quinoa:150g; peppers:100g; cream sauce:75g; oil:10g,"microwave, oven, slow cooker","batch-cooking, meal-prep, weekend, microwave, oven, slow cooker",1. Batch cook shrimp (store for 2–3 meals). 2. Marinate the shrimp for better flavor. 3. Prepare quinoa in bulk. 4. Cook peppers. 5. Combine shrimp with cream sauce. 6. Serve with quinoa. 7. Plate carefully and add garnish.
496,shrimp_pasta_496,shrimp,pasta,spinach,tomato sauce,450,48,38,12,4,2,790,20,quick,shrimp:200g; pasta:150g; spinach:100g; tomato sauce:75g; oil:10g,stovetop,"batch-cooking, meal-prep, quick, stovetop",1. Batch cook shrimp (store for 2–3 meals). 2. Prepare pasta in bulk. 3. Cook spinach. 4. Combine shrimp with tomato sauce. 5. Serve with pasta.
497,shrimp_potatoes_497,shrimp,potatoes,carrots,soy sauce,402,48,26,12,3,1,647,82,weekend,shrimp:200g; potatoes:150g; carrots:100g; soy sauce:75g; oil:10g,slow cooker,"batch-cooking, meal-prep, weekend, slow cooker",1. Batch cook shrimp (store for 2–3 meals). 2. Marinate the shrimp for better flavor. 3. Prepare potatoes in bulk. 4. Cook carrots. 5. Combine shrimp with soy sauce. 6. Serve with potatoes. 7. Plate carefully and add garnish.
498,chicken_rice_498,chicken,rice,onion,garlic sauce,578,62,42,18,4,2,469,88,weekend,chicken:200g; rice:150g; onion:100g; garlic sauce:75g; oil:10g,"air fryer, microwave, slow cooker","batch-cooking, meal-prep, weekend, air fryer, microwave, slow cooker",1. Batch cook chicken (store for 2–3 meals). 2. Marinate the chicken for better flavor. 3. Prepare rice in bulk. 4. Cook onion. 5. Combine chicken with garlic sauce. 6. Serve with rice. 7. Plate carefully and add garnish.
499,lentils_tortilla_499,lentils,tortilla,onion,tomato sauce,622,18,115,10,12,6,587,30,balanced,lentils:200g; tortilla:150g; onion:100g; tomato sauce:75g; oil:10g,stovetop,"batch-cooking, meal-prep, balanced, stovetop",1. Batch cook lentils (store for 2–3 meals). 2. Prepare tortilla in bulk. 3. Cook onion. 4. Combine lentils with tomato sauce. 5. Serve with tortilla.
500,chicken_noodles_500,chicken,noodles,green beans,garlic sauce,572,62,40,18,4,2,423,16,quick,chicken:200g; noodles:150g; green beans:100g; garlic sauce:75g; oil:10g,"stovetop, slow cooker","batch-cooking, meal-prep, quick, stovetop, slow cooker",1. Batch cook chicken (store for 2–3 meals). 2. Prepare noodles in bulk. 3. Cook green beans. 4. Combine chicken with garlic sauce. 5. Serve with noodles.
501,beef_potatoes_501,beef,potatoes,green beans,pesto,670,52,26,40,3,1,616,89,weekend,beef:200g; potatoes:150g; green beans:100g; pesto:75g; oil:10g,"air fryer, microwave, stovetop","batch-cooking, meal-prep, weekend, air fryer, microwave, stovetop",1. Batch cook beef (store for 2–3 meals). 2. Marinate the beef for better flavor. 3. Prepare potatoes in bulk. 4. Cook green beans. 5. Combine beef with pesto. 6. Serve with potatoes. 7. Plate carefully and add garnish.
502,chicken_quinoa_502,chicken,quinoa,broccoli,garlic sauce,560,68,32,18,3,2,302,28,balanced,chicken:200g; quinoa:150g; broccoli:100g; garlic sauce:75g; oil:10g,"microwave, oven","batch-cooking, meal-prep, balanced, microwave, oven",1. Batch cook chicken (store for 2–3 meals). 2. Prepare quinoa in bulk. 3. Cook broccoli. 4. Combine chicken with garlic sauce. 5. Serve with quinoa.
503,turkey_rice_503,turkey,rice,broccoli,garlic sauce,526,58,42,14,4,2,794,15,quick,turkey:200g; rice:150g; broccoli:100g; garlic sauce:75g; oil:10g,"air fryer, slow cooker","batch-cooking, meal-prep, quick, air fryer, slow cooker",1. Batch cook turkey (store for 2–3 meals). 2. Prepare rice in bulk. 3. Cook broccoli. 4. Combine turkey with garlic sauce. 5. Serve with rice.
504,salmon_rice_504,salmon,rice,zucchini,pesto,692,50,42,36,4,2,432,52,weekend,salmon:200g; rice:150g; zucchini:100g; pesto:75g; oil:10g,stovetop,"batch-cooking, meal-prep, weekend, stovetop",1. Batch cook salmon (store for 2–3 meals). 2. Marinate the salmon for better flavor. 3. Prepare rice in bulk. 4. Cook zucchini. 5. Combine salmon with pesto. 6. Serve with rice. 7. Plate carefully and add garnish.
505,shrimp_tortilla_505,shrimp,tortilla,spinach,tomato sauce,600,48,75,12,8,4,314,90,weekend,shrimp:200g; tortilla:150g; spinach:100g; tomato sauce:75g; oil:10g,air fryer,"batch-cooking, meal-prep, weekend, air fryer",1. Batch cook shrimp (store for 2–3 meals). 2. Marinate the shrimp for better flavor. 3. Prepare tortilla in bulk. 4. Cook spinach. 5. Combine shrimp with tomato sauce. 6. Serve with tortilla. 7. Plate carefully and add garnish.
506,lentils_noodles_506,lentils,noodles,onion,soy sauce,484,18,80,10,8,4,467,44,balanced,lentils:200g; noodles:150g; onion:100g; soy sauce:75g; oil:10g,"stovetop, oven, slow cooker","batch-cooking, meal-prep, balanced, stovetop, oven, slow cooker",1. Batch cook lentils (store for 2–3 meals). 2. Prepare noodles in bulk. 3. Cook onion. 4. Combine lentils with soy sauce. 5. Serve with noodles.
507,shrimp_noodles_507,shrimp,noodles,broccoli,teriyaki,462,48,40,12,4,2,373,75,weekend,shrimp:200g; noodles:150g; broccoli:100g; teriyaki:75g; oil:10g,air fryer,"batch-cooking, meal-prep, weekend, air fryer",1. Batch cook shrimp (store for 2–3 meals). 2. Marinate the shrimp for better flavor. 3. Prepare noodles in bulk. 4. Cook broccoli. 5. Combine shrimp with teriyaki. 6. Serve with noodles. 7. Plate carefully and add garnish.
508,tofu_rice_508,tofu,rice,green beans,cream sauce,412,16,42,20,4,2,774,22,quick,tofu:200g; rice:150g; green beans:100g; cream sauce:75g; oil:10g,stovetop,"batch-cooking, meal-prep, quick, stovetop",1. Batch cook tofu (store for 2–3 meals). 2. Prepare rice in bulk. 3. Cook green beans. 4. Combine tofu with cream sauce. 5. Serve with rice.
509,beef_pasta_509,beef,pasta,zucchini,pesto,718,52,38,40,4,2,767,11,quick,beef:200g; pasta:150g; zucchini:100g; pesto:75g; oil:10g,"oven, slow cooker","batch-cooking, meal-prep, quick, oven, slow cooker",1. Batch cook beef (store for 2–3 meals). 2. Prepare pasta in bulk. 3. Cook zucchini. 4. Combine beef with pesto. 5. Serve with pasta.
510,tofu_pasta_510,tofu,pasta,onion,tomato sauce,394,16,38,20,4,2,767,26,balanced,tofu:200g; pasta:150g; onion:100g; tomato sauce:75g; oil:10g,"stovetop, oven","batch-cooking, meal-prep, balanced, stovetop, oven",1. Batch cook tofu (store for 2–3 meals). 2. Prepare pasta in bulk. 3. Cook onion. 4. Combine tofu with tomato sauce. 5. Serve with pasta.
511,shrimp_quinoa_511,shrimp,quinoa,carrots,soy sauce,450,54,32,12,3,2,644,19,quick,shrimp:200g; quinoa:150g; carrots:100g; soy sauce:75g; oil:10g,"air fryer, slow cooker","batch-cooking, meal-prep, quick, air fryer, slow cooker",1. Batch cook shrimp (store for 2–3 meals). 2. Prepare quinoa in bulk. 3. Cook carrots. 4. Combine shrimp with soy sauce. 5. Serve with quinoa.
512,beef_rice_512,beef,rice,peppers,soy sauce,736,52,42,40,4,2,613,12,quick,beef:200g; rice:150g; peppers:100g; soy sauce:75g; oil:10g,stovetop,"batch-cooking, meal-prep, quick, stovetop",1. Batch cook beef (store for 2–3 meals). 2. Prepare rice in bulk. 3. Cook peppers. 4. Combine beef with soy sauce. 5. Serve with rice.
513,shrimp_potatoes_513,shrimp,potatoes,onion,teriyaki,402,48,26,12,3,1,743,25,quick,shrimp:200g; potatoes:150g; onion:100g; teriyaki:75g; oil:10g,air fryer,"batch-cooking, meal-prep, quick, air fryer",1. Batch cook shrimp (store for 2–3 meals). 2. Prepare potatoes in bulk. 3. Cook onion. 4. Combine shrimp with teriyaki. 5. Serve with potatoes.
514,shrimp_tortilla_514,shrimp,tortilla,spinach,pesto,600,48,75,12,8,4,733,13,quick,shrimp:200g; tortilla:150g; spinach:100g; pesto:75g; oil:10g,"oven, slow cooker","batch-cooking, meal-prep, quick, oven, slow cooker",1. Batch cook shrimp (store for 2–3 meals). 2. Prepare tortilla in bulk. 3. Cook spinach. 4. Combine shrimp with pesto. 5. Serve with tortilla.
515,chicken_quinoa_515,chicken,quinoa,green beans,garlic sauce,560,68,32,18,3,2,458,47,weekend,chicken:200g; quinoa:150g; green beans:100g; garlic sauce:75g; oil:10g,"air fryer, stovetop","batch-cooking, meal-prep, weekend, air fryer, stovetop",1. Batch cook chicken (store for 2–3 meals). 2. Marinate the chicken for better flavor. 3. Prepare quinoa in bulk. 4. Cook green beans. 5. Combine chicken with garlic sauce. 6. Serve with quinoa. 7. Plate carefully and add garnish.
516,lentils_rice_516,lentils,rice,peppers,pesto,490,18,82,10,8,4,422,13,quick,lentils:200g; rice:150g; peppers:100g; pesto:75g; oil:10g,"microwave, oven","batch-cooking, meal-prep, quick, microwave, oven",1. Batch cook lentils (store for 2–3 meals). 2. Prepare rice in bulk. 3. Cook peppers. 4. Combine lentils with pesto. 5. Serve with rice.
517,chicken_pasta_517,chicken,pasta,onion,soy sauce,560,62,38,18,4,2,444,45,weekend,chicken:200g; pasta:150g; onion:100g; soy sauce:75g; oil:10g,"air fryer, oven","batch-cooking, meal-prep, weekend, air fryer, oven",1. Batch cook chicken (store for 2–3 meals). 2. Marinate the chicken for better flavor. 3. Prepare pasta in bulk. 4. Cook onion. 5. Combine chicken with soy sauce. 6. Serve with pasta. 7. Plate carefully and add garnish.
518,pork_potatoes_518,pork,potatoes,green beans,teriyaki,660,54,26,38,3,1,594,17,quick,pork:200g; potatoes:150g; green beans:100g; teriyaki:75g; oil:10g,oven,"batch-cooking, meal-prep, quick, oven",1. Batch cook pork (store for 2–3 meals). 2. Prepare potatoes in bulk. 3. Cook green beans. 4. Combine pork with teriyaki. 5. Serve with potatoes.
519,chicken_potatoes_519,chicken,potatoes,zucchini,garlic sauce,512,62,26,18,3,1,761,25,quick,chicken:200g; potatoes:150g; zucchini:100g; garlic sauce:75g; oil:10g,"stovetop, slow cooker","batch-cooking, meal-prep, quick, stovetop, slow cooker",1. Batch cook chicken (store for 2–3 meals). 2. Prepare potatoes in bulk. 3. Cook zucchini. 4. Combine chicken with garlic sauce. 5. Serve with potatoes.
520,pork_pasta_520,pork,pasta,zucchini,garlic sauce,708,54,38,38,4,2,608,24,quick,pork:200g; pasta:150g; zucchini:100g; garlic sauce:75g; oil:10g,"oven, slow cooker","batch-cooking, meal-prep, quick, oven, slow cooker",1. Batch cook pork (store for 2–3 meals). 2. Prepare pasta in bulk. 3. Cook zucchini. 4. Combine pork with garlic sauce. 5. Serve with pasta.
521,lentils_rice_521,lentils,rice,zucchini,teriyaki,490,18,82,10,8,4,419,26,balanced,lentils:200g; rice:150g; zucchini:100g; teriyaki:75g; oil:10g,"microwave, stovetop, oven","batch-cooking, meal-prep, balanced, microwave, stovetop, oven",1. Batch cook lentils (store for 2–3 meals). 2. Prepare rice in bulk. 3. Cook zucchini. 4. Combine lentils with teriyaki. 5. Serve with rice.
522,beef_tortilla_522,beef,tortilla,carrots,tomato sauce,868,52,75,40,8,4,315,16,quick,beef:200g; tortilla:150g; carrots:100g; tomato sauce:75g; oil:10g,"microwave, slow cooker","batch-cooking, meal-prep, quick, microwave, slow cooker",1. Batch cook beef (store for 2–3 meals). 2. Prepare tortilla in bulk. 3. Cook carrots. 4. Combine beef with tomato sauce. 5. Serve with tortilla.
523,pork_quinoa_523,pork,quinoa,peppers,teriyaki,708,60,32,38,3,2,567,20,quick,pork:200g; quinoa:150g; peppers:100g; teriyaki:75g; oil:10g,"microwave, stovetop, slow cooker","batch-cooking, meal-prep, quick, microwave, stovetop, slow cooker",1. Batch cook pork (store for 2–3 meals). 2. Prepare quinoa in bulk. 3. Cook peppers. 4. Combine pork with teriyaki. 5. Serve with quinoa.
524,tofu_quinoa_524,tofu,quinoa,carrots,soy sauce,394,22,32,20,3,2,625,44,balanced,tofu:200g; quinoa:150g; carrots:100g; soy sauce:75g; oil:10g,air fryer,"batch-cooking, meal-prep, balanced, air fryer",1. Batch cook tofu (store for 2–3 meals). 2. Prepare quinoa in bulk. 3. Cook carrots. 4. Combine tofu with soy sauce. 5. Serve with quinoa.
525,salmon_pasta_525,salmon,pasta,carrots,soy sauce,674,50,38,36,4,2,399,14,quick,salmon:200g; pasta:150g; carrots:100g; soy sauce:75g; oil:10g,"oven, slow cooker","batch-cooking, meal-prep, quick, oven, slow cooker",1. Batch cook salmon (store for 2–3 meals). 2. Prepare pasta in bulk. 3. Cook carrots. 4. Combine salmon with soy sauce. 5. Serve with pasta.
526,beef_quinoa_526,beef,quinoa,peppers,teriyaki,718,58,32,40,3,2,651,36,balanced,beef:200g; quinoa:150g; peppers:100g; teriyaki:75g; oil:10g,"microwave, stovetop, oven","batch-cooking, meal-prep, balanced, microwave, stovetop, oven",1. Batch cook beef (store for 2–3 meals). 2. Prepare quinoa in bulk. 3. Cook peppers. 4. Combine beef with teriyaki. 5. Serve with quinoa.
527,pork_rice_527,pork,rice,zucchini,tomato sauce,726,54,42,38,4,2,379,17,quick,pork:200g; rice:150g; zucchini:100g; tomato sauce:75g; oil:10g,stovetop,"batch-cooking, meal-prep, quick, stovetop",1. Batch cook pork (store for 2–3 meals). 2. Prepare rice in bulk. 3. Cook zucchini. 4. Combine pork with tomato sauce. 5. Serve with rice.
528,shrimp_potatoes_528,shrimp,potatoes,onion,cream sauce,402,48,26,12,3,1,338,31,balanced,shrimp:200g; potatoes:150g; onion:100g; cream sauce:75g; oil:10g,"air fryer, microwave, slow cooker","batch-cooking, meal-prep, balanced, air fryer, microwave, slow cooker",1. Batch cook shrimp (store for 2–3 meals). 2. Prepare potatoes in bulk. 3. Cook onion. 4. Combine shrimp with cream sauce. 5. Serve with potatoes.
529,salmon_noodles_529,salmon,noodles,onion,tomato sauce,686,50,40,36,4,2,607,30,balanced,salmon:200g; noodles:150g; onion:100g; tomato sauce:75g; oil:10g,"oven, slow cooker","batch-cooking, meal-prep, balanced, oven, slow cooker",1. Batch cook salmon (store for 2–3 meals). 2. Prepare noodles in bulk. 3. Cook onion. 4. Combine salmon with tomato sauce. 5. Serve with noodles.
530,beef_potatoes_530,beef,potatoes,green beans,teriyaki,670,52,26,40,3,1,602,17,quick,beef:200g; potatoes:150g; green beans:100g; teriyaki:75g; oil:10g,"stovetop, oven","batch-cooking, meal-prep, quick, stovetop, oven",1. Batch cook beef (store for 2–3 meals). 2. Prepare potatoes in bulk. 3. Cook green beans. 4. Combine beef with teriyaki. 5. Serve with potatoes.
531,tofu_noodles_531,tofu,noodles,carrots,garlic sauce,406,16,40,20,4,2,691,17,quick,tofu:200g; noodles:150g; carrots:100g; garlic sauce:75g; oil:10g,oven,"batch-cooking, meal-prep, quick, oven",1. Batch cook tofu (store for 2–3 meals). 2. Prepare noodles in bulk. 3. Cook carrots. 4. Combine tofu with garlic sauce. 5. Serve with noodles.
532,shrimp_potatoes_532,shrimp,potatoes,green beans,soy sauce,402,48,26,12,3,1,534,24,quick,shrimp:200g; potatoes:150g; green beans:100g; soy sauce:75g; oil:10g,slow cooker,"batch-cooking, meal-prep, quick, slow cooker",1. Batch cook shrimp (store for 2–3 meals). 2. Prepare potatoes in bulk. 3. Cook green beans. 4. Combine shrimp with soy sauce. 5. Serve with potatoes.
533,chicken_quinoa_533,chicken,quinoa,spinach,soy sauce,560,68,32,18,3,2,663,19,quick,chicken:200g; quinoa:150g; spinach:100g; soy sauce:75g; oil:10g,"air fryer, oven","batch-cooking, meal-prep, quick, air fryer, oven",1. Batch cook chicken (store for 2–3 meals). 2. Prepare quinoa in bulk. 3. Cook spinach. 4. Combine chicken with soy sauce. 5. Serve with quinoa.
534,pork_tortilla_534,pork,tortilla,zucchini,pesto,858,54,75,38,8,4,792,30,balanced,pork:200g; tortilla:150g; zucchini:100g; pesto:75g; oil:10g,"microwave, oven, slow cooker","batch-cooking, meal-prep, balanced, microwave, oven, slow cooker",1. Batch cook pork (store for 2–3 meals). 2. Prepare tortilla in bulk. 3. Cook zucchini. 4. Combine pork with pesto. 5. Serve with tortilla.
535,shrimp_pasta_535,shrimp,pasta,peppers,pesto,450,48,38,12,4,2,549,41,balanced,shrimp:200g; pasta:150g; peppers:100g; pesto:75g; oil:10g,stovetop,"batch-cooking, meal-prep, balanced, stovetop",1. Batch cook shrimp (store for 2–3 meals). 2. Prepare pasta in bulk. 3. Cook peppers. 4. Combine shrimp with pesto. 5. Serve with pasta.
536,chicken_noodles_536,chicken,noodles,green beans,garlic sauce,572,62,40,18,4,2,732,34,balanced,chicken:200g; noodles:150g; green beans:100g; garlic sauce:75g; oil:10g,air fryer,"batch-cooking, meal-prep, balanced, air fryer",1. Batch cook chicken (store for 2–3 meals). 2. Prepare noodles in bulk. 3. Cook green beans. 4. Combine chicken with garlic sauce. 5. Serve with noodles.
537,pork_potatoes_537,pork,potatoes,spinach,pesto,660,54,26,38,3,1,383,13,quick,pork:200g; potatoes:150g; spinach:100g; pesto:75g; oil:10g,"air fryer, stovetop, slow cooker","batch-cooking, meal-prep, quick, air fryer, stovetop, slow cooker",1. Batch cook pork (store for 2–3 meals). 2. Prepare potatoes in bulk. 3. Cook spinach. 4. Combine pork with pesto. 5. Serve with potatoes.
538,shrimp_quinoa_538,shrimp,quinoa,broccoli,teriyaki,450,54,32,12,3,2,735,19,quick,shrimp:200g; quinoa:150g; broccoli:100g; teriyaki:75g; oil:10g,"air fryer, microwave","batch-cooking, meal-prep, quick, air fryer, microwave",1. Batch cook shrimp (store for 2–3 meals). 2. Prepare quinoa in bulk. 3. Cook broccoli. 4. Combine shrimp with teriyaki. 5. Serve with quinoa.
539,lentils_tortilla_539,lentils,tortilla,carrots,teriyaki,622,18,115,10,12,6,510,20,quick,lentils:200g; tortilla:150g; carrots:100g; teriyaki:75g; oil:10g,"air fryer, microwave, slow cooker","batch-cooking, meal-prep, quick, air fryer, microwave, slow cooker",1. Batch cook lentils (store for 2–3 meals). 2. Prepare tortilla in bulk. 3. Cook carrots. 4. Combine lentils with teriyaki. 5. Serve with tortilla.
540,shrimp_potatoes_540,shrimp,potatoes,spinach,cream sauce,402,48,26,12,3,1,747,88,weekend,shrimp:200g; potatoes:150g; spinach:100g; cream sauce:75g; oil:10g,"air fryer, slow cooker","batch-cooking, meal-prep, weekend, air fryer, slow cooker",1. Batch cook shrimp (store for 2–3 meals). 2. Marinate the shrimp for better flavor. 3. Prepare potatoes in bulk. 4. Cook spinach. 5. Combine shrimp with cream sauce. 6. Serve with potatoes. 7. Plate carefully and add garnish.
541,salmon_tortilla_541,salmon,tortilla,spinach,cream sauce,824,50,75,36,8,4,333,70,weekend,salmon:200g; tortilla:150g; spinach:100g; cream sauce:75g; oil:10g,oven,"batch-cooking, meal-prep, weekend, oven",1. Batch cook salmon (store for 2–3 meals). 2. Marinate the salmon for better flavor. 3. Prepare tortilla in bulk. 4. Cook spinach. 5. Combine salmon with cream sauce. 6. Serve with tortilla. 7. Plate carefully and add garnish.
542,shrimp_potatoes_542,shrimp,potatoes,peppers,garlic sauce,402,48,26,12,3,1,495,28,balanced,shrimp:200g; potatoes:150g; peppers:100g; garlic sauce:75g; oil:10g,"air fryer, slow cooker","batch-cooking, meal-prep, balanced, air fryer, slow cooker",1. Batch cook shrimp (store for 2–3 meals). 2. Prepare potatoes in bulk. 3. Cook peppers. 4. Combine shrimp with garlic sauce. 5. Serve with potatoes.
543,salmon_quinoa_543,salmon,quinoa,broccoli,garlic sauce,674,56,32,36,3,2,575,38,balanced,salmon:200g; quinoa:150g; broccoli:100g; garlic sauce:75g; oil:10g,"microwave, stovetop, oven","batch-cooking, meal-prep, balanced, microwave, stovetop, oven",1. Batch cook salmon (store for 2–3 meals). 2. Prepare quinoa in bulk. 3. Cook broccoli. 4. Combine salmon with garlic sauce. 5. Serve with quinoa.
544,beef_rice_544,beef,rice,peppers,soy sauce,736,52,42,40,4,2,486,50,weekend,beef:200g; rice:150g; peppers:100g; soy sauce:75g; oil:10g,"microwave, oven, slow cooker","batch-cooking, meal-prep, weekend, microwave, oven, slow cooker",1. Batch cook beef (store for 2–3 meals). 2. Marinate the beef for better flavor. 3. Prepare rice in bulk. 4. Cook peppers. 5. Combine beef with soy sauce. 6. Serve with rice. 7. Plate carefully and add garnish.
545,lentils_pasta_545,lentils,pasta,broccoli,soy sauce,472,18,78,10,8,4,590,26,balanced,lentils:200g; pasta:150g; broccoli:100g; soy sauce:75g; oil:10g,slow cooker,"batch-cooking, meal-prep, balanced, slow cooker",1. Batch cook lentils (store for 2–3 meals). 2. Prepare pasta in bulk. 3. Cook broccoli. 4. Combine lentils with soy sauce. 5. Serve with pasta.
546,chicken_noodles_546,chicken,noodles,peppers,teriyaki,572,62,40,18,4,2,580,22,quick,chicken:200g; noodles:150g; peppers:100g; teriyaki:75g; oil:10g,microwave,"batch-cooking, meal-prep, quick, microwave",1. Batch cook chicken (store for 2–3 meals). 2. Prepare noodles in bulk. 3. Cook peppers. 4. Combine chicken with teriyaki. 5. Serve with noodles.
547,pork_tortilla_547,pork,tortilla,onion,garlic sauce,858,54,75,38,8,4,366,24,quick,pork:200g; tortilla:150g; onion:100g; garlic sauce:75g; oil:10g,"stovetop, oven, slow cooker","batch-cooking, meal-prep, quick, stovetop, oven, slow cooker",1. Batch cook pork (store for 2–3 meals). 2. Prepare tortilla in bulk. 3. Cook onion. 4. Combine pork with garlic sauce. 5. Serve with tortilla.
548,turkey_pasta_548,turkey,pasta,peppers,garlic sauce,508,58,38,14,4,2,417,25,quick,turkey:200g; pasta:150g; peppers:100g; garlic sauce:75g; oil:10g,"microwave, stovetop, oven","batch-cooking, meal-prep, quick, microwave, stovetop, oven",1. Batch cook turkey (store for 2–3 meals). 2. Prepare pasta in bulk. 3. Cook peppers. 4. Combine turkey with garlic sauce. 5. Serve with pasta.
549,turkey_noodles_549,turkey,noodles,broccoli,garlic sauce,520,58,40,14,4,2,727,13,quick,turkey:200g; noodles:150g; broccoli:100g; garlic sauce:75g; oil:10g,"air fryer, oven, slow cooker","batch-cooking, meal-prep, quick, air fryer, oven, slow cooker",1. Batch cook turkey (store for 2–3 meals). 2. Prepare noodles in bulk. 3. Cook broccoli. 4. Combine turkey with garlic sauce. 5. Serve with noodles.
550,shrimp_rice_550,shrimp,rice,onion,garlic sauce,468,48,42,12,4,2,489,22,quick,shrimp:200g; rice:150g; onion:100g; garlic sauce:75g; oil:10g,"microwave, stovetop","batch-cooking, meal-prep, quick, microwave, stovetop",1. Batch cook shrimp (store for 2–3 meals). 2. Prepare rice in bulk. 3. Cook onion. 4. Combine shrimp with garlic sauce. 5. Serve with rice.
551,tofu_quinoa_551,tofu,quinoa,peppers,pesto,394,22,32,20,3,2,575,36,balanced,tofu:200g; quinoa:150g; peppers:100g; pesto:75g; oil:10g,"microwave, oven, slow cooker","batch-cooking, meal-prep, balanced, microwave, oven, slow cooker",1. Batch cook tofu (store for 2–3 meals). 2. Prepare quinoa in bulk. 3. Cook peppers. 4. Combine tofu with pesto. 5. Serve with quinoa.
552,salmon_tortilla_552,salmon,tortilla,green beans,pesto,824,50,75,36,8,4,392,44,balanced,salmon:200g; tortilla:150g; green beans:100g; pesto:75g; oil:10g,"microwave, stovetop, oven","batch-cooking, meal-prep, balanced, microwave, stovetop, oven",1. Batch cook salmon (store for 2–3 meals). 2. Prepare tortilla in bulk. 3. Cook green beans. 4. Combine salmon with pesto. 5. Serve with tortilla.
553,pork_pasta_553,pork,pasta,carrots,tomato sauce,708,54,38,38,4,2,679,31,balanced,pork:200g; pasta:150g; carrots:100g; tomato sauce:75g; oil:10g,"microwave, stovetop, oven","batch-cooking, meal-prep, balanced, microwave, stovetop, oven",1. Batch cook pork (store for 2–3 meals). 2. Prepare pasta in bulk. 3. Cook carrots. 4. Combine pork with tomato sauce. 5. Serve with pasta.
554,shrimp_quinoa_554,shrimp,quinoa,green beans,cream sauce,450,54,32,12,3,2,442,21,quick,shrimp:200g; quinoa:150g; green beans:100g; cream sauce:75g; oil:10g,microwave,"batch-cooking, meal-prep, quick, microwave",1. Batch cook shrimp (store for 2–3 meals). 2. Prepare quinoa in bulk. 3. Cook green beans. 4. Combine shrimp with cream sauce. 5. Serve with quinoa.
555,salmon_pasta_555,salmon,pasta,green beans,cream sauce,674,50,38,36,4,2,409,27,balanced,salmon:200g; pasta:150g; green beans:100g; cream sauce:75g; oil:10g,"air fryer, microwave, stovetop","batch-cooking, meal-prep, balanced, air fryer, microwave, stovetop",1. Batch cook salmon (store for 2–3 meals). 2. Prepare pasta in bulk. 3. Cook green beans. 4. Combine salmon with cream sauce. 5. Serve with pasta.
556,lentils_potatoes_556,lentils,potatoes,carrots,teriyaki,424,18,66,10,7,3,576,38,balanced,lentils:200g; potatoes:150g; carrots:100g; teriyaki:75g; oil:10g,"air fryer, stovetop, slow cooker","batch-cooking, meal-prep, balanced, air fryer, stovetop, slow cooker",1. Batch cook lentils (store for 2–3 meals). 2. Prepare potatoes in bulk. 3. Cook carrots. 4. Combine lentils with teriyaki. 5. Serve with potatoes.
557,pork_quinoa_557,pork,quinoa,carrots,soy sauce,708,60,32,38,3,2,351,79,weekend,pork:200g; quinoa:150g; carrots:100g; soy sauce:75g; oil:10g,stovetop,"batch-cooking, meal-prep, weekend, stovetop",1. Batch cook pork (store for 2–3 meals). 2. Marinate the pork for better flavor. 3. Prepare quinoa in bulk. 4. Cook carrots. 5. Combine pork with soy sauce. 6. Serve with quinoa. 7. Plate carefully and add garnish.
558,chicken_pasta_558,chicken,pasta,peppers,tomato sauce,560,62,38,18,4,2,619,18,quick,chicken:200g; pasta:150g; peppers:100g; tomato sauce:75g; oil:10g,"microwave, stovetop, slow cooker","batch-cooking, meal-prep, quick, microwave, stovetop, slow cooker",1. Batch cook chicken (store for 2–3 meals). 2. Prepare pasta in bulk. 3. Cook peppers. 4. Combine chicken with tomato sauce. 5. Serve with pasta.
559,shrimp_quinoa_559,shrimp,quinoa,carrots,cream sauce,450,54,32,12,3,2,476,85,weekend,shrimp:200g; quinoa:150g; carrots:100g; cream sauce:75g; oil:10g,"air fryer, slow cooker","batch-cooking, meal-prep, weekend, air fryer, slow cooker",1. Batch cook shrimp (store for 2–3 meals). 2. Marinate the shrimp for better flavor. 3. Prepare quinoa in bulk. 4. Cook carrots. 5. Combine shrimp with cream sauce. 6. Serve with quinoa. 7. Plate carefully and add garnish.
560,tofu_potatoes_560,tofu,potatoes,onion,pesto,346,16,26,20,3,1,696,17,quick,tofu:200g; potatoes:150g; onion:100g; pesto:75g; oil:10g,oven,"batch-cooking, meal-prep, quick, oven",1. Batch cook tofu (store for 2–3 meals). 2. Prepare potatoes in bulk. 3. Cook onion. 4. Combine tofu with pesto. 5. Serve with potatoes.
561,lentils_pasta_561,lentils,pasta,green beans,pesto,472,18,78,10,8,4,543,42,balanced,lentils:200g; pasta:150g; green beans:100g; pesto:75g; oil:10g,"air fryer, stovetop, oven","batch-cooking, meal-prep, balanced, air fryer, stovetop, oven",1. Batch cook lentils (store for 2–3 meals). 2. Prepare pasta in bulk. 3. Cook green beans. 4. Combine lentils with pesto. 5. Serve with pasta.
562,shrimp_rice_562,shrimp,rice,carrots,soy sauce,468,48,42,12,4,2,702,15,quick,shrimp:200g; rice:150g; carrots:100g; soy sauce:75g; oil:10g,"air fryer, oven, slow cooker","batch-cooking, meal-prep, quick, air fryer, oven, slow cooker",1. Batch cook shrimp (store for 2–3 meals). 2. Prepare rice in bulk. 3. Cook carrots. 4. Combine shrimp with soy sauce. 5. Serve with rice.
563,salmon_rice_563,salmon,rice,broccoli,pesto,692,50,42,36,4,2,349,33,balanced,salmon:200g; rice:150g; broccoli:100g; pesto:75g; oil:10g,microwave,"batch-cooking, meal-prep, balanced, microwave",1. Batch cook salmon (store for 2–3 meals). 2. Prepare rice in bulk. 3. Cook broccoli. 4. Combine salmon with pesto. 5. Serve with rice.
564,chicken_tortilla_564,chicken,tortilla,broccoli,tomato sauce,710,62,75,18,8,4,312,37,balanced,chicken:200g; tortilla:150g; broccoli:100g; tomato sauce:75g; oil:10g,"air fryer, slow cooker","batch-cooking, meal-prep, balanced, air fryer, slow cooker",1. Batch cook chicken (store for 2–3 meals). 2. Prepare tortilla in bulk. 3. Cook broccoli. 4. Combine chicken with tomato sauce. 5. Serve with tortilla.
565,pork_tortilla_565,pork,tortilla,peppers,pesto,858,54,75,38,8,4,339,10,quick,pork:200g; tortilla:150g; peppers:100g; pesto:75g; oil:10g,"oven, slow cooker","batch-cooking, meal-prep, quick, oven, slow cooker",1. Batch cook pork (store for 2–3 meals). 2. Prepare tortilla in bulk. 3. Cook peppers. 4. Combine pork with pesto. 5. Serve with tortilla.
566,lentils_noodles_566,lentils,noodles,spinach,tomato sauce,484,18,80,10,8,4,715,26,balanced,lentils:200g; noodles:150g; spinach:100g; tomato sauce:75g; oil:10g,"air fryer, microwave, oven","batch-cooking, meal-prep, balanced, air fryer, microwave, oven",1. Batch cook lentils (store for 2–3 meals). 2. Prepare noodles in bulk. 3. Cook spinach. 4. Combine lentils with tomato sauce. 5. Serve with noodles.
567,salmon_noodles_567,salmon,noodles,peppers,pesto,686,50,40,36,4,2,584,42,balanced,salmon:200g; noodles:150g; peppers:100g; pesto:75g; oil:10g,"air fryer, stovetop, oven","batch-cooking, meal-prep, balanced, air fryer, stovetop, oven",1. Batch cook salmon (store for 2–3 meals). 2. Prepare noodles in bulk. 3. Cook peppers. 4. Combine salmon with pesto. 5. Serve with noodles.
568,pork_rice_568,pork,rice,zucchini,pesto,726,54,42,38,4,2,424,78,weekend,pork:200g; rice:150g; zucchini:100g; pesto:75g; oil:10g,"stovetop, slow cooker","batch-cooking, meal-prep, weekend, stovetop, slow cooker",1. Batch cook pork (store for 2–3 meals). 2. Marinate the pork for better flavor. 3. Prepare rice in bulk. 4. Cook zucchini. 5. Combine pork with pesto. 6. Serve with rice. 7. Plate carefully and add garnish.
569,tofu_quinoa_569,tofu,quinoa,carrots,soy sauce,394,22,32,20,3,2,508,24,quick,tofu:200g; quinoa:150g; carrots:100g; soy sauce:75g; oil:10g,air fryer,"batch-cooking, meal-prep, quick, air fryer",1. Batch cook tofu (store for 2–3 meals). 2. Prepare quinoa in bulk. 3. Cook carrots. 4. Combine tofu with soy sauce. 5. Serve with quinoa.
570,tofu_rice_570,tofu,rice,onion,cream sauce,412,16,42,20,4,2,645,14,quick,tofu:200g; rice:150g; onion:100g; cream sauce:75g; oil:10g,slow cooker,"batch-cooking, meal-prep, quick, slow cooker",1. Batch cook tofu (store for 2–3 meals). 2. Prepare rice in bulk. 3. Cook onion. 4. Combine tofu with cream sauce. 5. Serve with rice.
571,shrimp_noodles_571,shrimp,noodles,green beans,soy sauce,462,48,40,12,4,2,775,20,quick,shrimp:200g; noodles:150g; green beans:100g; soy sauce:75g; oil:10g,"air fryer, stovetop","batch-cooking, meal-prep, quick, air fryer, stovetop",1. Batch cook shrimp (store for 2–3 meals). 2. Prepare noodles in bulk. 3. Cook green beans. 4. Combine shrimp with soy sauce. 5. Serve with noodles.
572,tofu_quinoa_572,tofu,quinoa,spinach,soy sauce,394,22,32,20,3,2,398,19,quick,tofu:200g; quinoa:150g; spinach:100g; soy sauce:75g; oil:10g,"air fryer, microwave, oven","batch-cooking, meal-prep, quick, air fryer, microwave, oven",1. Batch cook tofu (store for 2–3 meals). 2. Prepare quinoa in bulk. 3. Cook spinach. 4. Combine tofu with soy sauce. 5. Serve with quinoa.
573,lentils_noodles_573,lentils,noodles,carrots,tomato sauce,484,18,80,10,8,4,773,21,quick,lentils:200g; noodles:150g; carrots:100g; tomato sauce:75g; oil:10g,"microwave, oven, slow cooker","batch-cooking, meal-prep, quick, microwave, oven, slow cooker",1. Batch cook lentils (store for 2–3 meals). 2. Prepare noodles in bulk. 3. Cook carrots. 4. Combine lentils with tomato sauce. 5. Serve with noodles.
574,beef_rice_574,beef,rice,green beans,tomato sauce,736,52,42,40,4,2,393,21,quick,beef:200g; rice:150g; green beans:100g; tomato sauce:75g; oil:10g,"air fryer, microwave, stovetop","batch-cooking, meal-prep, quick, air fryer, microwave, stovetop",1. Batch cook beef (store for 2–3 meals). 2. Prepare rice in bulk. 3. Cook green beans. 4. Combine beef with tomato sauce. 5. Serve with rice.
575,lentils_rice_575,lentils,rice,peppers,cream sauce,490,18,82,10,8,4,577,14,quick,lentils:200g; rice:150g; peppers:100g; cream sauce:75g; oil:10g,slow cooker,"batch-cooking, meal-prep, quick, slow cooker",1. Batch cook lentils (store for 2–3 meals). 2. Prepare rice in bulk. 3. Cook peppers. 4. Combine lentils with cream sauce. 5. Serve with rice.
576,turkey_quinoa_576,turkey,quinoa,broccoli,pesto,508,64,32,14,3,2,635,76,weekend,turkey:200g; quinoa:150g; broccoli:100g; pesto:75g; oil:10g,oven,"batch-cooking, meal-prep, weekend, oven",1. Batch cook turkey (store for 2–3 meals). 2. Marinate the turkey for better flavor. 3. Prepare quinoa in bulk. 4. Cook broccoli. 5. Combine turkey with pesto. 6. Serve with quinoa. 7. Plate carefully and add garnish.
577,tofu_pasta_577,tofu,pasta,peppers,soy sauce,394,16,38,20,4,2,441,76,weekend,tofu:200g; pasta:150g; peppers:100g; soy sauce:75g; oil:10g,"air fryer, slow cooker","batch-cooking, meal-prep, weekend, air fryer, slow cooker",1. Batch cook tofu (store for 2–3 meals). 2. Marinate the tofu for better flavor. 3. Prepare pasta in bulk. 4. Cook peppers. 5. Combine tofu with soy sauce. 6. Serve with pasta. 7. Plate carefully and add garnish.
578,salmon_tortilla_578,salmon,tortilla,onion,garlic sauce,824,50,75,36,8,4,790,12,quick,salmon:200g; tortilla:150g; onion:100g; garlic sauce:75g; oil:10g,"stovetop, oven, slow cooker","batch-cooking, meal-prep, quick, stovetop, oven, slow cooker",1. Batch cook salmon (store for 2–3 meals). 2. Prepare tortilla in bulk. 3. Cook onion. 4. Combine salmon with garlic sauce. 5. Serve with tortilla.
579,turkey_rice_579,turkey,rice,peppers,cream sauce,526,58,42,14,4,2,586,24,quick,turkey:200g; rice:150g; peppers:100g; cream sauce:75g; oil:10g,"stovetop, oven, slow cooker","batch-cooking, meal-prep, quick, stovetop, oven, slow cooker",1. Batch cook turkey (store for 2–3 meals). 2. Prepare rice in bulk. 3. Cook peppers. 4. Combine turkey with cream sauce. 5. Serve with rice.
580,tofu_noodles_580,tofu,noodles,peppers,teriyaki,406,16,40,20,4,2,349,53,weekend,tofu:200g; noodles:150g; peppers:100g; teriyaki:75g; oil:10g,"microwave, stovetop, slow cooker","batch-cooking, meal-prep, weekend, microwave, stovetop, slow cooker",1. Batch cook tofu (store for 2–3 meals). 2. Marinate the tofu for better flavor. 3. Prepare noodles in bulk. 4. Cook peppers. 5. Combine tofu with teriyaki. 6. Serve with noodles. 7. Plate carefully and add garnish.
581,chicken_pasta_581,chicken,pasta,onion,garlic sauce,560,62,38,18,4,2,797,75,weekend,chicken:200g; pasta:150g; onion:100g; garlic sauce:75g; oil:10g,"air fryer, microwave, slow cooker","batch-cooking, meal-prep, weekend, air fryer, microwave, slow cooker",1. Batch cook chicken (store for 2–3 meals). 2. Marinate the chicken for better flavor. 3. Prepare pasta in bulk. 4. Cook onion. 5. Combine chicken with garlic sauce. 6. Serve with pasta. 7. Plate carefully and add garnish.
582,tofu_pasta_582,tofu,pasta,onion,soy sauce,394,16,38,20,4,2,673,45,weekend,tofu:200g; pasta:150g; onion:100g; soy sauce:75g; oil:10g,oven,"batch-cooking, meal-prep, weekend, oven",1. Batch cook tofu (store for 2–3 meals). 2. Marinate the tofu for better flavor. 3. Prepare pasta in bulk. 4. Cook onion. 5. Combine tofu with soy sauce. 6. Serve with pasta. 7. Plate carefully and add garnish.
583,shrimp_noodles_583,shrimp,noodles,green beans,cream sauce,462,48,40,12,4,2,431,38,balanced,shrimp:200g; noodles:150g; green beans:100g; cream sauce:75g; oil:10g,"air fryer, microwave, stovetop","batch-cooking, meal-prep, balanced, air fryer, microwave, stovetop",1. Batch cook shrimp (store for 2–3 meals). 2. Prepare noodles in bulk. 3. Cook green beans. 4. Combine shrimp with cream sauce. 5. Serve with noodles.
584,pork_noodles_584,pork,noodles,broccoli,teriyaki,720,54,40,38,4,2,779,17,quick,pork:200g; noodles:150g; broccoli:100g; teriyaki:75g; oil:10g,slow cooker,"batch-cooking, meal-prep, quick, slow cooker",1. Batch cook pork (store for 2–3 meals). 2. Prepare noodles in bulk. 3. Cook broccoli. 4. Combine pork with teriyaki. 5. Serve with noodles.
585,lentils_noodles_585,lentils,noodles,spinach,garlic sauce,484,18,80,10,8,4,479,19,quick,lentils:200g; noodles:150g; spinach:100g; garlic sauce:75g; oil:10g,stovetop,"batch-cooking, meal-prep, quick, stovetop",1. Batch cook lentils (store for 2–3 meals). 2. Prepare noodles in bulk. 3. Cook spinach. 4. Combine lentils with garlic sauce. 5. Serve with noodles.
586,tofu_potatoes_586,tofu,potatoes,peppers,soy sauce,346,16,26,20,3,1,394,16,quick,tofu:200g; potatoes:150g; peppers:100g; soy sauce:75g; oil:10g,"air fryer, microwave","batch-cooking, meal-prep, quick, air fryer, microwave",1. Batch cook tofu (store for 2–3 meals). 2. Prepare potatoes in bulk. 3. Cook peppers. 4. Combine tofu with soy sauce. 5. Serve with potatoes.
587,pork_pasta_587,pork,pasta,carrots,cream sauce,708,54,38,38,4,2,538,22,quick,pork:200g; pasta:150g; carrots:100g; cream sauce:75g; oil:10g,"microwave, oven, slow cooker","batch-cooking, meal-prep, quick, microwave, oven, slow cooker",1. Batch cook pork (store for 2–3 meals). 2. Prepare pasta in bulk. 3. Cook carrots. 4. Combine pork with cream sauce. 5. Serve with pasta.
588,chicken_potatoes_588,chicken,potatoes,spinach,tomato sauce,512,62,26,18,3,1,590,67,weekend,chicken:200g; potatoes:150g; spinach:100g; tomato sauce:75g; oil:10g,"microwave, stovetop","batch-cooking, meal-prep, weekend, microwave, stovetop",1. Batch cook chicken (store for 2–3 meals). 2. Marinate the chicken for better flavor. 3. Prepare potatoes in bulk. 4. Cook spinach. 5. Combine chicken with tomato sauce. 6. Serve with potatoes. 7. Plate carefully and add garnish.
589,beef_quinoa_589,beef,quinoa,onion,tomato sauce,718,58,32,40,3,2,457,33,balanced,beef:200g; quinoa:150g; onion:100g; tomato sauce:75g; oil:10g,"stovetop, oven, slow cooker","batch-cooking, meal-prep, balanced, stovetop, oven, slow cooker",1. Batch cook beef (store for 2–3 meals). 2. Prepare quinoa in bulk. 3. Cook onion. 4. Combine beef with tomato sauce. 5. Serve with quinoa.
590,chicken_potatoes_590,chicken,potatoes,green beans,garlic sauce,512,62,26,18,3,1,450,43,balanced,chicken:200g; potatoes:150g; green beans:100g; garlic sauce:75g; oil:10g,oven,"batch-cooking, meal-prep, balanced, oven",1. Batch cook chicken (store for 2–3 meals). 2. Prepare potatoes in bulk. 3. Cook green beans. 4. Combine chicken with garlic sauce. 5. Serve with potatoes.
591,lentils_pasta_591,lentils,pasta,green beans,pesto,472,18,78,10,8,4,768,42,balanced,lentils:200g; pasta:150g; green beans:100g; pesto:75g; oil:10g,"microwave, stovetop, slow cooker","batch-cooking, meal-prep, balanced, microwave, stovetop, slow cooker",1. Batch cook lentils (store for 2–3 meals). 2. Prepare pasta in bulk. 3. Cook green beans. 4. Combine lentils with pesto. 5. Serve with pasta.
592,turkey_noodles_592,turkey,noodles,carrots,soy sauce,520,58,40,14,4,2,605,11,quick,turkey:200g; noodles:150g; carrots:100g; soy sauce:75g; oil:10g,"stovetop, oven","batch-cooking, meal-prep, quick, stovetop, oven",1. Batch cook turkey (store for 2–3 meals). 2. Prepare noodles in bulk. 3. Cook carrots. 4. Combine turkey with soy sauce. 5. Serve with noodles.
593,pork_pasta_593,pork,pasta,carrots,tomato sauce,708,54,38,38,4,2,476,10,quick,pork:200g; pasta:150g; carrots:100g; tomato sauce:75g; oil:10g,"microwave, oven","batch-cooking, meal-prep, quick, microwave, oven",1. Batch cook pork (store for 2–3 meals). 2. Prepare pasta in bulk. 3. Cook carrots. 4. Combine pork with tomato sauce. 5. Serve with pasta.
594,turkey_tortilla_594,turkey,tortilla,carrots,garlic sauce,658,58,75,14,8,4,556,33,balanced,turkey:200g; tortilla:150g; carrots:100g; garlic sauce:75g; oil:10g,"microwave, oven","batch-cooking, meal-prep, balanced, microwave, oven",1. Batch cook turkey (store for 2–3 meals). 2. Prepare tortilla in bulk. 3. Cook carrots. 4. Combine turkey with garlic sauce. 5. Serve with tortilla.
595,tofu_potatoes_595,tofu,potatoes,green beans,pesto,346,16,26,20,3,1,302,39,balanced,tofu:200g; potatoes:150g; green beans:100g; pesto:75g; oil:10g,air fryer,"batch-cooking, meal-prep, balanced, air fryer",1. Batch cook tofu (store for 2–3 meals). 2. Prepare potatoes in bulk. 3. Cook green beans. 4. Combine tofu with pesto. 5. Serve with potatoes.
596,turkey_potatoes_596,turkey,potatoes,onion,cream sauce,460,58,26,14,3,1,550,24,quick,turkey:200g; potatoes:150g; onion:100g; cream sauce:75g; oil:10g,"air fryer, oven","batch-cooking, meal-prep, quick, air fryer, oven",1. Batch cook turkey (store for 2–3 meals). 2. Prepare potatoes in bulk. 3. Cook onion. 4. Combine turkey with cream sauce. 5. Serve with potatoes.
597,turkey_tortilla_597,turkey,tortilla,onion,garlic sauce,658,58,75,14,8,4,674,31,balanced,turkey:200g; tortilla:150g; onion:100g; garlic sauce:75g; oil:10g,stovetop,"batch-cooking, meal-prep, balanced, stovetop",1. Batch cook turkey (store for 2–3 meals). 2. Prepare tortilla in bulk. 3. Cook onion. 4. Combine turkey with garlic sauce. 5. Serve with tortilla.
598,tofu_rice_598,tofu,rice,zucchini,soy sauce,412,16,42,20,4,2,567,21,quick,tofu:200g; rice:150g; zucchini:100g; soy sauce:75g; oil:10g,"air fryer, stovetop, slow cooker","batch-cooking, meal-prep, quick, air fryer, stovetop, slow cooker",1. Batch cook tofu (store for 2–3 meals). 2. Prepare rice in bulk. 3. Cook zucchini. 4. Combine tofu with soy sauce. 5. Serve with rice.
599,salmon_rice_599,salmon,rice,green beans,teriyaki,692,50,42,36,4,2,602,25,quick,salmon:200g; rice:150g; green beans:100g; teriyaki:75g; oil:10g,oven,"batch-cooking, meal-prep, quick, oven",1. Batch cook salmon (store for 2–3 meals). 2. Prepare rice in bulk. 3. Cook green beans. 4. Combine salmon with teriyaki. 5. Serve with rice.
600,tofu_noodles_600,tofu,noodles,green beans,tomato sauce,406,16,40,20,4,2,614,19,quick,tofu:200g; noodles:150g; green beans:100g; tomato sauce:75g; oil:10g,"oven, slow cooker","batch-cooking, meal-prep, quick, oven, slow cooker",1. Batch cook tofu (store for 2–3 meals). 2. Prepare noodles in bulk. 3. Cook green beans. 4. Combine tofu with tomato sauce. 5. Serve with noodles.
601,chicken_potatoes_601,chicken,potatoes,green beans,garlic sauce,512,62,26,18,3,1,700,67,weekend,chicken:200g; potatoes:150g; green beans:100g; garlic sauce:75g; oil:10g,"air fryer, stovetop","batch-cooking, meal-prep, weekend, air fryer, stovetop",1. Batch cook chicken (store for 2–3 meals). 2. Marinate the chicken for better flavor. 3. Prepare potatoes in bulk. 4. Cook green beans. 5. Combine chicken with garlic sauce. 6. Serve with potatoes. 7. Plate carefully and add garnish.
602,lentils_potatoes_602,lentils,potatoes,broccoli,garlic sauce,424,18,66,10,7,3,606,34,balanced,lentils:200g; potatoes:150g; broccoli:100g; garlic sauce:75g; oil:10g,stovetop,"batch-cooking, meal-prep, balanced, stovetop",1. Batch cook lentils (store for 2–3 meals). 2. Prepare potatoes in bulk. 3. Cook broccoli. 4. Combine lentils with garlic sauce. 5. Serve with potatoes.
603,shrimp_quinoa_603,shrimp,quinoa,onion,pesto,450,54,32,12,3,2,311,16,quick,shrimp:200g; quinoa:150g; onion:100g; pesto:75g; oil:10g,slow cooker,"batch-cooking, meal-prep, quick, slow cooker",1. Batch cook shrimp (store for 2–3 meals). 2. Prepare quinoa in bulk. 3. Cook onion. 4. Combine shrimp with pesto. 5. Serve with quinoa.
604,tofu_tortilla_604,tofu,tortilla,spinach,pesto,544,16,75,20,8,4,439,37,balanced,tofu:200g; tortilla:150g; spinach:100g; pesto:75g; oil:10g,"air fryer, microwave, slow cooker","batch-cooking, meal-prep, balanced, air fryer, microwave, slow cooker",1. Batch cook tofu (store for 2–3 meals). 2. Prepare tortilla in bulk. 3. Cook spinach. 4. Combine tofu with pesto. 5. Serve with tortilla.
605,salmon_pasta_605,salmon,pasta,onion,cream sauce,674,50,38,36,4,2,330,25,quick,salmon:200g; pasta:150g; onion:100g; cream sauce:75g; oil:10g,air fryer,"batch-cooking, meal-prep, quick, air fryer",1. Batch cook salmon (store for 2–3 meals). 2. Prepare pasta in bulk. 3. Cook onion. 4. Combine salmon with cream sauce. 5. Serve with pasta.
606,beef_potatoes_606,beef,potatoes,green beans,pesto,670,52,26,40,3,1,735,13,quick,beef:200g; potatoes:150g; green beans:100g; pesto:75g; oil:10g,"air fryer, microwave, stovetop","batch-cooking, meal-prep, quick, air fryer, microwave, stovetop",1. Batch cook beef (store for 2–3 meals). 2. Prepare potatoes in bulk. 3. Cook green beans. 4. Combine beef with pesto. 5. Serve with potatoes.
607,pork_tortilla_607,pork,tortilla,spinach,tomato sauce,858,54,75,38,8,4,501,44,balanced,pork:200g; tortilla:150g; spinach:100g; tomato sauce:75g; oil:10g,"microwave, slow cooker","batch-cooking, meal-prep, balanced, microwave, slow cooker",1. Batch cook pork (store for 2–3 meals). 2. Prepare tortilla in bulk. 3. Cook spinach. 4. Combine pork with tomato sauce. 5. Serve with tortilla.
608,lentils_pasta_608,lentils,pasta,carrots,soy sauce,472,18,78,10,8,4,409,42,balanced,lentils:200g; pasta:150g; carrots:100g; soy sauce:75g; oil:10g,"stovetop, oven","batch-cooking, meal-prep, balanced, stovetop, oven",1. Batch cook lentils (store for 2–3 meals). 2. Prepare pasta in bulk. 3. Cook carrots. 4. Combine lentils with soy sauce. 5. Serve with pasta.
609,pork_quinoa_609,pork,quinoa,peppers,cream sauce,708,60,32,38,3,2,534,13,quick,pork:200g; quinoa:150g; peppers:100g; cream sauce:75g; oil:10g,stovetop,"batch-cooking, meal-prep, quick, stovetop",1. Batch cook pork (store for 2–3 meals). 2. Prepare quinoa in bulk. 3. Cook peppers. 4. Combine pork with cream sauce. 5. Serve with quinoa.
610,lentils_potatoes_610,lentils,potatoes,spinach,teriyaki,424,18,66,10,7,3,722,17,quick,lentils:200g; potatoes:150g; spinach:100g; teriyaki:75g; oil:10g,"oven, slow cooker","batch-cooking, meal-prep, quick, oven, slow cooker",1. Batch cook lentils (store for 2–3 meals). 2. Prepare potatoes in bulk. 3. Cook spinach. 4. Combine lentils with teriyaki. 5. Serve with potatoes.
611,pork_noodles_611,pork,noodles,spinach,cream sauce,720,54,40,38,4,2,704,12,quick,pork:200g; noodles:150g; spinach:100g; cream sauce:75g; oil:10g,"air fryer, microwave, stovetop","batch-cooking, meal-prep, quick, air fryer, microwave, stovetop",1. Batch cook pork (store for 2–3 meals). 2. Prepare noodles in bulk. 3. Cook spinach. 4. Combine pork with cream sauce. 5. Serve with noodles.
612,lentils_rice_612,lentils,rice,zucchini,garlic sauce,490,18,82,10,8,4,499,22,quick,lentils:200g; rice:150g; zucchini:100g; garlic sauce:75g; oil:10g,"stovetop, oven, slow cooker","batch-cooking, meal-prep, quick, stovetop, oven, slow cooker",1. Batch cook lentils (store for 2–3 meals). 2. Prepare rice in bulk. 3. Cook zucchini. 4. Combine lentils with garlic sauce. 5. Serve with rice.
613,pork_pasta_613,pork,pasta,carrots,soy sauce,708,54,38,38,4,2,731,84,weekend,pork:200g; pasta:150g; carrots:100g; soy sauce:75g; oil:10g,slow cooker,"batch-cooking, meal-prep, weekend, slow cooker",1. Batch cook pork (store for 2–3 meals). 2. Marinate the pork for better flavor. 3. Prepare pasta in bulk. 4. Cook carrots. 5. Combine pork with soy sauce. 6. Serve with pasta. 7. Plate carefully and add garnish.
614,shrimp_noodles_614,shrimp,noodles,zucchini,soy sauce,462,48,40,12,4,2,708,11,quick,shrimp:200g; noodles:150g; zucchini:100g; soy sauce:75g; oil:10g,"microwave, oven","batch-cooking, meal-prep, quick, microwave, oven",1. Batch cook shrimp (store for 2–3 meals). 2. Prepare noodles in bulk. 3. Cook zucchini. 4. Combine shrimp with soy sauce. 5. Serve with noodles.
615,beef_noodles_615,beef,noodles,spinach,cream sauce,730,52,40,40,4,2,735,45,weekend,beef:200g; noodles:150g; spinach:100g; cream sauce:75g; oil:10g,"oven, slow cooker","batch-cooking, meal-prep, weekend, oven, slow cooker",1. Batch cook beef (store for 2–3 meals). 2. Marinate the beef for better flavor. 3. Prepare noodles in bulk. 4. Cook spinach. 5. Combine beef with cream sauce. 6. Serve with noodles. 7. Plate carefully and add garnish.
616,tofu_noodles_616,tofu,noodles,green beans,pesto,406,16,40,20,4,2,638,11,quick,tofu:200g; noodles:150g; green beans:100g; pesto:75g; oil:10g,"microwave, stovetop","batch-cooking, meal-prep, quick, microwave, stovetop",1. Batch cook tofu (store for 2–3 meals). 2. Prepare noodles in bulk. 3. Cook green beans. 4. Combine tofu with pesto. 5. Serve with noodles.
617,tofu_potatoes_617,tofu,potatoes,green beans,tomato sauce,346,16,26,20,3,1,708,60,weekend,tofu:200g; potatoes:150g; green beans:100g; tomato sauce:75g; oil:10g,"oven, slow cooker","batch-cooking, meal-prep, weekend, oven, slow cooker",1. Batch cook tofu (store for 2–3 meals). 2. Marinate the tofu for better flavor. 3. Prepare potatoes in bulk. 4. Cook green beans. 5. Combine tofu with tomato sauce. 6. Serve with potatoes. 7. Plate carefully and add garnish.
618,tofu_pasta_618,tofu,pasta,peppers,soy sauce,394,16,38,20,4,2,720,17,quick,tofu:200g; pasta:150g; peppers:100g; soy sauce:75g; oil:10g,"air fryer, oven, slow cooker","batch-cooking, meal-prep, quick, air fryer, oven, slow cooker",1. Batch cook tofu (store for 2–3 meals). 2. Prepare pasta in bulk. 3. Cook peppers. 4. Combine tofu with soy sauce. 5. Serve with pasta.
619,tofu_pasta_619,tofu,pasta,onion,pesto,394,16,38,20,4,2,770,41,balanced,tofu:200g; pasta:150g; onion:100g; pesto:75g; oil:10g,"microwave, oven","batch-cooking, meal-prep, balanced, microwave, oven",1. Batch cook tofu (store for 2–3 meals). 2. Prepare pasta in bulk. 3. Cook onion. 4. Combine tofu with pesto. 5. Serve with pasta.
620,salmon_pasta_620,salmon,pasta,peppers,soy sauce,674,50,38,36,4,2,638,55,weekend,salmon:200g; pasta:150g; peppers:100g; soy sauce:75g; oil:10g,"air fryer, slow cooker","batch-cooking, meal-prep, weekend, air fryer, slow cooker",1. Batch cook salmon (store for 2–3 meals). 2. Marinate the salmon for better flavor. 3. Prepare pasta in bulk. 4. Cook peppers. 5. Combine salmon with soy sauce. 6. Serve with pasta. 7. Plate carefully and add garnish.
621,shrimp_quinoa_621,shrimp,quinoa,carrots,cream sauce,450,54,32,12,3,2,346,32,balanced,shrimp:200g; quinoa:150g; carrots:100g; cream sauce:75g; oil:10g,slow cooker,"batch-cooking, meal-prep, balanced, slow cooker",1. Batch cook shrimp (store for 2–3 meals). 2. Prepare quinoa in bulk. 3. Cook carrots. 4. Combine shrimp with cream sauce. 5. Serve with quinoa.
622,pork_rice_622,pork,rice,broccoli,tomato sauce,726,54,42,38,4,2,438,82,weekend,pork:200g; rice:150g; broccoli:100g; tomato sauce:75g; oil:10g,"microwave, oven, slow cooker","batch-cooking, meal-prep, weekend, microwave, oven, slow cooker",1. Batch cook pork (store for 2–3 meals). 2. Marinate the pork for better flavor. 3. Prepare rice in bulk. 4. Cook broccoli. 5. Combine pork with tomato sauce. 6. Serve with rice. 7. Plate carefully and add garnish.
623,lentils_quinoa_623,lentils,quinoa,spinach,garlic sauce,472,24,72,10,7,4,368,76,weekend,lentils:200g; quinoa:150g; spinach:100g; garlic sauce:75g; oil:10g,"oven, slow cooker","batch-cooking, meal-prep, weekend, oven, slow cooker",1. Batch cook lentils (store for 2–3 meals). 2. Marinate the lentils for better flavor. 3. Prepare quinoa in bulk. 4. Cook spinach. 5. Combine lentils with garlic sauce. 6. Serve with quinoa. 7. Plate carefully and add garnish.
624,shrimp_pasta_624,shrimp,pasta,carrots,teriyaki,450,48,38,12,4,2,604,23,quick,shrimp:200g; pasta:150g; carrots:100g; teriyaki:75g; oil:10g,"air fryer, oven","batch-cooking, meal-prep, quick, air fryer, oven",1. Batch cook shrimp (store for 2–3 meals). 2. Prepare pasta in bulk. 3. Cook carrots. 4. Combine shrimp with teriyaki. 5. Serve with pasta.
625,tofu_potatoes_625,tofu,potatoes,green beans,teriyaki,346,16,26,20,3,1,376,35,balanced,tofu:200g; potatoes:150g; green beans:100g; teriyaki:75g; oil:10g,"air fryer, stovetop, slow cooker","batch-cooking, meal-prep, balanced, air fryer, stovetop, slow cooker",1. Batch cook tofu (store for 2–3 meals). 2. Prepare potatoes in bulk. 3. Cook green beans. 4. Combine tofu with teriyaki. 5. Serve with potatoes.
626,pork_potatoes_626,pork,potatoes,green beans,pesto,660,54,26,38,3,1,351,35,balanced,pork:200g; potatoes:150g; green beans:100g; pesto:75g; oil:10g,"microwave, oven, slow cooker","batch-cooking, meal-prep, balanced, microwave, oven, slow cooker",1. Batch cook pork (store for 2–3 meals). 2. Prepare potatoes in bulk. 3. Cook green beans. 4. Combine pork with pesto. 5. Serve with potatoes.
627,salmon_quinoa_627,salmon,quinoa,peppers,garlic sauce,674,56,32,36,3,2,750,12,quick,salmon:200g; quinoa:150g; peppers:100g; garlic sauce:75g; oil:10g,"air fryer, stovetop","batch-cooking, meal-prep, quick, air fryer, stovetop",1. Batch cook salmon (store for 2–3 meals). 2. Prepare quinoa in bulk. 3. Cook peppers. 4. Combine salmon with garlic sauce. 5. Serve with quinoa.
628,beef_rice_628,beef,rice,peppers,garlic sauce,736,52,42,40,4,2,687,22,quick,beef:200g; rice:150g; peppers:100g; garlic sauce:75g; oil:10g,"oven, slow cooker","batch-cooking, meal-prep, quick, oven, slow cooker",1. Batch cook beef (store for 2–3 meals). 2. Prepare rice in bulk. 3. Cook peppers. 4. Combine beef with garlic sauce. 5. Serve with rice.
629,beef_rice_629,beef,rice,green beans,teriyaki,736,52,42,40,4,2,639,10,quick,beef:200g; rice:150g; green beans:100g; teriyaki:75g; oil:10g,microwave,"batch-cooking, meal-prep, quick, microwave",1. Batch cook beef (store for 2–3 meals). 2. Prepare rice in bulk. 3. Cook green beans. 4. Combine beef with teriyaki. 5. Serve with rice.
630,chicken_noodles_630,chicken,noodles,zucchini,tomato sauce,572,62,40,18,4,2,311,42,balanced,chicken:200g; noodles:150g; zucchini:100g; tomato sauce:75g; oil:10g,"microwave, stovetop, slow cooker","batch-cooking, meal-prep, balanced, microwave, stovetop, slow cooker",1. Batch cook chicken (store for 2–3 meals). 2. Prepare noodles in bulk. 3. Cook zucchini. 4. Combine chicken with tomato sauce. 5. Serve with noodles.
631,shrimp_potatoes_631,shrimp,potatoes,spinach,cream sauce,402,48,26,12,3,1,534,21,quick,shrimp:200g; potatoes:150g; spinach:100g; cream sauce:75g; oil:10g,"air fryer, microwave, stovetop","batch-cooking, meal-prep, quick, air fryer, microwave, stovetop",1. Batch cook shrimp (store for 2–3 meals). 2. Prepare potatoes in bulk. 3. Cook spinach. 4. Combine shrimp with cream sauce. 5. Serve with potatoes.
632,tofu_tortilla_632,tofu,tortilla,carrots,cream sauce,544,16,75,20,8,4,458,12,quick,tofu:200g; tortilla:150g; carrots:100g; cream sauce:75g; oil:10g,"air fryer, slow cooker","batch-cooking, meal-prep, quick, air fryer, slow cooker",1. Batch cook tofu (store for 2–3 meals). 2. Prepare tortilla in bulk. 3. Cook carrots. 4. Combine tofu with cream sauce. 5. Serve with tortilla.
633,pork_quinoa_633,pork,quinoa,peppers,soy sauce,708,60,32,38,3,2,597,11,quick,pork:200g; quinoa:150g; peppers:100g; soy sauce:75g; oil:10g,oven,"batch-cooking, meal-prep, quick, oven",1. Batch cook pork (store for 2–3 meals). 2. Prepare quinoa in bulk. 3. Cook peppers. 4. Combine pork with soy sauce. 5. Serve with quinoa.
634,lentils_pasta_634,lentils,pasta,broccoli,tomato sauce,472,18,78,10,8,4,398,24,quick,lentils:200g; pasta:150g; broccoli:100g; tomato sauce:75g; oil:10g,oven,"batch-cooking, meal-prep, quick, oven",1. Batch cook lentils (store for 2–3 meals). 2. Prepare pasta in bulk. 3. Cook broccoli. 4. Combine lentils with tomato sauce. 5. Serve with pasta.
635,shrimp_quinoa_635,shrimp,quinoa,zucchini,soy sauce,450,54,32,12,3,2,655,25,balanced,shrimp:200g; quinoa:150g; zucchini:100g; soy sauce:75g; oil:10g,oven,"batch-cooking, meal-prep, balanced, oven",1. Batch cook shrimp (store for 2–3 meals). 2. Prepare quinoa in bulk. 3. Cook zucchini. 4. Combine shrimp with soy sauce. 5. Serve with quinoa.
636,shrimp_noodles_636,shrimp,noodles,spinach,cream sauce,462,48,40,12,4,2,670,17,quick,shrimp:200g; noodles:150g; spinach:100g; cream sauce:75g; oil:10g,"air fryer, stovetop, oven","batch-cooking, meal-prep, quick, air fryer, stovetop, oven",1. Batch cook shrimp (store for 2–3 meals). 2. Prepare noodles in bulk. 3. Cook spinach. 4. Combine shrimp with cream sauce. 5. Serve with noodles.
637,shrimp_quinoa_637,shrimp,quinoa,onion,pesto,450,54,32,12,3,2,457,69,weekend,shrimp:200g; quinoa:150g; onion:100g; pesto:75g; oil:10g,"air fryer, stovetop, slow cooker","batch-cooking, meal-prep, weekend, air fryer, stovetop, slow cooker",1. Batch cook shrimp (store for 2–3 meals). 2. Marinate the shrimp for better flavor. 3. Prepare quinoa in bulk. 4. Cook onion. 5. Combine shrimp with pesto. 6. Serve with quinoa. 7. Plate carefully and add garnish.
638,tofu_noodles_638,tofu,noodles,peppers,garlic sauce,406,16,40,20,4,2,709,12,quick,tofu:200g; noodles:150g; peppers:100g; garlic sauce:75g; oil:10g,"stovetop, slow cooker","batch-cooking, meal-prep, quick, stovetop, slow cooker",1. Batch cook tofu (store for 2–3 meals). 2. Prepare noodles in bulk. 3. Cook peppers. 4. Combine tofu with garlic sauce. 5. Serve with noodles.
639,lentils_noodles_639,lentils,noodles,green beans,soy sauce,484,18,80,10,8,4,505,19,quick,lentils:200g; noodles:150g; green beans:100g; soy sauce:75g; oil:10g,"air fryer, microwave, stovetop","batch-cooking, meal-prep, quick, air fryer, microwave, stovetop",1. Batch cook lentils (store for 2–3 meals). 2. Prepare noodles in bulk. 3. Cook green beans. 4. Combine lentils with soy sauce. 5. Serve with noodles.
640,salmon_pasta_640,salmon,pasta,peppers,tomato sauce,674,50,38,36,4,2,323,40,balanced,salmon:200g; pasta:150g; peppers:100g; tomato sauce:75g; oil:10g,"air fryer, microwave","batch-cooking, meal-prep, balanced, air fryer, microwave",1. Batch cook salmon (store for 2–3 meals). 2. Prepare pasta in bulk. 3. Cook peppers. 4. Combine salmon with tomato sauce. 5. Serve with pasta.
641,beef_pasta_641,beef,pasta,onion,teriyaki,718,52,38,40,4,2,363,36,balanced,beef:200g; pasta:150g; onion:100g; teriyaki:75g; oil:10g,microwave,"batch-cooking, meal-prep, balanced, microwave",1. Batch cook beef (store for 2–3 meals). 2. Prepare pasta in bulk. 3. Cook onion. 4. Combine beef with teriyaki. 5. Serve with pasta.
642,shrimp_noodles_642,shrimp,noodles,spinach,soy sauce,462,48,40,12,4,2,777,75,weekend,shrimp:200g; noodles:150g; spinach:100g; soy sauce:75g; oil:10g,"air fryer, stovetop, oven","batch-cooking, meal-prep, weekend, air fryer, stovetop, oven",1. Batch cook shrimp (store for 2–3 meals). 2. Marinate the shrimp for better flavor. 3. Prepare noodles in bulk. 4. Cook spinach. 5. Combine shrimp with soy sauce. 6. Serve with noodles. 7. Plate carefully and add garnish.
643,chicken_noodles_643,chicken,noodles,broccoli,teriyaki,572,62,40,18,4,2,597,17,quick,chicken:200g; noodles:150g; broccoli:100g; teriyaki:75g; oil:10g,"stovetop, oven","batch-cooking, meal-prep, quick, stovetop, oven",1. Batch cook chicken (store for 2–3 meals). 2. Prepare noodles in bulk. 3. Cook broccoli. 4. Combine chicken with teriyaki. 5. Serve with noodles.
644,chicken_rice_644,chicken,rice,green beans,garlic sauce,578,62,42,18,4,2,644,19,quick,chicken:200g; rice:150g; green beans:100g; garlic sauce:75g; oil:10g,"air fryer, stovetop, oven","batch-cooking, meal-prep, quick, air fryer, stovetop, oven",1. Batch cook chicken (store for 2–3 meals). 2. Prepare rice in bulk. 3. Cook green beans. 4. Combine chicken with garlic sauce. 5. Serve with rice.
645,salmon_noodles_645,salmon,noodles,zucchini,soy sauce,686,50,40,36,4,2,722,39,balanced,salmon:200g; noodles:150g; zucchini:100g; soy sauce:75g; oil:10g,oven,"batch-cooking, meal-prep, balanced, oven",1. Batch cook salmon (store for 2–3 meals). 2. Prepare noodles in bulk. 3. Cook zucchini. 4. Combine salmon with soy sauce. 5. Serve with noodles.
646,beef_tortilla_646,beef,tortilla,carrots,teriyaki,868,52,75,40,8,4,479,81,weekend,beef:200g; tortilla:150g; carrots:100g; teriyaki:75g; oil:10g,"air fryer, microwave, oven","batch-cooking, meal-prep, weekend, air fryer, microwave, oven",1. Batch cook beef (store for 2–3 meals). 2. Marinate the beef for better flavor. 3. Prepare tortilla in bulk. 4. Cook carrots. 5. Combine beef with teriyaki. 6. Serve with tortilla. 7. Plate carefully and add garnish.
647,shrimp_potatoes_647,shrimp,potatoes,zucchini,cream sauce,402,48,26,12,3,1,682,33,balanced,shrimp:200g; potatoes:150g; zucchini:100g; cream sauce:75g; oil:10g,"air fryer, oven, slow cooker","batch-cooking, meal-prep, balanced, air fryer, oven, slow cooker",1. Batch cook shrimp (store for 2–3 meals). 2. Prepare potatoes in bulk. 3. Cook zucchini. 4. Combine shrimp with cream sauce. 5. Serve with potatoes.
648,lentils_quinoa_648,lentils,quinoa,green beans,tomato sauce,472,24,72,10,7,4,583,12,quick,lentils:200g; quinoa:150g; green beans:100g; tomato sauce:75g; oil:10g,"microwave, oven","batch-cooking, meal-prep, quick, microwave, oven",1. Batch cook lentils (store for 2–3 meals). 2. Prepare quinoa in bulk. 3. Cook green beans. 4. Combine lentils with tomato sauce. 5. Serve with quinoa.
649,chicken_tortilla_649,chicken,tortilla,spinach,garlic sauce,710,62,75,18,8,4,466,83,weekend,chicken:200g; tortilla:150g; spinach:100g; garlic sauce:75g; oil:10g,"microwave, oven","batch-cooking, meal-prep, weekend, microwave, oven",1. Batch cook chicken (store for 2–3 meals). 2. Marinate the chicken for better flavor. 3. Prepare tortilla in bulk. 4. Cook spinach. 5. Combine chicken with garlic sauce. 6. Serve with tortilla. 7. Plate carefully and add garnish.
650,chicken_noodles_650,chicken,noodles,carrots,teriyaki,572,62,40,18,4,2,653,13,quick,chicken:200g; noodles:150g; carrots:100g; teriyaki:75g; oil:10g,"air fryer, microwave, stovetop","batch-cooking, meal-prep, quick, air fryer, microwave, stovetop",1. Batch cook chicken (store for 2–3 meals). 2. Prepare noodles in bulk. 3. Cook carrots. 4. Combine chicken with teriyaki. 5. Serve with noodles.
651,tofu_noodles_651,tofu,noodles,carrots,garlic sauce,406,16,40,20,4,2,617,27,balanced,tofu:200g; noodles:150g; carrots:100g; garlic sauce:75g; oil:10g,air fryer,"batch-cooking, meal-prep, balanced, air fryer",1. Batch cook tofu (store for 2–3 meals). 2. Prepare noodles in bulk. 3. Cook carrots. 4. Combine tofu with garlic sauce. 5. Serve with noodles.
652,beef_pasta_652,beef,pasta,broccoli,cream sauce,718,52,38,40,4,2,749,25,quick,beef:200g; pasta:150g; broccoli:100g; cream sauce:75g; oil:10g,"microwave, slow cooker","batch-cooking, meal-prep, quick, microwave, slow cooker",1. Batch cook beef (store for 2–3 meals). 2. Prepare pasta in bulk. 3. Cook broccoli. 4. Combine beef with cream sauce. 5. Serve with pasta.
653,chicken_pasta_653,chicken,pasta,onion,garlic sauce,560,62,38,18,4,2,373,89,weekend,chicken:200g; pasta:150g; onion:100g; garlic sauce:75g; oil:10g,slow cooker,"batch-cooking, meal-prep, weekend, slow cooker",1. Batch cook chicken (store for 2–3 meals). 2. Marinate the chicken for better flavor. 3. Prepare pasta in bulk. 4. Cook onion. 5. Combine chicken with garlic sauce. 6. Serve with pasta. 7. Plate carefully and add garnish.
654,shrimp_pasta_654,shrimp,pasta,broccoli,pesto,450,48,38,12,4,2,485,19,quick,shrimp:200g; pasta:150g; broccoli:100g; pesto:75g; oil:10g,oven,"batch-cooking, meal-prep, quick, oven",1. Batch cook shrimp (store for 2–3 meals). 2. Prepare pasta in bulk. 3. Cook broccoli. 4. Combine shrimp with pesto. 5. Serve with pasta.
655,turkey_noodles_655,turkey,noodles,green beans,cream sauce,520,58,40,14,4,2,701,19,quick,turkey:200g; noodles:150g; green beans:100g; cream sauce:75g; oil:10g,microwave,"batch-cooking, meal-prep, quick, microwave",1. Batch cook turkey (store for 2–3 meals). 2. Prepare noodles in bulk. 3. Cook green beans. 4. Combine turkey with cream sauce. 5. Serve with noodles.
656,lentils_pasta_656,lentils,pasta,broccoli,tomato sauce,472,18,78,10,8,4,386,11,quick,lentils:200g; pasta:150g; broccoli:100g; tomato sauce:75g; oil:10g,oven,"batch-cooking, meal-prep, quick, oven",1. Batch cook lentils (store for 2–3 meals). 2. Prepare pasta in bulk. 3. Cook broccoli. 4. Combine lentils with tomato sauce. 5. Serve with pasta.
657,pork_noodles_657,pork,noodles,peppers,soy sauce,720,54,40,38,4,2,659,11,quick,pork:200g; noodles:150g; peppers:100g; soy sauce:75g; oil:10g,microwave,"batch-cooking, meal-prep, quick, microwave",1. Batch cook pork (store for 2–3 meals). 2. Prepare noodles in bulk. 3. Cook peppers. 4. Combine pork with soy sauce. 5. Serve with noodles.
658,chicken_potatoes_658,chicken,potatoes,zucchini,pesto,512,62,26,18,3,1,724,22,quick,chicken:200g; potatoes:150g; zucchini:100g; pesto:75g; oil:10g,"microwave, stovetop","batch-cooking, meal-prep, quick, microwave, stovetop",1. Batch cook chicken (store for 2–3 meals). 2. Prepare potatoes in bulk. 3. Cook zucchini. 4. Combine chicken with pesto. 5. Serve with potatoes.
659,chicken_rice_659,chicken,rice,carrots,garlic sauce,578,62,42,18,4,2,404,19,quick,chicken:200g; rice:150g; carrots:100g; garlic sauce:75g; oil:10g,"air fryer, stovetop, oven","batch-cooking, meal-prep, quick, air fryer, stovetop, oven",1. Batch cook chicken (store for 2–3 meals). 2. Prepare rice in bulk. 3. Cook carrots. 4. Combine chicken with garlic sauce. 5. Serve with rice.
660,beef_quinoa_660,beef,quinoa,broccoli,garlic sauce,718,58,32,40,3,2,652,53,weekend,beef:200g; quinoa:150g; broccoli:100g; garlic sauce:75g; oil:10g,"air fryer, oven, slow cooker","batch-cooking, meal-prep, weekend, air fryer, oven, slow cooker",1. Batch cook beef (store for 2–3 meals). 2. Marinate the beef for better flavor. 3. Prepare quinoa in bulk. 4. Cook broccoli. 5. Combine beef with garlic sauce. 6. Serve with quinoa. 7. Plate carefully and add garnish.
661,tofu_potatoes_661,tofu,potatoes,broccoli,tomato sauce,346,16,26,20,3,1,602,34,balanced,tofu:200g; potatoes:150g; broccoli:100g; tomato sauce:75g; oil:10g,air fryer,"batch-cooking, meal-prep, balanced, air fryer",1. Batch cook tofu (store for 2–3 meals). 2. Prepare potatoes in bulk. 3. Cook broccoli. 4. Combine tofu with tomato sauce. 5. Serve with potatoes.
662,turkey_potatoes_662,turkey,potatoes,green beans,tomato sauce,460,58,26,14,3,1,565,33,balanced,turkey:200g; potatoes:150g; green beans:100g; tomato sauce:75g; oil:10g,"stovetop, oven","batch-cooking, meal-prep, balanced, stovetop, oven",1. Batch cook turkey (store for 2–3 meals). 2. Prepare potatoes in bulk. 3. Cook green beans. 4. Combine turkey with tomato sauce. 5. Serve with potatoes.
663,pork_noodles_663,pork,noodles,green beans,tomato sauce,720,54,40,38,4,2,404,28,balanced,pork:200g; noodles:150g; green beans:100g; tomato sauce:75g; oil:10g,microwave,"batch-cooking, meal-prep, balanced, microwave",1. Batch cook pork (store for 2–3 meals). 2. Prepare noodles in bulk. 3. Cook green beans. 4. Combine pork with tomato sauce. 5. Serve with noodles.
664,turkey_rice_664,turkey,rice,spinach,tomato sauce,526,58,42,14,4,2,600,25,quick,turkey:200g; rice:150g; spinach:100g; tomato sauce:75g; oil:10g,"air fryer, microwave","batch-cooking, meal-prep, quick, air fryer, microwave",1. Batch cook turkey (store for 2–3 meals). 2. Prepare rice in bulk. 3. Cook spinach. 4. Combine turkey with tomato sauce. 5. Serve with rice.
665,tofu_pasta_665,tofu,pasta,broccoli,pesto,394,16,38,20,4,2,431,12,quick,tofu:200g; pasta:150g; broccoli:100g; pesto:75g; oil:10g,"oven, slow cooker","batch-cooking, meal-prep, quick, oven, slow cooker",1. Batch cook tofu (store for 2–3 meals). 2. Prepare pasta in bulk. 3. Cook broccoli. 4. Combine tofu with pesto. 5. Serve with pasta.
666,lentils_pasta_666,lentils,pasta,onion,teriyaki,472,18,78,10,8,4,446,29,balanced,lentils:200g; pasta:150g; onion:100g; teriyaki:75g; oil:10g,air fryer,"batch-cooking, meal-prep, balanced, air fryer",1. Batch cook lentils (store for 2–3 meals). 2. Prepare pasta in bulk. 3. Cook onion. 4. Combine lentils with teriyaki. 5. Serve with pasta.
667,chicken_noodles_667,chicken,noodles,peppers,cream sauce,572,62,40,18,4,2,642,22,quick,chicken:200g; noodles:150g; peppers:100g; cream sauce:75g; oil:10g,"microwave, oven, slow cooker","batch-cooking, meal-prep, quick, microwave, oven, slow cooker",1. Batch cook chicken (store for 2–3 meals). 2. Prepare noodles in bulk. 3. Cook peppers. 4. Combine chicken with cream sauce. 5. Serve with noodles.
668,chicken_potatoes_668,chicken,potatoes,green beans,teriyaki,512,62,26,18,3,1,506,13,quick,chicken:200g; potatoes:150g; green beans:100g; teriyaki:75g; oil:10g,air fryer,"batch-cooking, meal-prep, quick, air fryer",1. Batch cook chicken (store for 2–3 meals). 2. Prepare potatoes in bulk. 3. Cook green beans. 4. Combine chicken with teriyaki. 5. Serve with potatoes.
669,lentils_pasta_669,lentils,pasta,carrots,cream sauce,472,18,78,10,8,4,510,41,balanced,lentils:200g; pasta:150g; carrots:100g; cream sauce:75g; oil:10g,"microwave, stovetop","batch-cooking, meal-prep, balanced, microwave, stovetop",1. Batch cook lentils (store for 2–3 meals). 2. Prepare pasta in bulk. 3. Cook carrots. 4. Combine lentils with cream sauce. 5. Serve with pasta.
670,lentils_noodles_670,lentils,noodles,zucchini,pesto,484,18,80,10,8,4,544,32,balanced,lentils:200g; noodles:150g; zucchini:100g; pesto:75g; oil:10g,slow cooker,"batch-cooking, meal-prep, balanced, slow cooker",1. Batch cook lentils (store for 2–3 meals). 2. Prepare noodles in bulk. 3. Cook zucchini. 4. Combine lentils with pesto. 5. Serve with noodles.
671,shrimp_tortilla_671,shrimp,tortilla,green beans,teriyaki,600,48,75,12,8,4,589,13,quick,shrimp:200g; tortilla:150g; green beans:100g; teriyaki:75g; oil:10g,"stovetop, slow cooker","batch-cooking, meal-prep, quick, stovetop, slow cooker",1. Batch cook shrimp (store for 2–3 meals). 2. Prepare tortilla in bulk. 3. Cook green beans. 4. Combine shrimp with teriyaki. 5. Serve with tortilla.
672,pork_pasta_672,pork,pasta,zucchini,garlic sauce,708,54,38,38,4,2,635,84,weekend,pork:200g; pasta:150g; zucchini:100g; garlic sauce:75g; oil:10g,slow cooker,"batch-cooking, meal-prep, weekend, slow cooker",1. Batch cook pork (store for 2–3 meals). 2. Marinate the pork for better flavor. 3. Prepare pasta in bulk. 4. Cook zucchini. 5. Combine pork with garlic sauce. 6. Serve with pasta. 7. Plate carefully and add garnish.
673,lentils_quinoa_673,lentils,quinoa,spinach,soy sauce,472,24,72,10,7,4,597,20,quick,lentils:200g; quinoa:150g; spinach:100g; soy sauce:75g; oil:10g,"air fryer, microwave, stovetop","batch-cooking, meal-prep, quick, air fryer, microwave, stovetop",1. Batch cook lentils (store for 2–3 meals). 2. Prepare quinoa in bulk. 3. Cook spinach. 4. Combine lentils with soy sauce. 5. Serve with quinoa.
674,lentils_potatoes_674,lentils,potatoes,peppers,cream sauce,424,18,66,10,7,3,499,37,balanced,lentils:200g; potatoes:150g; peppers:100g; cream sauce:75g; oil:10g,"microwave, oven, slow cooker","batch-cooking, meal-prep, balanced, microwave, oven, slow cooker",1. Batch cook lentils (store for 2–3 meals). 2. Prepare potatoes in bulk. 3. Cook peppers. 4. Combine lentils with cream sauce. 5. Serve with potatoes.
675,beef_pasta_675,beef,pasta,peppers,cream sauce,718,52,38,40,4,2,621,24,quick,beef:200g; pasta:150g; peppers:100g; cream sauce:75g; oil:10g,"stovetop, oven, slow cooker","batch-cooking, meal-prep, quick, stovetop, oven, slow cooker",1. Batch cook beef (store for 2–3 meals). 2. Prepare pasta in bulk. 3. Cook peppers. 4. Combine beef with cream sauce. 5. Serve with pasta.
676,turkey_noodles_676,turkey,noodles,green beans,soy sauce,520,58,40,14,4,2,795,45,balanced,turkey:200g; noodles:150g; green beans:100g; soy sauce:75g; oil:10g,"air fryer, oven, slow cooker","batch-cooking, meal-prep, balanced, air fryer, oven, slow cooker",1. Batch cook turkey (store for 2–3 meals). 2. Prepare noodles in bulk. 3. Cook green beans. 4. Combine turkey with soy sauce. 5. Serve with noodles.
677,turkey_tortilla_677,turkey,tortilla,carrots,soy sauce,658,58,75,14,8,4,563,70,weekend,turkey:200g; tortilla:150g; carrots:100g; soy sauce:75g; oil:10g,"microwave, stovetop, oven","batch-cooking, meal-prep, weekend, microwave, stovetop, oven",1. Batch cook turkey (store for 2–3 meals). 2. Marinate the turkey for better flavor. 3. Prepare tortilla in bulk. 4. Cook carrots. 5. Combine turkey with soy sauce. 6. Serve with tortilla. 7. Plate carefully and add garnish.
678,pork_potatoes_678,pork,potatoes,spinach,tomato sauce,660,54,26,38,3,1,321,16,quick,pork:200g; potatoes:150g; spinach:100g; tomato sauce:75g; oil:10g,"air fryer, stovetop, slow cooker","batch-cooking, meal-prep, quick, air fryer, stovetop, slow cooker",1. Batch cook pork (store for 2–3 meals). 2. Prepare potatoes in bulk. 3. Cook spinach. 4. Combine pork with tomato sauce. 5. Serve with potatoes.
679,chicken_rice_679,chicken,rice,green beans,tomato sauce,578,62,42,18,4,2,411,23,quick,chicken:200g; rice:150g; green beans:100g; tomato sauce:75g; oil:10g,"air fryer, stovetop","batch-cooking, meal-prep, quick, air fryer, stovetop",1. Batch cook chicken (store for 2–3 meals). 2. Prepare rice in bulk. 3. Cook green beans. 4. Combine chicken with tomato sauce. 5. Serve with rice.
680,salmon_rice_680,salmon,rice,onion,garlic sauce,692,50,42,36,4,2,340,21,quick,salmon:200g; rice:150g; onion:100g; garlic sauce:75g; oil:10g,stovetop,"batch-cooking, meal-prep, quick, stovetop",1. Batch cook salmon (store for 2–3 meals). 2. Prepare rice in bulk. 3. Cook onion. 4. Combine salmon with garlic sauce. 5. Serve with rice.
681,lentils_rice_681,lentils,rice,peppers,pesto,490,18,82,10,8,4,432,34,balanced,lentils:200g; rice:150g; peppers:100g; pesto:75g; oil:10g,"stovetop, oven","batch-cooking, meal-prep, balanced, stovetop, oven",1. Batch cook lentils (store for 2–3 meals). 2. Prepare rice in bulk. 3. Cook peppers. 4. Combine lentils with pesto. 5. Serve with rice.
682,tofu_tortilla_682,tofu,tortilla,zucchini,cream sauce,544,16,75,20,8,4,521,56,weekend,tofu:200g; tortilla:150g; zucchini:100g; cream sauce:75g; oil:10g,stovetop,"batch-cooking, meal-prep, weekend, stovetop",1. Batch cook tofu (store for 2–3 meals). 2. Marinate the tofu for better flavor. 3. Prepare tortilla in bulk. 4. Cook zucchini. 5. Combine tofu with cream sauce. 6. Serve with tortilla. 7. Plate carefully and add garnish.
683,salmon_quinoa_683,salmon,quinoa,zucchini,teriyaki,674,56,32,36,3,2,475,22,quick,salmon:200g; quinoa:150g; zucchini:100g; teriyaki:75g; oil:10g,"air fryer, stovetop, oven","batch-cooking, meal-prep, quick, air fryer, stovetop, oven",1. Batch cook salmon (store for 2–3 meals). 2. Prepare quinoa in bulk. 3. Cook zucchini. 4. Combine salmon with teriyaki. 5. Serve with quinoa.
684,beef_rice_684,beef,rice,onion,pesto,736,52,42,40,4,2,449,32,balanced,beef:200g; rice:150g; onion:100g; pesto:75g; oil:10g,slow cooker,"batch-cooking, meal-prep, balanced, slow cooker",1. Batch cook beef (store for 2–3 meals). 2. Prepare rice in bulk. 3. Cook onion. 4. Combine beef with pesto. 5. Serve with rice.
685,chicken_noodles_685,chicken,noodles,carrots,tomato sauce,572,62,40,18,4,2,745,39,balanced,chicken:200g; noodles:150g; carrots:100g; tomato sauce:75g; oil:10g,oven,"batch-cooking, meal-prep, balanced, oven",1. Batch cook chicken (store for 2–3 meals). 2. Prepare noodles in bulk. 3. Cook carrots. 4. Combine chicken with tomato sauce. 5. Serve with noodles.
686,shrimp_rice_686,shrimp,rice,peppers,pesto,468,48,42,12,4,2,668,19,quick,shrimp:200g; rice:150g; peppers:100g; pesto:75g; oil:10g,"air fryer, slow cooker","batch-cooking, meal-prep, quick, air fryer, slow cooker",1. Batch cook shrimp (store for 2–3 meals). 2. Prepare rice in bulk. 3. Cook peppers. 4. Combine shrimp with pesto. 5. Serve with rice.
687,tofu_tortilla_687,tofu,tortilla,carrots,teriyaki,544,16,75,20,8,4,393,18,quick,tofu:200g; tortilla:150g; carrots:100g; teriyaki:75g; oil:10g,"air fryer, oven","batch-cooking, meal-prep, quick, air fryer, oven",1. Batch cook tofu (store for 2–3 meals). 2. Prepare tortilla in bulk. 3. Cook carrots. 4. Combine tofu with teriyaki. 5. Serve with tortilla.
688,turkey_tortilla_688,turkey,tortilla,spinach,tomato sauce,658,58,75,14,8,4,434,52,weekend,turkey:200g; tortilla:150g; spinach:100g; tomato sauce:75g; oil:10g,microwave,"batch-cooking, meal-prep, weekend, microwave",1. Batch cook turkey (store for 2–3 meals). 2. Marinate the turkey for better flavor. 3. Prepare tortilla in bulk. 4. Cook spinach. 5. Combine turkey with tomato sauce. 6. Serve with tortilla. 7. Plate carefully and add garnish.
689,beef_potatoes_689,beef,potatoes,peppers,tomato sauce,670,52,26,40,3,1,494,41,balanced,beef:200g; potatoes:150g; peppers:100g; tomato sauce:75g; oil:10g,"stovetop, oven, slow cooker","batch-cooking, meal-prep, balanced, stovetop, oven, slow cooker",1. Batch cook beef (store for 2–3 meals). 2. Prepare potatoes in bulk. 3. Cook peppers. 4. Combine beef with tomato sauce. 5. Serve with potatoes.
690,pork_quinoa_690,pork,quinoa,zucchini,garlic sauce,708,60,32,38,3,2,481,16,quick,pork:200g; quinoa:150g; zucchini:100g; garlic sauce:75g; oil:10g,"microwave, oven, slow cooker","batch-cooking, meal-prep, quick, microwave, oven, slow cooker",1. Batch cook pork (store for 2–3 meals). 2. Prepare quinoa in bulk. 3. Cook zucchini. 4. Combine pork with garlic sauce. 5. Serve with quinoa.
691,beef_rice_691,beef,rice,zucchini,garlic sauce,736,52,42,40,4,2,499,73,weekend,beef:200g; rice:150g; zucchini:100g; garlic sauce:75g; oil:10g,"air fryer, oven","batch-cooking, meal-prep, weekend, air fryer, oven",1. Batch cook beef (store for 2–3 meals). 2. Marinate the beef for better flavor. 3. Prepare rice in bulk. 4. Cook zucchini. 5. Combine beef with garlic sauce. 6. Serve with rice. 7. Plate carefully and add garnish.
692,salmon_pasta_692,salmon,pasta,peppers,teriyaki,674,50,38,36,4,2,761,20,quick,salmon:200g; pasta:150g; peppers:100g; teriyaki:75g; oil:10g,"air fryer, microwave, oven","batch-cooking, meal-prep, quick, air fryer, microwave, oven",1. Batch cook salmon (store for 2–3 meals). 2. Prepare pasta in bulk. 3. Cook peppers. 4. Combine salmon with teriyaki. 5. Serve with pasta.
693,tofu_pasta_693,tofu,pasta,zucchini,pesto,394,16,38,20,4,2,371,76,weekend,tofu:200g; pasta:150g; zucchini:100g; pesto:75g; oil:10g,"microwave, stovetop, oven","batch-cooking, meal-prep, weekend, microwave, stovetop, oven",1. Batch cook tofu (store for 2–3 meals). 2. Marinate the tofu for better flavor. 3. Prepare pasta in bulk. 4. Cook zucchini. 5. Combine tofu with pesto. 6. Serve with pasta. 7. Plate carefully and add garnish.
694,tofu_potatoes_694,tofu,potatoes,spinach,tomato sauce,346,16,26,20,3,1,681,17,quick,tofu:200g; potatoes:150g; spinach:100g; tomato sauce:75g; oil:10g,"air fryer, stovetop, slow cooker","batch-cooking, meal-prep, quick, air fryer, stovetop, slow cooker",1. Batch cook tofu (store for 2–3 meals). 2. Prepare potatoes in bulk. 3. Cook spinach. 4. Combine tofu with tomato sauce. 5. Serve with potatoes.
695,tofu_potatoes_695,tofu,potatoes,onion,pesto,346,16,26,20,3,1,689,28,balanced,tofu:200g; potatoes:150g; onion:100g; pesto:75g; oil:10g,"microwave, oven, slow cooker","batch-cooking, meal-prep, balanced, microwave, oven, slow cooker",1. Batch cook tofu (store for 2–3 meals). 2. Prepare potatoes in bulk. 3. Cook onion. 4. Combine tofu with pesto. 5. Serve with potatoes.
696,lentils_potatoes_696,lentils,potatoes,green beans,teriyaki,424,18,66,10,7,3,324,29,balanced,lentils:200g; potatoes:150g; green beans:100g; teriyaki:75g; oil:10g,"air fryer, oven, slow cooker","batch-cooking, meal-prep, balanced, air fryer, oven, slow cooker",1. Batch cook lentils (store for 2–3 meals). 2. Prepare potatoes in bulk. 3. Cook green beans. 4. Combine lentils with teriyaki. 5. Serve with potatoes.
697,salmon_potatoes_697,salmon,potatoes,zucchini,teriyaki,626,50,26,36,3,1,479,22,quick,salmon:200g; potatoes:150g; zucchini:100g; teriyaki:75g; oil:10g,microwave,"batch-cooking, meal-prep, quick, microwave",1. Batch cook salmon (store for 2–3 meals). 2. Prepare potatoes in bulk. 3. Cook zucchini. 4. Combine salmon with teriyaki. 5. Serve with potatoes.
698,lentils_noodles_698,lentils,noodles,peppers,tomato sauce,484,18,80,10,8,4,728,40,balanced,lentils:200g; noodles:150g; peppers:100g; tomato sauce:75g; oil:10g,"air fryer, microwave, oven","batch-cooking, meal-prep, balanced, air fryer, microwave, oven",1. Batch cook lentils (store for 2–3 meals). 2. Prepare noodles in bulk. 3. Cook peppers. 4. Combine lentils with tomato sauce. 5. Serve with noodles.
699,chicken_rice_699,chicken,rice,zucchini,cream sauce,578,62,42,18,4,2,451,13,quick,chicken:200g; rice:150g; zucchini:100g; cream sauce:75g; oil:10g,"stovetop, oven, slow cooker","batch-cooking, meal-prep, quick, stovetop, oven, slow cooker",1. Batch cook chicken (store for 2–3 meals). 2. Prepare rice in bulk. 3. Cook zucchini. 4. Combine chicken with cream sauce. 5. Serve with rice.
700,tofu_tortilla_700,tofu,tortilla,broccoli,soy sauce,544,16,75,20,8,4,371,30,balanced,tofu:200g; tortilla:150g; broccoli:100g; soy sauce:75g; oil:10g,"oven, slow cooker","batch-cooking, meal-prep, balanced, oven, slow cooker",1. Batch cook tofu (store for 2–3 meals). 2. Prepare tortilla in bulk. 3. Cook broccoli. 4. Combine tofu with soy sauce. 5. Serve with tortilla.
701,tofu_noodles_701,tofu,noodles,zucchini,teriyaki,406,16,40,20,4,2,610,10,quick,tofu:200g; noodles:150g; zucchini:100g; teriyaki:75g; oil:10g,slow cooker,"batch-cooking, meal-prep, quick, slow cooker",1. Batch cook tofu (store for 2–3 meals). 2. Prepare noodles in bulk. 3. Cook zucchini. 4. Combine tofu with teriyaki. 5. Serve with noodles.
702,pork_rice_702,pork,rice,onion,teriyaki,726,54,42,38,4,2,553,25,quick,pork:200g; rice:150g; onion:100g; teriyaki:75g; oil:10g,stovetop,"batch-cooking, meal-prep, quick, stovetop",1. Batch cook pork (store for 2–3 meals). 2. Prepare rice in bulk. 3. Cook onion. 4. Combine pork with teriyaki. 5. Serve with rice.
703,shrimp_rice_703,shrimp,rice,carrots,cream sauce,468,48,42,12,4,2,309,13,quick,shrimp:200g; rice:150g; carrots:100g; cream sauce:75g; oil:10g,"microwave, oven, slow cooker","batch-cooking, meal-prep, quick, microwave, oven, slow cooker",1. Batch cook shrimp (store for 2–3 meals). 2. Prepare rice in bulk. 3. Cook carrots. 4. Combine shrimp with cream sauce. 5. Serve with rice.
704,beef_tortilla_704,beef,tortilla,carrots,soy sauce,868,52,75,40,8,4,681,86,weekend,beef:200g; tortilla:150g; carrots:100g; soy sauce:75g; oil:10g,microwave,"batch-cooking, meal-prep, weekend, microwave",1. Batch cook beef (store for 2–3 meals). 2. Marinate the beef for better flavor. 3. Prepare tortilla in bulk. 4. Cook carrots. 5. Combine beef with soy sauce. 6. Serve with tortilla. 7. Plate carefully and add garnish.
705,tofu_noodles_705,tofu,noodles,peppers,soy sauce,406,16,40,20,4,2,491,31,balanced,tofu:200g; noodles:150g; peppers:100g; soy sauce:75g; oil:10g,oven,"batch-cooking, meal-prep, balanced, oven",1. Batch cook tofu (store for 2–3 meals). 2. Prepare noodles in bulk. 3. Cook peppers. 4. Combine tofu with soy sauce. 5. Serve with noodles.
706,turkey_rice_706,turkey,rice,carrots,tomato sauce,526,58,42,14,4,2,734,33,balanced,turkey:200g; rice:150g; carrots:100g; tomato sauce:75g; oil:10g,stovetop,"batch-cooking, meal-prep, balanced, stovetop",1. Batch cook turkey (store for 2–3 meals). 2. Prepare rice in bulk. 3. Cook carrots. 4. Combine turkey with tomato sauce. 5. Serve with rice.
707,turkey_noodles_707,turkey,noodles,carrots,cream sauce,520,58,40,14,4,2,749,45,balanced,turkey:200g; noodles:150g; carrots:100g; cream sauce:75g; oil:10g,"air fryer, microwave, stovetop","batch-cooking, meal-prep, balanced, air fryer, microwave, stovetop",1. Batch cook turkey (store for 2–3 meals). 2. Prepare noodles in bulk. 3. Cook carrots. 4. Combine turkey with cream sauce. 5. Serve with noodles.
708,shrimp_tortilla_708,shrimp,tortilla,peppers,teriyaki,600,48,75,12,8,4,700,85,weekend,shrimp:200g; tortilla:150g; peppers:100g; teriyaki:75g; oil:10g,stovetop,"batch-cooking, meal-prep, weekend, stovetop",1. Batch cook shrimp (store for 2–3 meals). 2. Marinate the shrimp for better flavor. 3. Prepare tortilla in bulk. 4. Cook peppers. 5. Combine shrimp with teriyaki. 6. Serve with tortilla. 7. Plate carefully and add garnish.
709,turkey_quinoa_709,turkey,quinoa,zucchini,pesto,508,64,32,14,3,2,429,12,quick,turkey:200g; quinoa:150g; zucchini:100g; pesto:75g; oil:10g,microwave,"batch-cooking, meal-prep, quick, microwave",1. Batch cook turkey (store for 2–3 meals). 2. Prepare quinoa in bulk. 3. Cook zucchini. 4. Combine turkey with pesto. 5. Serve with quinoa.
710,chicken_pasta_710,chicken,pasta,broccoli,pesto,560,62,38,18,4,2,355,18,quick,chicken:200g; pasta:150g; broccoli:100g; pesto:75g; oil:10g,"air fryer, stovetop, oven","batch-cooking, meal-prep, quick, air fryer, stovetop, oven",1. Batch cook chicken (store for 2–3 meals). 2. Prepare pasta in bulk. 3. Cook broccoli. 4. Combine chicken with pesto. 5. Serve with pasta.
711,beef_quinoa_711,beef,quinoa,onion,garlic sauce,718,58,32,40,3,2,784,46,weekend,beef:200g; quinoa:150g; onion:100g; garlic sauce:75g; oil:10g,"air fryer, stovetop, slow cooker","batch-cooking, meal-prep, weekend, air fryer, stovetop, slow cooker",1. Batch cook beef (store for 2–3 meals). 2. Marinate the beef for better flavor. 3. Prepare quinoa in bulk. 4. Cook onion. 5. Combine beef with garlic sauce. 6. Serve with quinoa. 7. Plate carefully and add garnish.
712,salmon_tortilla_712,salmon,tortilla,green beans,garlic sauce,824,50,75,36,8,4,737,28,balanced,salmon:200g; tortilla:150g; green beans:100g; garlic sauce:75g; oil:10g,"microwave, stovetop","batch-cooking, meal-prep, balanced, microwave, stovetop",1. Batch cook salmon (store for 2–3 meals). 2. Prepare tortilla in bulk. 3. Cook green beans. 4. Combine salmon with garlic sauce. 5. Serve with tortilla.
713,lentils_potatoes_713,lentils,potatoes,broccoli,garlic sauce,424,18,66,10,7,3,757,70,weekend,lentils:200g; potatoes:150g; broccoli:100g; garlic sauce:75g; oil:10g,slow cooker,"batch-cooking, meal-prep, weekend, slow cooker",1. Batch cook lentils (store for 2–3 meals). 2. Marinate the lentils for better flavor. 3. Prepare potatoes in bulk. 4. Cook broccoli. 5. Combine lentils with garlic sauce. 6. Serve with potatoes. 7. Plate carefully and add garnish.
714,pork_noodles_714,pork,noodles,onion,garlic sauce,720,54,40,38,4,2,546,21,quick,pork:200g; noodles:150g; onion:100g; garlic sauce:75g; oil:10g,"oven, slow cooker","batch-cooking, meal-prep, quick, oven, slow cooker",1. Batch cook pork (store for 2–3 meals). 2. Prepare noodles in bulk. 3. Cook onion. 4. Combine pork with garlic sauce. 5. Serve with noodles.
715,chicken_potatoes_715,chicken,potatoes,broccoli,tomato sauce,512,62,26,18,3,1,410,22,quick,chicken:200g; potatoes:150g; broccoli:100g; tomato sauce:75g; oil:10g,"microwave, stovetop, slow cooker","batch-cooking, meal-prep, quick, microwave, stovetop, slow cooker",1. Batch cook chicken (store for 2–3 meals). 2. Prepare potatoes in bulk. 3. Cook broccoli. 4. Combine chicken with tomato sauce. 5. Serve with potatoes.
716,shrimp_noodles_716,shrimp,noodles,carrots,garlic sauce,462,48,40,12,4,2,413,19,quick,shrimp:200g; noodles:150g; carrots:100g; garlic sauce:75g; oil:10g,"microwave, stovetop","batch-cooking, meal-prep, quick, microwave, stovetop",1. Batch cook shrimp (store for 2–3 meals). 2. Prepare noodles in bulk. 3. Cook carrots. 4. Combine shrimp with garlic sauce. 5. Serve with noodles.
717,beef_quinoa_717,beef,quinoa,carrots,tomato sauce,718,58,32,40,3,2,674,40,balanced,beef:200g; quinoa:150g; carrots:100g; tomato sauce:75g; oil:10g,"air fryer, microwave, slow cooker","batch-cooking, meal-prep, balanced, air fryer, microwave, slow cooker",1. Batch cook beef (store for 2–3 meals). 2. Prepare quinoa in bulk. 3. Cook carrots. 4. Combine beef with tomato sauce. 5. Serve with quinoa.
718,tofu_quinoa_718,tofu,quinoa,green beans,garlic sauce,394,22,32,20,3,2,786,63,weekend,tofu:200g; quinoa:150g; green beans:100g; garlic sauce:75g; oil:10g,"microwave, oven","batch-cooking, meal-prep, weekend, microwave, oven",1. Batch cook tofu (store for 2–3 meals). 2. Marinate the tofu for better flavor. 3. Prepare quinoa in bulk. 4. Cook green beans. 5. Combine tofu with garlic sauce. 6. Serve with quinoa. 7. Plate carefully and add garnish.
719,shrimp_rice_719,shrimp,rice,spinach,tomato sauce,468,48,42,12,4,2,478,50,weekend,shrimp:200g; rice:150g; spinach:100g; tomato sauce:75g; oil:10g,"microwave, stovetop, slow cooker","batch-cooking, meal-prep, weekend, microwave, stovetop, slow cooker",1. Batch cook shrimp (store for 2–3 meals). 2. Marinate the shrimp for better flavor. 3. Prepare rice in bulk. 4. Cook spinach. 5. Combine shrimp with tomato sauce. 6. Serve with rice. 7. Plate carefully and add garnish.
720,shrimp_pasta_720,shrimp,pasta,broccoli,teriyaki,450,48,38,12,4,2,447,38,balanced,shrimp:200g; pasta:150g; broccoli:100g; teriyaki:75g; oil:10g,slow cooker,"batch-cooking, meal-prep, balanced, slow cooker",1. Batch cook shrimp (store for 2–3 meals). 2. Prepare pasta in bulk. 3. Cook broccoli. 4. Combine shrimp with teriyaki. 5. Serve with pasta.
721,pork_potatoes_721,pork,potatoes,onion,cream sauce,660,54,26,38,3,1,755,16,quick,pork:200g; potatoes:150g; onion:100g; cream sauce:75g; oil:10g,"stovetop, slow cooker","batch-cooking, meal-prep, quick, stovetop, slow cooker",1. Batch cook pork (store for 2–3 meals). 2. Prepare potatoes in bulk. 3. Cook onion. 4. Combine pork with cream sauce. 5. Serve with potatoes.
722,pork_noodles_722,pork,noodles,spinach,soy sauce,720,54,40,38,4,2,638,24,quick,pork:200g; noodles:150g; spinach:100g; soy sauce:75g; oil:10g,"microwave, oven","batch-cooking, meal-prep, quick, microwave, oven",1. Batch cook pork (store for 2–3 meals). 2. Prepare noodles in bulk. 3. Cook spinach. 4. Combine pork with soy sauce. 5. Serve with noodles.
723,turkey_pasta_723,turkey,pasta,green beans,pesto,508,58,38,14,4,2,610,21,quick,turkey:200g; pasta:150g; green beans:100g; pesto:75g; oil:10g,"air fryer, oven","batch-cooking, meal-prep, quick, air fryer, oven",1. Batch cook turkey (store for 2–3 meals). 2. Prepare pasta in bulk. 3. Cook green beans. 4. Combine turkey with pesto. 5. Serve with pasta.
724,salmon_quinoa_724,salmon,quinoa,onion,cream sauce,674,56,32,36,3,2,577,36,balanced,salmon:200g; quinoa:150g; onion:100g; cream sauce:75g; oil:10g,"air fryer, oven, slow cooker","batch-cooking, meal-prep, balanced, air fryer, oven, slow cooker",1. Batch cook salmon (store for 2–3 meals). 2. Prepare quinoa in bulk. 3. Cook onion. 4. Combine salmon with cream sauce. 5. Serve with quinoa.
725,salmon_potatoes_725,salmon,potatoes,zucchini,garlic sauce,626,50,26,36,3,1,382,63,weekend,salmon:200g; potatoes:150g; zucchini:100g; garlic sauce:75g; oil:10g,"air fryer, microwave, slow cooker","batch-cooking, meal-prep, weekend, air fryer, microwave, slow cooker",1. Batch cook salmon (store for 2–3 meals). 2. Marinate the salmon for better flavor. 3. Prepare potatoes in bulk. 4. Cook zucchini. 5. Combine salmon with garlic sauce. 6. Serve with potatoes. 7. Plate carefully and add garnish.
726,lentils_rice_726,lentils,rice,carrots,cream sauce,490,18,82,10,8,4,673,28,balanced,lentils:200g; rice:150g; carrots:100g; cream sauce:75g; oil:10g,oven,"batch-cooking, meal-prep, balanced, oven",1. Batch cook lentils (store for 2–3 meals). 2. Prepare rice in bulk. 3. Cook carrots. 4. Combine lentils with cream sauce. 5. Serve with rice.
727,tofu_potatoes_727,tofu,potatoes,onion,teriyaki,346,16,26,20,3,1,641,34,balanced,tofu:200g; potatoes:150g; onion:100g; teriyaki:75g; oil:10g,"air fryer, slow cooker","batch-cooking, meal-prep, balanced, air fryer, slow cooker",1. Batch cook tofu (store for 2–3 meals). 2. Prepare potatoes in bulk. 3. Cook onion. 4. Combine tofu with teriyaki. 5. Serve with potatoes.
728,beef_potatoes_728,beef,potatoes,carrots,tomato sauce,670,52,26,40,3,1,711,11,quick,beef:200g; potatoes:150g; carrots:100g; tomato sauce:75g; oil:10g,air fryer,"batch-cooking, meal-prep, quick, air fryer",1. Batch cook beef (store for 2–3 meals). 2. Prepare potatoes in bulk. 3. Cook carrots. 4. Combine beef with tomato sauce. 5. Serve with potatoes.
729,shrimp_quinoa_729,shrimp,quinoa,peppers,garlic sauce,450,54,32,12,3,2,735,58,weekend,shrimp:200g; quinoa:150g; peppers:100g; garlic sauce:75g; oil:10g,air fryer,"batch-cooking, meal-prep, weekend, air fryer",1. Batch cook shrimp (store for 2–3 meals). 2. Marinate the shrimp for better flavor. 3. Prepare quinoa in bulk. 4. Cook peppers. 5. Combine shrimp with garlic sauce. 6. Serve with quinoa. 7. Plate carefully and add garnish.
730,tofu_quinoa_730,tofu,quinoa,onion,soy sauce,394,22,32,20,3,2,347,29,balanced,tofu:200g; quinoa:150g; onion:100g; soy sauce:75g; oil:10g,microwave,"batch-cooking, meal-prep, balanced, microwave",1. Batch cook tofu (store for 2–3 meals). 2. Prepare quinoa in bulk. 3. Cook onion. 4. Combine tofu with soy sauce. 5. Serve with quinoa.
731,salmon_rice_731,salmon,rice,spinach,teriyaki,692,50,42,36,4,2,323,24,quick,salmon:200g; rice:150g; spinach:100g; teriyaki:75g; oil:10g,air fryer,"batch-cooking, meal-prep, quick, air fryer",1. Batch cook salmon (store for 2–3 meals). 2. Prepare rice in bulk. 3. Cook spinach. 4. Combine salmon with teriyaki. 5. Serve with rice.
732,lentils_pasta_732,lentils,pasta,broccoli,teriyaki,472,18,78,10,8,4,603,61,weekend,lentils:200g; pasta:150g; broccoli:100g; teriyaki:75g; oil:10g,stovetop,"batch-cooking, meal-prep, weekend, stovetop",1. Batch cook lentils (store for 2–3 meals). 2. Marinate the lentils for better flavor. 3. Prepare pasta in bulk. 4. Cook broccoli. 5. Combine lentils with teriyaki. 6. Serve with pasta. 7. Plate carefully and add garnish.
733,chicken_noodles_733,chicken,noodles,green beans,soy sauce,572,62,40,18,4,2,675,34,balanced,chicken:200g; noodles:150g; green beans:100g; soy sauce:75g; oil:10g,"microwave, oven","batch-cooking, meal-prep, balanced, microwave, oven",1. Batch cook chicken (store for 2–3 meals). 2. Prepare noodles in bulk. 3. Cook green beans. 4. Combine chicken with soy sauce. 5. Serve with noodles.
734,tofu_quinoa_734,tofu,quinoa,broccoli,pesto,394,22,32,20,3,2,470,41,balanced,tofu:200g; quinoa:150g; broccoli:100g; pesto:75g; oil:10g,"air fryer, microwave, slow cooker","batch-cooking, meal-prep, balanced, air fryer, microwave, slow cooker",1. Batch cook tofu (store for 2–3 meals). 2. Prepare quinoa in bulk. 3. Cook broccoli. 4. Combine tofu with pesto. 5. Serve with quinoa.
735,tofu_potatoes_735,tofu,potatoes,peppers,teriyaki,346,16,26,20,3,1,329,13,quick,tofu:200g; potatoes:150g; peppers:100g; teriyaki:75g; oil:10g,microwave,"batch-cooking, meal-prep, quick, microwave",1. Batch cook tofu (store for 2–3 meals). 2. Prepare potatoes in bulk. 3. Cook peppers. 4. Combine tofu with teriyaki. 5. Serve with potatoes.
736,lentils_noodles_736,lentils,noodles,peppers,cream sauce,484,18,80,10,8,4,318,47,weekend,lentils:200g; noodles:150g; peppers:100g; cream sauce:75g; oil:10g,"air fryer, slow cooker","batch-cooking, meal-prep, weekend, air fryer, slow cooker",1. Batch cook lentils (store for 2–3 meals). 2. Marinate the lentils for better flavor. 3. Prepare noodles in bulk. 4. Cook peppers. 5. Combine lentils with cream sauce. 6. Serve with noodles. 7. Plate carefully and add garnish.
737,tofu_rice_737,tofu,rice,onion,tomato sauce,412,16,42,20,4,2,404,14,quick,tofu:200g; rice:150g; onion:100g; tomato sauce:75g; oil:10g,oven,"batch-cooking, meal-prep, quick, oven",1. Batch cook tofu (store for 2–3 meals). 2. Prepare rice in bulk. 3. Cook onion. 4. Combine tofu with tomato sauce. 5. Serve with rice.
738,tofu_quinoa_738,tofu,quinoa,spinach,cream sauce,394,22,32,20,3,2,648,22,quick,tofu:200g; quinoa:150g; spinach:100g; cream sauce:75g; oil:10g,stovetop,"batch-cooking, meal-prep, quick, stovetop",1. Batch cook tofu (store for 2–3 meals). 2. Prepare quinoa in bulk. 3. Cook spinach. 4. Combine tofu with cream sauce. 5. Serve with quinoa.
739,pork_pasta_739,pork,pasta,green beans,cream sauce,708,54,38,38,4,2,329,43,balanced,pork:200g; pasta:150g; green beans:100g; cream sauce:75g; oil:10g,stovetop,"batch-cooking, meal-prep, balanced, stovetop",1. Batch cook pork (store for 2–3 meals). 2. Prepare pasta in bulk. 3. Cook green beans. 4. Combine pork with cream sauce. 5. Serve with pasta.
740,shrimp_potatoes_740,shrimp,potatoes,spinach,garlic sauce,402,48,26,12,3,1,365,11,quick,shrimp:200g; potatoes:150g; spinach:100g; garlic sauce:75g; oil:10g,"air fryer, microwave, oven","batch-cooking, meal-prep, quick, air fryer, microwave, oven",1. Batch cook shrimp (store for 2–3 meals). 2. Prepare potatoes in bulk. 3. Cook spinach. 4. Combine shrimp with garlic sauce. 5. Serve with potatoes.
741,pork_pasta_741,pork,pasta,onion,soy sauce,708,54,38,38,4,2,394,44,balanced,pork:200g; pasta:150g; onion:100g; soy sauce:75g; oil:10g,"air fryer, oven, slow cooker","batch-cooking, meal-prep, balanced, air fryer, oven, slow cooker",1. Batch cook pork (store for 2–3 meals). 2. Prepare pasta in bulk. 3. Cook onion. 4. Combine pork with soy sauce. 5. Serve with pasta.
742,beef_noodles_742,beef,noodles,broccoli,tomato sauce,730,52,40,40,4,2,782,79,weekend,beef:200g; noodles:150g; broccoli:100g; tomato sauce:75g; oil:10g,"air fryer, stovetop","batch-cooking, meal-prep, weekend, air fryer, stovetop",1. Batch cook beef (store for 2–3 meals). 2. Marinate the beef for better flavor. 3. Prepare noodles in bulk. 4. Cook broccoli. 5. Combine beef with tomato sauce. 6. Serve with noodles. 7. Plate carefully and add garnish.
743,turkey_quinoa_743,turkey,quinoa,peppers,soy sauce,508,64,32,14,3,2,755,55,weekend,turkey:200g; quinoa:150g; peppers:100g; soy sauce:75g; oil:10g,"air fryer, oven","batch-cooking, meal-prep, weekend, air fryer, oven",1. Batch cook turkey (store for 2–3 meals). 2. Marinate the turkey for better flavor. 3. Prepare quinoa in bulk. 4. Cook peppers. 5. Combine turkey with soy sauce. 6. Serve with quinoa. 7. Plate carefully and add garnish.
744,shrimp_potatoes_744,shrimp,potatoes,carrots,pesto,402,48,26,12,3,1,678,25,balanced,shrimp:200g; potatoes:150g; carrots:100g; pesto:75g; oil:10g,"oven, slow cooker","batch-cooking, meal-prep, balanced, oven, slow cooker",1. Batch cook shrimp (store for 2–3 meals). 2. Prepare potatoes in bulk. 3. Cook carrots. 4. Combine shrimp with pesto. 5. Serve with potatoes.
745,chicken_noodles_745,chicken,noodles,carrots,garlic sauce,572,62,40,18,4,2,751,50,weekend,chicken:200g; noodles:150g; carrots:100g; garlic sauce:75g; oil:10g,air fryer,"batch-cooking, meal-prep, weekend, air fryer",1. Batch cook chicken (store for 2–3 meals). 2. Marinate the chicken for better flavor. 3. Prepare noodles in bulk. 4. Cook carrots. 5. Combine chicken with garlic sauce. 6. Serve with noodles. 7. Plate carefully and add garnish.
746,shrimp_tortilla_746,shrimp,tortilla,broccoli,pesto,600,48,75,12,8,4,687,44,balanced,shrimp:200g; tortilla:150g; broccoli:100g; pesto:75g; oil:10g,"air fryer, oven","batch-cooking, meal-prep, balanced, air fryer, oven",1. Batch cook shrimp (store for 2–3 meals). 2. Prepare tortilla in bulk. 3. Cook broccoli. 4. Combine shrimp with pesto. 5. Serve with tortilla.
747,chicken_rice_747,chicken,rice,onion,tomato sauce,578,62,42,18,4,2,705,10,quick,chicken:200g; rice:150g; onion:100g; tomato sauce:75g; oil:10g,oven,"batch-cooking, meal-prep, quick, oven",1. Batch cook chicken (store for 2–3 meals). 2. Prepare rice in bulk. 3. Cook onion. 4. Combine chicken with tomato sauce. 5. Serve with rice.
748,chicken_noodles_748,chicken,noodles,zucchini,soy sauce,572,62,40,18,4,2,520,20,quick,chicken:200g; noodles:150g; zucchini:100g; soy sauce:75g; oil:10g,"microwave, stovetop","batch-cooking, meal-prep, quick, microwave, stovetop",1. Batch cook chicken (store for 2–3 meals). 2. Prepare noodles in bulk. 3. Cook zucchini. 4. Combine chicken with soy sauce. 5. Serve with noodles.
749,lentils_potatoes_749,lentils,potatoes,peppers,soy sauce,424,18,66,10,7,3,432,15,quick,lentils:200g; potatoes:150g; peppers:100g; soy sauce:75g; oil:10g,"air fryer, microwave, oven","batch-cooking, meal-prep, quick, air fryer, microwave, oven",1. Batch cook lentils (store for 2–3 meals). 2. Prepare potatoes in bulk. 3. Cook peppers. 4. Combine lentils with soy sauce. 5. Serve with potatoes.
750,chicken_quinoa_750,chicken,quinoa,broccoli,garlic sauce,560,68,32,18,3,2,660,30,balanced,chicken:200g; quinoa:150g; broccoli:100g; garlic sauce:75g; oil:10g,"microwave, slow cooker","batch-cooking, meal-prep, balanced, microwave, slow cooker",1. Batch cook chicken (store for 2–3 meals). 2. Prepare quinoa in bulk. 3. Cook broccoli. 4. Combine chicken with garlic sauce. 5. Serve with quinoa.
751,chicken_rice_751,chicken,rice,onion,tomato sauce,578,62,42,18,4,2,620,37,balanced,chicken:200g; rice:150g; onion:100g; tomato sauce:75g; oil:10g,"air fryer, slow cooker","batch-cooking, meal-prep, balanced, air fryer, slow cooker",1. Batch cook chicken (store for 2–3 meals). 2. Prepare rice in bulk. 3. Cook onion. 4. Combine chicken with tomato sauce. 5. Serve with rice.
752,salmon_quinoa_752,salmon,quinoa,broccoli,garlic sauce,674,56,32,36,3,2,661,30,balanced,salmon:200g; quinoa:150g; broccoli:100g; garlic sauce:75g; oil:10g,oven,"batch-cooking, meal-prep, balanced, oven",1. Batch cook salmon (store for 2–3 meals). 2. Prepare quinoa in bulk. 3. Cook broccoli. 4. Combine salmon with garlic sauce. 5. Serve with quinoa.
753,tofu_rice_753,tofu,rice,onion,teriyaki,412,16,42,20,4,2,345,21,quick,tofu:200g; rice:150g; onion:100g; teriyaki:75g; oil:10g,air fryer,"batch-cooking, meal-prep, quick, air fryer",1. Batch cook tofu (store for 2–3 meals). 2. Prepare rice in bulk. 3. Cook onion. 4. Combine tofu with teriyaki. 5. Serve with rice.
754,salmon_noodles_754,salmon,noodles,onion,pesto,686,50,40,36,4,2,791,22,quick,salmon:200g; noodles:150g; onion:100g; pesto:75g; oil:10g,"microwave, oven","batch-cooking, meal-prep, quick, microwave, oven",1. Batch cook salmon (store for 2–3 meals). 2. Prepare noodles in bulk. 3. Cook onion. 4. Combine salmon with pesto. 5. Serve with noodles.
755,lentils_rice_755,lentils,rice,onion,teriyaki,490,18,82,10,8,4,321,24,quick,lentils:200g; rice:150g; onion:100g; teriyaki:75g; oil:10g,"microwave, stovetop","batch-cooking, meal-prep, quick, microwave, stovetop",1. Batch cook lentils (store for 2–3 meals). 2. Prepare rice in bulk. 3. Cook onion. 4. Combine lentils with teriyaki. 5. Serve with rice.
756,chicken_quinoa_756,chicken,quinoa,spinach,soy sauce,560,68,32,18,3,2,324,19,quick,chicken:200g; quinoa:150g; spinach:100g; soy sauce:75g; oil:10g,"air fryer, microwave, stovetop","batch-cooking, meal-prep, quick, air fryer, microwave, stovetop",1. Batch cook chicken (store for 2–3 meals). 2. Prepare quinoa in bulk. 3. Cook spinach. 4. Combine chicken with soy sauce. 5. Serve with quinoa.
757,salmon_potatoes_757,salmon,potatoes,spinach,pesto,626,50,26,36,3,1,313,47,weekend,salmon:200g; potatoes:150g; spinach:100g; pesto:75g; oil:10g,"microwave, stovetop","batch-cooking, meal-prep, weekend, microwave, stovetop",1. Batch cook salmon (store for 2–3 meals). 2. Marinate the salmon for better flavor. 3. Prepare potatoes in bulk. 4. Cook spinach. 5. Combine salmon with pesto. 6. Serve with potatoes. 7. Plate carefully and add garnish.
758,tofu_rice_758,tofu,rice,zucchini,teriyaki,412,16,42,20,4,2,401,13,quick,tofu:200g; rice:150g; zucchini:100g; teriyaki:75g; oil:10g,"air fryer, microwave","batch-cooking, meal-prep, quick, air fryer, microwave",1. Batch cook tofu (store for 2–3 meals). 2. Prepare rice in bulk. 3. Cook zucchini. 4. Combine tofu with teriyaki. 5. Serve with rice.
759,beef_rice_759,beef,rice,onion,garlic sauce,736,52,42,40,4,2,367,71,weekend,beef:200g; rice:150g; onion:100g; garlic sauce:75g; oil:10g,oven,"batch-cooking, meal-prep, weekend, oven",1. Batch cook beef (store for 2–3 meals). 2. Marinate the beef for better flavor. 3. Prepare rice in bulk. 4. Cook onion. 5. Combine beef with garlic sauce. 6. Serve with rice. 7. Plate carefully and add garnish.
760,beef_potatoes_760,beef,potatoes,peppers,garlic sauce,670,52,26,40,3,1,482,16,quick,beef:200g; potatoes:150g; peppers:100g; garlic sauce:75g; oil:10g,"oven, slow cooker","batch-cooking, meal-prep, quick, oven, slow cooker",1. Batch cook beef (store for 2–3 meals). 2. Prepare potatoes in bulk. 3. Cook peppers. 4. Combine beef with garlic sauce. 5. Serve with potatoes.
761,tofu_quinoa_761,tofu,quinoa,carrots,cream sauce,394,22,32,20,3,2,668,67,weekend,tofu:200g; quinoa:150g; carrots:100g; cream sauce:75g; oil:10g,oven,"batch-cooking, meal-prep, weekend, oven",1. Batch cook tofu (store for 2–3 meals). 2. Marinate the tofu for better flavor. 3. Prepare quinoa in bulk. 4. Cook carrots. 5. Combine tofu with cream sauce. 6. Serve with quinoa. 7. Plate carefully and add garnish.
762,pork_potatoes_762,pork,potatoes,carrots,tomato sauce,660,54,26,38,3,1,449,62,weekend,pork:200g; potatoes:150g; carrots:100g; tomato sauce:75g; oil:10g,air fryer,"batch-cooking, meal-prep, weekend, air fryer",1. Batch cook pork (store for 2–3 meals). 2. Marinate the pork for better flavor. 3. Prepare potatoes in bulk. 4. Cook carrots. 5. Combine pork with tomato sauce. 6. Serve with potatoes. 7. Plate carefully and add garnish.
763,chicken_noodles_763,chicken,noodles,zucchini,tomato sauce,572,62,40,18,4,2,395,26,balanced,chicken:200g; noodles:150g; zucchini:100g; tomato sauce:75g; oil:10g,stovetop,"batch-cooking, meal-prep, balanced, stovetop",1. Batch cook chicken (store for 2–3 meals). 2. Prepare noodles in bulk. 3. Cook zucchini. 4. Combine chicken with tomato sauce. 5. Serve with noodles.
764,salmon_rice_764,salmon,rice,onion,cream sauce,692,50,42,36,4,2,557,11,quick,salmon:200g; rice:150g; onion:100g; cream sauce:75g; oil:10g,"air fryer, slow cooker","batch-cooking, meal-prep, quick, air fryer, slow cooker",1. Batch cook salmon (store for 2–3 meals). 2. Prepare rice in bulk. 3. Cook onion. 4. Combine salmon with cream sauce. 5. Serve with rice.
765,chicken_quinoa_765,chicken,quinoa,onion,teriyaki,560,68,32,18,3,2,642,37,balanced,chicken:200g; quinoa:150g; onion:100g; teriyaki:75g; oil:10g,microwave,"batch-cooking, meal-prep, balanced, microwave",1. Batch cook chicken (store for 2–3 meals). 2. Prepare quinoa in bulk. 3. Cook onion. 4. Combine chicken with teriyaki. 5. Serve with quinoa.
766,lentils_pasta_766,lentils,pasta,zucchini,garlic sauce,472,18,78,10,8,4,447,72,weekend,lentils:200g; pasta:150g; zucchini:100g; garlic sauce:75g; oil:10g,"air fryer, stovetop, oven","batch-cooking, meal-prep, weekend, air fryer, stovetop, oven",1. Batch cook lentils (store for 2–3 meals). 2. Marinate the lentils for better flavor. 3. Prepare pasta in bulk. 4. Cook zucchini. 5. Combine lentils with garlic sauce. 6. Serve with pasta. 7. Plate carefully and add garnish.
767,pork_pasta_767,pork,pasta,green beans,garlic sauce,708,54,38,38,4,2,513,14,quick,pork:200g; pasta:150g; green beans:100g; garlic sauce:75g; oil:10g,"air fryer, microwave","batch-cooking, meal-prep, quick, air fryer, microwave",1. Batch cook pork (store for 2–3 meals). 2. Prepare pasta in bulk. 3. Cook green beans. 4. Combine pork with garlic sauce. 5. Serve with pasta.
768,beef_noodles_768,beef,noodles,peppers,garlic sauce,730,52,40,40,4,2,599,34,balanced,beef:200g; noodles:150g; peppers:100g; garlic sauce:75g; oil:10g,oven,"batch-cooking, meal-prep, balanced, oven",1. Batch cook beef (store for 2–3 meals). 2. Prepare noodles in bulk. 3. Cook peppers. 4. Combine beef with garlic sauce. 5. Serve with noodles.
769,salmon_rice_769,salmon,rice,zucchini,garlic sauce,692,50,42,36,4,2,410,10,quick,salmon:200g; rice:150g; zucchini:100g; garlic sauce:75g; oil:10g,"air fryer, stovetop","batch-cooking, meal-prep, quick, air fryer, stovetop",1. Batch cook salmon (store for 2–3 meals). 2. Prepare rice in bulk. 3. Cook zucchini. 4. Combine salmon with garlic sauce. 5. Serve with rice.
770,beef_pasta_770,beef,pasta,broccoli,tomato sauce,718,52,38,40,4,2,467,76,weekend,beef:200g; pasta:150g; broccoli:100g; tomato sauce:75g; oil:10g,stovetop,"batch-cooking, meal-prep, weekend, stovetop",1. Batch cook beef (store for 2–3 meals). 2. Marinate the beef for better flavor. 3. Prepare pasta in bulk. 4. Cook broccoli. 5. Combine beef with tomato sauce. 6. Serve with pasta. 7. Plate carefully and add garnish.
771,beef_noodles_771,beef,noodles,onion,pesto,730,52,40,40,4,2,469,85,weekend,beef:200g; noodles:150g; onion:100g; pesto:75g; oil:10g,"air fryer, stovetop, oven","batch-cooking, meal-prep, weekend, air fryer, stovetop, oven",1. Batch cook beef (store for 2–3 meals). 2. Marinate the beef for better flavor. 3. Prepare noodles in bulk. 4. Cook onion. 5. Combine beef with pesto. 6. Serve with noodles. 7. Plate carefully and add garnish.
772,beef_tortilla_772,beef,tortilla,carrots,soy sauce,868,52,75,40,8,4,502,10,quick,beef:200g; tortilla:150g; carrots:100g; soy sauce:75g; oil:10g,"air fryer, microwave, oven","batch-cooking, meal-prep, quick, air fryer, microwave, oven",1. Batch cook beef (store for 2–3 meals). 2. Prepare tortilla in bulk. 3. Cook carrots. 4. Combine beef with soy sauce. 5. Serve with tortilla.
773,pork_tortilla_773,pork,tortilla,broccoli,garlic sauce,858,54,75,38,8,4,504,10,quick,pork:200g; tortilla:150g; broccoli:100g; garlic sauce:75g; oil:10g,"stovetop, slow cooker","batch-cooking, meal-prep, quick, stovetop, slow cooker",1. Batch cook pork (store for 2–3 meals). 2. Prepare tortilla in bulk. 3. Cook broccoli. 4. Combine pork with garlic sauce. 5. Serve with tortilla.
774,beef_quinoa_774,beef,quinoa,spinach,soy sauce,718,58,32,40,3,2,445,22,quick,beef:200g; quinoa:150g; spinach:100g; soy sauce:75g; oil:10g,"stovetop, slow cooker","batch-cooking, meal-prep, quick, stovetop, slow cooker",1. Batch cook beef (store for 2–3 meals). 2. Prepare quinoa in bulk. 3. Cook spinach. 4. Combine beef with soy sauce. 5. Serve with quinoa.
775,beef_pasta_775,beef,pasta,zucchini,pesto,718,52,38,40,4,2,464,13,quick,beef:200g; pasta:150g; zucchini:100g; pesto:75g; oil:10g,microwave,"batch-cooking, meal-prep, quick, microwave",1. Batch cook beef (store for 2–3 meals). 2. Prepare pasta in bulk. 3. Cook zucchini. 4. Combine beef with pesto. 5. Serve with pasta.
776,turkey_quinoa_776,turkey,quinoa,spinach,garlic sauce,508,64,32,14,3,2,465,71,weekend,turkey:200g; quinoa:150g; spinach:100g; garlic sauce:75g; oil:10g,"microwave, oven","batch-cooking, meal-prep, weekend, microwave, oven",1. Batch cook turkey (store for 2–3 meals). 2. Marinate the turkey for better flavor. 3. Prepare quinoa in bulk. 4. Cook spinach. 5. Combine turkey with garlic sauce. 6. Serve with quinoa. 7. Plate carefully and add garnish.
777,salmon_potatoes_777,salmon,potatoes,spinach,cream sauce,626,50,26,36,3,1,695,41,balanced,salmon:200g; potatoes:150g; spinach:100g; cream sauce:75g; oil:10g,"air fryer, oven","batch-cooking, meal-prep, balanced, air fryer, oven",1. Batch cook salmon (store for 2–3 meals). 2. Prepare potatoes in bulk. 3. Cook spinach. 4. Combine salmon with cream sauce. 5. Serve with potatoes.
778,beef_rice_778,beef,rice,carrots,cream sauce,736,52,42,40,4,2,759,22,quick,beef:200g; rice:150g; carrots:100g; cream sauce:75g; oil:10g,"air fryer, microwave, stovetop","batch-cooking, meal-prep, quick, air fryer, microwave, stovetop",1. Batch cook beef (store for 2–3 meals). 2. Prepare rice in bulk. 3. Cook carrots. 4. Combine beef with cream sauce. 5. Serve with rice.
779,shrimp_quinoa_779,shrimp,quinoa,spinach,tomato sauce,450,54,32,12,3,2,800,19,quick,shrimp:200g; quinoa:150g; spinach:100g; tomato sauce:75g; oil:10g,"microwave, stovetop, oven","batch-cooking, meal-prep, quick, microwave, stovetop, oven",1. Batch cook shrimp (store for 2–3 meals). 2. Prepare quinoa in bulk. 3. Cook spinach. 4. Combine shrimp with tomato sauce. 5. Serve with quinoa.
780,pork_potatoes_780,pork,potatoes,zucchini,garlic sauce,660,54,26,38,3,1,350,75,weekend,pork:200g; potatoes:150g; zucchini:100g; garlic sauce:75g; oil:10g,"air fryer, oven","batch-cooking, meal-prep, weekend, air fryer, oven",1. Batch cook pork (store for 2–3 meals). 2. Marinate the pork for better flavor. 3. Prepare potatoes in bulk. 4. Cook zucchini. 5. Combine pork with garlic sauce. 6. Serve with potatoes. 7. Plate carefully and add garnish.
781,tofu_noodles_781,tofu,noodles,broccoli,tomato sauce,406,16,40,20,4,2,744,13,quick,tofu:200g; noodles:150g; broccoli:100g; tomato sauce:75g; oil:10g,"microwave, stovetop, slow cooker","batch-cooking, meal-prep, quick, microwave, stovetop, slow cooker",1. Batch cook tofu (store for 2–3 meals). 2. Prepare noodles in bulk. 3. Cook broccoli. 4. Combine tofu with tomato sauce. 5. Serve with noodles.
782,salmon_noodles_782,salmon,noodles,broccoli,tomato sauce,686,50,40,36,4,2,529,16,quick,salmon:200g; noodles:150g; broccoli:100g; tomato sauce:75g; oil:10g,slow cooker,"batch-cooking, meal-prep, quick, slow cooker",1. Batch cook salmon (store for 2–3 meals). 2. Prepare noodles in bulk. 3. Cook broccoli. 4. Combine salmon with tomato sauce. 5. Serve with noodles.
783,turkey_rice_783,turkey,rice,broccoli,pesto,526,58,42,14,4,2,779,10,quick,turkey:200g; rice:150g; broccoli:100g; pesto:75g; oil:10g,"air fryer, microwave, stovetop","batch-cooking, meal-prep, quick, air fryer, microwave, stovetop",1. Batch cook turkey (store for 2–3 meals). 2. Prepare rice in bulk. 3. Cook broccoli. 4. Combine turkey with pesto. 5. Serve with rice.
784,tofu_quinoa_784,tofu,quinoa,spinach,cream sauce,394,22,32,20,3,2,669,33,balanced,tofu:200g; quinoa:150g; spinach:100g; cream sauce:75g; oil:10g,"air fryer, microwave, slow cooker","batch-cooking, meal-prep, balanced, air fryer, microwave, slow cooker",1. Batch cook tofu (store for 2–3 meals). 2. Prepare quinoa in bulk. 3. Cook spinach. 4. Combine tofu with cream sauce. 5. Serve with quinoa.
785,turkey_potatoes_785,turkey,potatoes,onion,tomato sauce,460,58,26,14,3,1,779,28,balanced,turkey:200g; potatoes:150g; onion:100g; tomato sauce:75g; oil:10g,"air fryer, oven, slow cooker","batch-cooking, meal-prep, balanced, air fryer, oven, slow cooker",1. Batch cook turkey (store for 2–3 meals). 2. Prepare potatoes in bulk. 3. Cook onion. 4. Combine turkey with tomato sauce. 5. Serve with potatoes.
786,salmon_noodles_786,salmon,noodles,zucchini,soy sauce,686,50,40,36,4,2,364,37,balanced,salmon:200g; noodles:150g; zucchini:100g; soy sauce:75g; oil:10g,oven,"batch-cooking, meal-prep, balanced, oven",1. Batch cook salmon (store for 2–3 meals). 2. Prepare noodles in bulk. 3. Cook zucchini. 4. Combine salmon with soy sauce. 5. Serve with noodles.
787,turkey_quinoa_787,turkey,quinoa,onion,tomato sauce,508,64,32,14,3,2,657,10,quick,turkey:200g; quinoa:150g; onion:100g; tomato sauce:75g; oil:10g,"stovetop, oven","batch-cooking, meal-prep, quick, stovetop, oven",1. Batch cook turkey (store for 2–3 meals). 2. Prepare quinoa in bulk. 3. Cook onion. 4. Combine turkey with tomato sauce. 5. Serve with quinoa.
788,lentils_rice_788,lentils,rice,onion,cream sauce,490,18,82,10,8,4,375,28,balanced,lentils:200g; rice:150g; onion:100g; cream sauce:75g; oil:10g,"microwave, oven","batch-cooking, meal-prep, balanced, microwave, oven",1. Batch cook lentils (store for 2–3 meals). 2. Prepare rice in bulk. 3. Cook onion. 4. Combine lentils with cream sauce. 5. Serve with rice.
789,pork_rice_789,pork,rice,onion,tomato sauce,726,54,42,38,4,2,770,37,balanced,pork:200g; rice:150g; onion:100g; tomato sauce:75g; oil:10g,stovetop,"batch-cooking, meal-prep, balanced, stovetop",1. Batch cook pork (store for 2–3 meals). 2. Prepare rice in bulk. 3. Cook onion. 4. Combine pork with tomato sauce. 5. Serve with rice.
790,chicken_pasta_790,chicken,pasta,green beans,pesto,560,62,38,18,4,2,603,28,balanced,chicken:200g; pasta:150g; green beans:100g; pesto:75g; oil:10g,slow cooker,"batch-cooking, meal-prep, balanced, slow cooker",1. Batch cook chicken (store for 2–3 meals). 2. Prepare pasta in bulk. 3. Cook green beans. 4. Combine chicken with pesto. 5. Serve with pasta.
791,chicken_quinoa_791,chicken,quinoa,green beans,cream sauce,560,68,32,18,3,2,419,80,weekend,chicken:200g; quinoa:150g; green beans:100g; cream sauce:75g; oil:10g,"air fryer, oven, slow cooker","batch-cooking, meal-prep, weekend, air fryer, oven, slow cooker",1. Batch cook chicken (store for 2–3 meals). 2. Marinate the chicken for better flavor. 3. Prepare quinoa in bulk. 4. Cook green beans. 5. Combine chicken with cream sauce. 6. Serve with quinoa. 7. Plate carefully and add garnish.
792,chicken_tortilla_792,chicken,tortilla,onion,soy sauce,710,62,75,18,8,4,354,38,balanced,chicken:200g; tortilla:150g; onion:100g; soy sauce:75g; oil:10g,stovetop,"batch-cooking, meal-prep, balanced, stovetop",1. Batch cook chicken (store for 2–3 meals). 2. Prepare tortilla in bulk. 3. Cook onion. 4. Combine chicken with soy sauce. 5. Serve with tortilla.
793,lentils_quinoa_793,lentils,quinoa,spinach,cream sauce,472,24,72,10,7,4,733,23,quick,lentils:200g; quinoa:150g; spinach:100g; cream sauce:75g; oil:10g,"stovetop, oven, slow cooker","batch-cooking, meal-prep, quick, stovetop, oven, slow cooker",1. Batch cook lentils (store for 2–3 meals). 2. Prepare quinoa in bulk. 3. Cook spinach. 4. Combine lentils with cream sauce. 5. Serve with quinoa.
794,beef_rice_794,beef,rice,carrots,pesto,736,52,42,40,4,2,781,20,quick,beef:200g; rice:150g; carrots:100g; pesto:75g; oil:10g,"air fryer, oven, slow cooker","batch-cooking, meal-prep, quick, air fryer, oven, slow cooker",1. Batch cook beef (store for 2–3 meals). 2. Prepare rice in bulk. 3. Cook carrots. 4. Combine beef with pesto. 5. Serve with rice.
795,beef_tortilla_795,beef,tortilla,onion,pesto,868,52,75,40,8,4,579,45,weekend,beef:200g; tortilla:150g; onion:100g; pesto:75g; oil:10g,air fryer,"batch-cooking, meal-prep, weekend, air fryer",1. Batch cook beef (store for 2–3 meals). 2. Marinate the beef for better flavor. 3. Prepare tortilla in bulk. 4. Cook onion. 5. Combine beef with pesto. 6. Serve with tortilla. 7. Plate carefully and add garnish.
796,shrimp_noodles_796,shrimp,noodles,onion,pesto,462,48,40,12,4,2,632,43,balanced,shrimp:200g; noodles:150g; onion:100g; pesto:75g; oil:10g,"air fryer, microwave, oven","batch-cooking, meal-prep, balanced, air fryer, microwave, oven",1. Batch cook shrimp (store for 2–3 meals). 2. Prepare noodles in bulk. 3. Cook onion. 4. Combine shrimp with pesto. 5. Serve with noodles.
797,pork_potatoes_797,pork,potatoes,onion,tomato sauce,660,54,26,38,3,1,460,21,quick,pork:200g; potatoes:150g; onion:100g; tomato sauce:75g; oil:10g,stovetop,"batch-cooking, meal-prep, quick, stovetop",1. Batch cook pork (store for 2–3 meals). 2. Prepare potatoes in bulk. 3. Cook onion. 4. Combine pork with tomato sauce. 5. Serve with potatoes.
798,tofu_potatoes_798,tofu,potatoes,broccoli,garlic sauce,346,16,26,20,3,1,623,25,quick,tofu:200g; potatoes:150g; broccoli:100g; garlic sauce:75g; oil:10g,microwave,"batch-cooking, meal-prep, quick, microwave",1. Batch cook tofu (store for 2–3 meals). 2. Prepare potatoes in bulk. 3. Cook broccoli. 4. Combine tofu with garlic sauce. 5. Serve with potatoes.
799,turkey_potatoes_799,turkey,potatoes,carrots,soy sauce,460,58,26,14,3,1,683,10,quick,turkey:200g; potatoes:150g; carrots:100g; soy sauce:75g; oil:10g,slow cooker,"batch-cooking, meal-prep, quick, slow cooker",1. Batch cook turkey (store for 2–3 meals). 2. Prepare potatoes in bulk. 3. Cook carrots. 4. Combine turkey with soy sauce. 5. Serve with potatoes.
800,turkey_tortilla_800,turkey,tortilla,onion,tomato sauce,658,58,75,14,8,4,761,23,quick,turkey:200g; tortilla:150g; onion:100g; tomato sauce:75g; oil:10g,slow cooker,"batch-cooking, meal-prep, quick, slow cooker",1. Batch cook turkey (store for 2–3 meals). 2. Prepare tortilla in bulk. 3. Cook onion. 4. Combine turkey with tomato sauce. 5. Serve with tortilla.
801,beef_tortilla_801,beef,tortilla,green beans,soy sauce,868,52,75,40,8,4,779,19,quick,beef:200g; tortilla:150g; green beans:100g; soy sauce:75g; oil:10g,"air fryer, oven, slow cooker","batch-cooking, meal-prep, quick, air fryer, oven, slow cooker",1. Batch cook beef (store for 2–3 meals). 2. Prepare tortilla in bulk. 3. Cook green beans. 4. Combine beef with soy sauce. 5. Serve with tortilla.
802,beef_rice_802,beef,rice,peppers,garlic sauce,736,52,42,40,4,2,698,54,weekend,beef:200g; rice:150g; peppers:100g; garlic sauce:75g; oil:10g,"air fryer, stovetop, slow cooker","batch-cooking, meal-prep, weekend, air fryer, stovetop, slow cooker",1. Batch cook beef (store for 2–3 meals). 2. Marinate the beef for better flavor. 3. Prepare rice in bulk. 4. Cook peppers. 5. Combine beef with garlic sauce. 6. Serve with rice. 7. Plate carefully and add garnish.
803,turkey_noodles_803,turkey,noodles,spinach,teriyaki,520,58,40,14,4,2,392,43,balanced,turkey:200g; noodles:150g; spinach:100g; teriyaki:75g; oil:10g,air fryer,"batch-cooking, meal-prep, balanced, air fryer",1. Batch cook turkey (store for 2–3 meals). 2. Prepare noodles in bulk. 3. Cook spinach. 4. Combine turkey with teriyaki. 5. Serve with noodles.
804,tofu_quinoa_804,tofu,quinoa,peppers,teriyaki,394,22,32,20,3,2,493,18,quick,tofu:200g; quinoa:150g; peppers:100g; teriyaki:75g; oil:10g,"stovetop, slow cooker","batch-cooking, meal-prep, quick, stovetop, slow cooker",1. Batch cook tofu (store for 2–3 meals). 2. Prepare quinoa in bulk. 3. Cook peppers. 4. Combine tofu with teriyaki. 5. Serve with quinoa.
805,lentils_quinoa_805,lentils,quinoa,carrots,pesto,472,24,72,10,7,4,601,16,quick,lentils:200g; quinoa:150g; carrots:100g; pesto:75g; oil:10g,oven,"batch-cooking, meal-prep, quick, oven",1. Batch cook lentils (store for 2–3 meals). 2. Prepare quinoa in bulk. 3. Cook carrots. 4. Combine lentils with pesto. 5. Serve with quinoa.
806,lentils_noodles_806,lentils,noodles,onion,teriyaki,484,18,80,10,8,4,451,84,weekend,lentils:200g; noodles:150g; onion:100g; teriyaki:75g; oil:10g,microwave,"batch-cooking, meal-prep, weekend, microwave",1. Batch cook lentils (store for 2–3 meals). 2. Marinate the lentils for better flavor. 3. Prepare noodles in bulk. 4. Cook onion. 5. Combine lentils with teriyaki. 6. Serve with noodles. 7. Plate carefully and add garnish.
807,lentils_noodles_807,lentils,noodles,onion,tomato sauce,484,18,80,10,8,4,478,76,weekend,lentils:200g; noodles:150g; onion:100g; tomato sauce:75g; oil:10g,"microwave, oven, slow cooker","batch-cooking, meal-prep, weekend, microwave, oven, slow cooker",1. Batch cook lentils (store for 2–3 meals). 2. Marinate the lentils for better flavor. 3. Prepare noodles in bulk. 4. Cook onion. 5. Combine lentils with tomato sauce. 6. Serve with noodles. 7. Plate carefully and add garnish.
808,lentils_pasta_808,lentils,pasta,onion,garlic sauce,472,18,78,10,8,4,330,15,quick,lentils:200g; pasta:150g; onion:100g; garlic sauce:75g; oil:10g,"air fryer, oven","batch-cooking, meal-prep, quick, air fryer, oven",1. Batch cook lentils (store for 2–3 meals). 2. Prepare pasta in bulk. 3. Cook onion. 4. Combine lentils with garlic sauce. 5. Serve with pasta.
809,tofu_pasta_809,tofu,pasta,spinach,soy sauce,394,16,38,20,4,2,315,83,weekend,tofu:200g; pasta:150g; spinach:100g; soy sauce:75g; oil:10g,"microwave, slow cooker","batch-cooking, meal-prep, weekend, microwave, slow cooker",1. Batch cook tofu (store for 2–3 meals). 2. Marinate the tofu for better flavor. 3. Prepare pasta in bulk. 4. Cook spinach. 5. Combine tofu with soy sauce. 6. Serve with pasta. 7. Plate carefully and add garnish.
810,pork_rice_810,pork,rice,broccoli,tomato sauce,726,54,42,38,4,2,427,85,weekend,pork:200g; rice:150g; broccoli:100g; tomato sauce:75g; oil:10g,stovetop,"batch-cooking, meal-prep, weekend, stovetop",1. Batch cook pork (store for 2–3 meals). 2. Marinate the pork for better flavor. 3. Prepare rice in bulk. 4. Cook broccoli. 5. Combine pork with tomato sauce. 6. Serve with rice. 7. Plate carefully and add garnish.
811,pork_rice_811,pork,rice,green beans,tomato sauce,726,54,42,38,4,2,751,33,balanced,pork:200g; rice:150g; green beans:100g; tomato sauce:75g; oil:10g,"air fryer, stovetop, slow cooker","batch-cooking, meal-prep, balanced, air fryer, stovetop, slow cooker",1. Batch cook pork (store for 2–3 meals). 2. Prepare rice in bulk. 3. Cook green beans. 4. Combine pork with tomato sauce. 5. Serve with rice.
812,turkey_rice_812,turkey,rice,onion,pesto,526,58,42,14,4,2,689,36,balanced,turkey:200g; rice:150g; onion:100g; pesto:75g; oil:10g,"stovetop, oven, slow cooker","batch-cooking, meal-prep, balanced, stovetop, oven, slow cooker",1. Batch cook turkey (store for 2–3 meals). 2. Prepare rice in bulk. 3. Cook onion. 4. Combine turkey with pesto. 5. Serve with rice.
813,shrimp_noodles_813,shrimp,noodles,carrots,pesto,462,48,40,12,4,2,394,38,balanced,shrimp:200g; noodles:150g; carrots:100g; pesto:75g; oil:10g,"air fryer, oven, slow cooker","batch-cooking, meal-prep, balanced, air fryer, oven, slow cooker",1. Batch cook shrimp (store for 2–3 meals). 2. Prepare noodles in bulk. 3. Cook carrots. 4. Combine shrimp with pesto. 5. Serve with noodles.
814,shrimp_rice_814,shrimp,rice,onion,cream sauce,468,48,42,12,4,2,419,12,quick,shrimp:200g; rice:150g; onion:100g; cream sauce:75g; oil:10g,"microwave, stovetop, oven","batch-cooking, meal-prep, quick, microwave, stovetop, oven",1. Batch cook shrimp (store for 2–3 meals). 2. Prepare rice in bulk. 3. Cook onion. 4. Combine shrimp with cream sauce. 5. Serve with rice.
815,lentils_potatoes_815,lentils,potatoes,zucchini,soy sauce,424,18,66,10,7,3,674,13,quick,lentils:200g; potatoes:150g; zucchini:100g; soy sauce:75g; oil:10g,"microwave, oven, slow cooker","batch-cooking, meal-prep, quick, microwave, oven, slow cooker",1. Batch cook lentils (store for 2–3 meals). 2. Prepare potatoes in bulk. 3. Cook zucchini. 4. Combine lentils with soy sauce. 5. Serve with potatoes.
816,lentils_noodles_816,lentils,noodles,broccoli,soy sauce,484,18,80,10,8,4,605,86,weekend,lentils:200g; noodles:150g; broccoli:100g; soy sauce:75g; oil:10g,air fryer,"batch-cooking, meal-prep, weekend, air fryer",1. Batch cook lentils (store for 2–3 meals). 2. Marinate the lentils for better flavor. 3. Prepare noodles in bulk. 4. Cook broccoli. 5. Combine lentils with soy sauce. 6. Serve with noodles. 7. Plate carefully and add garnish.
817,chicken_pasta_817,chicken,pasta,peppers,cream sauce,560,62,38,18,4,2,453,73,weekend,chicken:200g; pasta:150g; peppers:100g; cream sauce:75g; oil:10g,"stovetop, slow cooker","batch-cooking, meal-prep, weekend, stovetop, slow cooker",1. Batch cook chicken (store for 2–3 meals). 2. Marinate the chicken for better flavor. 3. Prepare pasta in bulk. 4. Cook peppers. 5. Combine chicken with cream sauce. 6. Serve with pasta. 7. Plate carefully and add garnish.
818,shrimp_pasta_818,shrimp,pasta,peppers,garlic sauce,450,48,38,12,4,2,615,19,quick,shrimp:200g; pasta:150g; peppers:100g; garlic sauce:75g; oil:10g,"air fryer, microwave, slow cooker","batch-cooking, meal-prep, quick, air fryer, microwave, slow cooker",1. Batch cook shrimp (store for 2–3 meals). 2. Prepare pasta in bulk. 3. Cook peppers. 4. Combine shrimp with garlic sauce. 5. Serve with pasta.
819,turkey_tortilla_819,turkey,tortilla,green beans,tomato sauce,658,58,75,14,8,4,594,14,quick,turkey:200g; tortilla:150g; green beans:100g; tomato sauce:75g; oil:10g,"air fryer, stovetop, slow cooker","batch-cooking, meal-prep, quick, air fryer, stovetop, slow cooker",1. Batch cook turkey (store for 2–3 meals). 2. Prepare tortilla in bulk. 3. Cook green beans. 4. Combine turkey with tomato sauce. 5. Serve with tortilla.
820,turkey_pasta_820,turkey,pasta,carrots,pesto,508,58,38,14,4,2,380,34,balanced,turkey:200g; pasta:150g; carrots:100g; pesto:75g; oil:10g,"air fryer, oven","batch-cooking, meal-prep, balanced, air fryer, oven",1. Batch cook turkey (store for 2–3 meals). 2. Prepare pasta in bulk. 3. Cook carrots. 4. Combine turkey with pesto. 5. Serve with pasta.
821,shrimp_tortilla_821,shrimp,tortilla,onion,pesto,600,48,75,12,8,4,643,16,quick,shrimp:200g; tortilla:150g; onion:100g; pesto:75g; oil:10g,"air fryer, stovetop","batch-cooking, meal-prep, quick, air fryer, stovetop",1. Batch cook shrimp (store for 2–3 meals). 2. Prepare tortilla in bulk. 3. Cook onion. 4. Combine shrimp with pesto. 5. Serve with tortilla.
822,tofu_quinoa_822,tofu,quinoa,spinach,teriyaki,394,22,32,20,3,2,301,42,balanced,tofu:200g; quinoa:150g; spinach:100g; teriyaki:75g; oil:10g,"microwave, slow cooker","batch-cooking, meal-prep, balanced, microwave, slow cooker",1. Batch cook tofu (store for 2–3 meals). 2. Prepare quinoa in bulk. 3. Cook spinach. 4. Combine tofu with teriyaki. 5. Serve with quinoa.
823,turkey_noodles_823,turkey,noodles,zucchini,tomato sauce,520,58,40,14,4,2,327,86,weekend,turkey:200g; noodles:150g; zucchini:100g; tomato sauce:75g; oil:10g,"air fryer, oven, slow cooker","batch-cooking, meal-prep, weekend, air fryer, oven, slow cooker",1. Batch cook turkey (store for 2–3 meals). 2. Marinate the turkey for better flavor. 3. Prepare noodles in bulk. 4. Cook zucchini. 5. Combine turkey with tomato sauce. 6. Serve with noodles. 7. Plate carefully and add garnish.
824,pork_quinoa_824,pork,quinoa,spinach,tomato sauce,708,60,32,38,3,2,781,56,weekend,pork:200g; quinoa:150g; spinach:100g; tomato sauce:75g; oil:10g,"air fryer, microwave, stovetop","batch-cooking, meal-prep, weekend, air fryer, microwave, stovetop",1. Batch cook pork (store for 2–3 meals). 2. Marinate the pork for better flavor. 3. Prepare quinoa in bulk. 4. Cook spinach. 5. Combine pork with tomato sauce. 6. Serve with quinoa. 7. Plate carefully and add garnish.
825,lentils_potatoes_825,lentils,potatoes,carrots,cream sauce,424,18,66,10,7,3,383,19,quick,lentils:200g; potatoes:150g; carrots:100g; cream sauce:75g; oil:10g,"air fryer, microwave, stovetop","batch-cooking, meal-prep, quick, air fryer, microwave, stovetop",1. Batch cook lentils (store for 2–3 meals). 2. Prepare potatoes in bulk. 3. Cook carrots. 4. Combine lentils with cream sauce. 5. Serve with potatoes.
826,tofu_noodles_826,tofu,noodles,peppers,pesto,406,16,40,20,4,2,731,19,quick,tofu:200g; noodles:150g; peppers:100g; pesto:75g; oil:10g,oven,"batch-cooking, meal-prep, quick, oven",1. Batch cook tofu (store for 2–3 meals). 2. Prepare noodles in bulk. 3. Cook peppers. 4. Combine tofu with pesto. 5. Serve with noodles.
827,turkey_rice_827,turkey,rice,broccoli,teriyaki,526,58,42,14,4,2,449,42,balanced,turkey:200g; rice:150g; broccoli:100g; teriyaki:75g; oil:10g,"air fryer, stovetop, slow cooker","batch-cooking, meal-prep, balanced, air fryer, stovetop, slow cooker",1. Batch cook turkey (store for 2–3 meals). 2. Prepare rice in bulk. 3. Cook broccoli. 4. Combine turkey with teriyaki. 5. Serve with rice.
828,lentils_tortilla_828,lentils,tortilla,carrots,tomato sauce,622,18,115,10,12,6,423,24,quick,lentils:200g; tortilla:150g; carrots:100g; tomato sauce:75g; oil:10g,slow cooker,"batch-cooking, meal-prep, quick, slow cooker",1. Batch cook lentils (store for 2–3 meals). 2. Prepare tortilla in bulk. 3. Cook carrots. 4. Combine lentils with tomato sauce. 5. Serve with tortilla.
829,turkey_noodles_829,turkey,noodles,peppers,garlic sauce,520,58,40,14,4,2,421,66,weekend,turkey:200g; noodles:150g; peppers:100g; garlic sauce:75g; oil:10g,slow cooker,"batch-cooking, meal-prep, weekend, slow cooker",1. Batch cook turkey (store for 2–3 meals). 2. Marinate the turkey for better flavor. 3. Prepare noodles in bulk. 4. Cook peppers. 5. Combine turkey with garlic sauce. 6. Serve with noodles. 7. Plate carefully and add garnish.
830,turkey_quinoa_830,turkey,quinoa,spinach,teriyaki,508,64,32,14,3,2,764,16,quick,turkey:200g; quinoa:150g; spinach:100g; teriyaki:75g; oil:10g,"microwave, stovetop, oven","batch-cooking, meal-prep, quick, microwave, stovetop, oven",1. Batch cook turkey (store for 2–3 meals). 2. Prepare quinoa in bulk. 3. Cook spinach. 4. Combine turkey with teriyaki. 5. Serve with quinoa.
831,turkey_rice_831,turkey,rice,carrots,garlic sauce,526,58,42,14,4,2,519,18,quick,turkey:200g; rice:150g; carrots:100g; garlic sauce:75g; oil:10g,"microwave, stovetop","batch-cooking, meal-prep, quick, microwave, stovetop",1. Batch cook turkey (store for 2–3 meals). 2. Prepare rice in bulk. 3. Cook carrots. 4. Combine turkey with garlic sauce. 5. Serve with rice.
832,lentils_pasta_832,lentils,pasta,spinach,pesto,472,18,78,10,8,4,413,54,weekend,lentils:200g; pasta:150g; spinach:100g; pesto:75g; oil:10g,"air fryer, microwave, slow cooker","batch-cooking, meal-prep, weekend, air fryer, microwave, slow cooker",1. Batch cook lentils (store for 2–3 meals). 2. Marinate the lentils for better flavor. 3. Prepare pasta in bulk. 4. Cook spinach. 5. Combine lentils with pesto. 6. Serve with pasta. 7. Plate carefully and add garnish.
833,beef_rice_833,beef,rice,zucchini,pesto,736,52,42,40,4,2,413,56,weekend,beef:200g; rice:150g; zucchini:100g; pesto:75g; oil:10g,"stovetop, slow cooker","batch-cooking, meal-prep, weekend, stovetop, slow cooker",1. Batch cook beef (store for 2–3 meals). 2. Marinate the beef for better flavor. 3. Prepare rice in bulk. 4. Cook zucchini. 5. Combine beef with pesto. 6. Serve with rice. 7. Plate carefully and add garnish.
834,tofu_rice_834,tofu,rice,broccoli,tomato sauce,412,16,42,20,4,2,682,23,quick,tofu:200g; rice:150g; broccoli:100g; tomato sauce:75g; oil:10g,"air fryer, microwave, oven","batch-cooking, meal-prep, quick, air fryer, microwave, oven",1. Batch cook tofu (store for 2–3 meals). 2. Prepare rice in bulk. 3. Cook broccoli. 4. Combine tofu with tomato sauce. 5. Serve with rice.
835,chicken_pasta_835,chicken,pasta,onion,garlic sauce,560,62,38,18,4,2,621,12,quick,chicken:200g; pasta:150g; onion:100g; garlic sauce:75g; oil:10g,"microwave, stovetop, slow cooker","batch-cooking, meal-prep, quick, microwave, stovetop, slow cooker",1. Batch cook chicken (store for 2–3 meals). 2. Prepare pasta in bulk. 3. Cook onion. 4. Combine chicken with garlic sauce. 5. Serve with pasta.
836,shrimp_pasta_836,shrimp,pasta,carrots,pesto,450,48,38,12,4,2,461,39,balanced,shrimp:200g; pasta:150g; carrots:100g; pesto:75g; oil:10g,microwave,"batch-cooking, meal-prep, balanced, microwave",1. Batch cook shrimp (store for 2–3 meals). 2. Prepare pasta in bulk. 3. Cook carrots. 4. Combine shrimp with pesto. 5. Serve with pasta.
837,turkey_pasta_837,turkey,pasta,green beans,soy sauce,508,58,38,14,4,2,595,21,quick,turkey:200g; pasta:150g; green beans:100g; soy sauce:75g; oil:10g,slow cooker,"batch-cooking, meal-prep, quick, slow cooker",1. Batch cook turkey (store for 2–3 meals). 2. Prepare pasta in bulk. 3. Cook green beans. 4. Combine turkey with soy sauce. 5. Serve with pasta.
838,turkey_rice_838,turkey,rice,broccoli,pesto,526,58,42,14,4,2,472,28,balanced,turkey:200g; rice:150g; broccoli:100g; pesto:75g; oil:10g,"air fryer, microwave, slow cooker","batch-cooking, meal-prep, balanced, air fryer, microwave, slow cooker",1. Batch cook turkey (store for 2–3 meals). 2. Prepare rice in bulk. 3. Cook broccoli. 4. Combine turkey with pesto. 5. Serve with rice.
839,lentils_quinoa_839,lentils,quinoa,zucchini,soy sauce,472,24,72,10,7,4,374,59,weekend,lentils:200g; quinoa:150g; zucchini:100g; soy sauce:75g; oil:10g,"air fryer, microwave, slow cooker","batch-cooking, meal-prep, weekend, air fryer, microwave, slow cooker",1. Batch cook lentils (store for 2–3 meals). 2. Marinate the lentils for better flavor. 3. Prepare quinoa in bulk. 4. Cook zucchini. 5. Combine lentils with soy sauce. 6. Serve with quinoa. 7. Plate carefully and add garnish.
840,shrimp_potatoes_840,shrimp,potatoes,green beans,pesto,402,48,26,12,3,1,492,22,quick,shrimp:200g; potatoes:150g; green beans:100g; pesto:75g; oil:10g,air fryer,"batch-cooking, meal-prep, quick, air fryer",1. Batch cook shrimp (store for 2–3 meals). 2. Prepare potatoes in bulk. 3. Cook green beans. 4. Combine shrimp with pesto. 5. Serve with potatoes.
841,tofu_potatoes_841,tofu,potatoes,zucchini,teriyaki,346,16,26,20,3,1,419,27,balanced,tofu:200g; potatoes:150g; zucchini:100g; teriyaki:75g; oil:10g,"microwave, oven, slow cooker","batch-cooking, meal-prep, balanced, microwave, oven, slow cooker",1. Batch cook tofu (store for 2–3 meals). 2. Prepare potatoes in bulk. 3. Cook zucchini. 4. Combine tofu with teriyaki. 5. Serve with potatoes.
842,tofu_noodles_842,tofu,noodles,carrots,soy sauce,406,16,40,20,4,2,340,45,balanced,tofu:200g; noodles:150g; carrots:100g; soy sauce:75g; oil:10g,oven,"batch-cooking, meal-prep, balanced, oven",1. Batch cook tofu (store for 2–3 meals). 2. Prepare noodles in bulk. 3. Cook carrots. 4. Combine tofu with soy sauce. 5. Serve with noodles.
843,lentils_quinoa_843,lentils,quinoa,zucchini,cream sauce,472,24,72,10,7,4,743,32,balanced,lentils:200g; quinoa:150g; zucchini:100g; cream sauce:75g; oil:10g,"air fryer, stovetop, slow cooker","batch-cooking, meal-prep, balanced, air fryer, stovetop, slow cooker",1. Batch cook lentils (store for 2–3 meals). 2. Prepare quinoa in bulk. 3. Cook zucchini. 4. Combine lentils with cream sauce. 5. Serve with quinoa.
844,chicken_rice_844,chicken,rice,green beans,garlic sauce,578,62,42,18,4,2,446,21,quick,chicken:200g; rice:150g; green beans:100g; garlic sauce:75g; oil:10g,slow cooker,"batch-cooking, meal-prep, quick, slow cooker",1. Batch cook chicken (store for 2–3 meals). 2. Prepare rice in bulk. 3. Cook green beans. 4. Combine chicken with garlic sauce. 5. Serve with rice.
845,chicken_tortilla_845,chicken,tortilla,spinach,pesto,710,62,75,18,8,4,644,22,quick,chicken:200g; tortilla:150g; spinach:100g; pesto:75g; oil:10g,"air fryer, stovetop, oven","batch-cooking, meal-prep, quick, air fryer, stovetop, oven",1. Batch cook chicken (store for 2–3 meals). 2. Prepare tortilla in bulk. 3. Cook spinach. 4. Combine chicken with pesto. 5. Serve with tortilla.
846,turkey_pasta_846,turkey,pasta,peppers,cream sauce,508,58,38,14,4,2,438,36,balanced,turkey:200g; pasta:150g; peppers:100g; cream sauce:75g; oil:10g,microwave,"batch-cooking, meal-prep, balanced, microwave",1. Batch cook turkey (store for 2–3 meals). 2. Prepare pasta in bulk. 3. Cook peppers. 4. Combine turkey with cream sauce. 5. Serve with pasta.
847,tofu_noodles_847,tofu,noodles,zucchini,tomato sauce,406,16,40,20,4,2,551,30,balanced,tofu:200g; noodles:150g; zucchini:100g; tomato sauce:75g; oil:10g,"microwave, stovetop","batch-cooking, meal-prep, balanced, microwave, stovetop",1. Batch cook tofu (store for 2–3 meals). 2. Prepare noodles in bulk. 3. Cook zucchini. 4. Combine tofu with tomato sauce. 5. Serve with noodles.
848,chicken_pasta_848,chicken,pasta,spinach,cream sauce,560,62,38,18,4,2,699,68,weekend,chicken:200g; pasta:150g; spinach:100g; cream sauce:75g; oil:10g,oven,"batch-cooking, meal-prep, weekend, oven",1. Batch cook chicken (store for 2–3 meals). 2. Marinate the chicken for better flavor. 3. Prepare pasta in bulk. 4. Cook spinach. 5. Combine chicken with cream sauce. 6. Serve with pasta. 7. Plate carefully and add garnish.
849,shrimp_potatoes_849,shrimp,potatoes,spinach,pesto,402,48,26,12,3,1,381,28,balanced,shrimp:200g; potatoes:150g; spinach:100g; pesto:75g; oil:10g,"microwave, slow cooker","batch-cooking, meal-prep, balanced, microwave, slow cooker",1. Batch cook shrimp (store for 2–3 meals). 2. Prepare potatoes in bulk. 3. Cook spinach. 4. Combine shrimp with pesto. 5. Serve with potatoes.
850,chicken_quinoa_850,chicken,quinoa,onion,cream sauce,560,68,32,18,3,2,634,23,quick,chicken:200g; quinoa:150g; onion:100g; cream sauce:75g; oil:10g,"air fryer, microwave, stovetop","batch-cooking, meal-prep, quick, air fryer, microwave, stovetop",1. Batch cook chicken (store for 2–3 meals). 2. Prepare quinoa in bulk. 3. Cook onion. 4. Combine chicken with cream sauce. 5. Serve with quinoa.
851,salmon_noodles_851,salmon,noodles,peppers,soy sauce,686,50,40,36,4,2,367,16,quick,salmon:200g; noodles:150g; peppers:100g; soy sauce:75g; oil:10g,"microwave, slow cooker","batch-cooking, meal-prep, quick, microwave, slow cooker",1. Batch cook salmon (store for 2–3 meals). 2. Prepare noodles in bulk. 3. Cook peppers. 4. Combine salmon with soy sauce. 5. Serve with noodles.
852,beef_quinoa_852,beef,quinoa,carrots,garlic sauce,718,58,32,40,3,2,653,25,balanced,beef:200g; quinoa:150g; carrots:100g; garlic sauce:75g; oil:10g,slow cooker,"batch-cooking, meal-prep, balanced, slow cooker",1. Batch cook beef (store for 2–3 meals). 2. Prepare quinoa in bulk. 3. Cook carrots. 4. Combine beef with garlic sauce. 5. Serve with quinoa.
853,shrimp_noodles_853,shrimp,noodles,onion,cream sauce,462,48,40,12,4,2,324,16,quick,shrimp:200g; noodles:150g; onion:100g; cream sauce:75g; oil:10g,"microwave, slow cooker","batch-cooking, meal-prep, quick, microwave, slow cooker",1. Batch cook shrimp (store for 2–3 meals). 2. Prepare noodles in bulk. 3. Cook onion. 4. Combine shrimp with cream sauce. 5. Serve with noodles.
854,beef_rice_854,beef,rice,carrots,cream sauce,736,52,42,40,4,2,521,44,balanced,beef:200g; rice:150g; carrots:100g; cream sauce:75g; oil:10g,"stovetop, oven, slow cooker","batch-cooking, meal-prep, balanced, stovetop, oven, slow cooker",1. Batch cook beef (store for 2–3 meals). 2. Prepare rice in bulk. 3. Cook carrots. 4. Combine beef with cream sauce. 5. Serve with rice.
855,pork_pasta_855,pork,pasta,peppers,teriyaki,708,54,38,38,4,2,388,21,quick,pork:200g; pasta:150g; peppers:100g; teriyaki:75g; oil:10g,slow cooker,"batch-cooking, meal-prep, quick, slow cooker",1. Batch cook pork (store for 2–3 meals). 2. Prepare pasta in bulk. 3. Cook peppers. 4. Combine pork with teriyaki. 5. Serve with pasta.
856,tofu_noodles_856,tofu,noodles,broccoli,teriyaki,406,16,40,20,4,2,766,24,quick,tofu:200g; noodles:150g; broccoli:100g; teriyaki:75g; oil:10g,"air fryer, microwave","batch-cooking, meal-prep, quick, air fryer, microwave",1. Batch cook tofu (store for 2–3 meals). 2. Prepare noodles in bulk. 3. Cook broccoli. 4. Combine tofu with teriyaki. 5. Serve with noodles.
857,chicken_quinoa_857,chicken,quinoa,spinach,pesto,560,68,32,18,3,2,753,69,weekend,chicken:200g; quinoa:150g; spinach:100g; pesto:75g; oil:10g,stovetop,"batch-cooking, meal-prep, weekend, stovetop",1. Batch cook chicken (store for 2–3 meals). 2. Marinate the chicken for better flavor. 3. Prepare quinoa in bulk. 4. Cook spinach. 5. Combine chicken with pesto. 6. Serve with quinoa. 7. Plate carefully and add garnish.
858,shrimp_noodles_858,shrimp,noodles,carrots,teriyaki,462,48,40,12,4,2,745,10,quick,shrimp:200g; noodles:150g; carrots:100g; teriyaki:75g; oil:10g,"microwave, oven","batch-cooking, meal-prep, quick, microwave, oven",1. Batch cook shrimp (store for 2–3 meals). 2. Prepare noodles in bulk. 3. Cook carrots. 4. Combine shrimp with teriyaki. 5. Serve with noodles.
859,tofu_tortilla_859,tofu,tortilla,broccoli,pesto,544,16,75,20,8,4,335,22,quick,tofu:200g; tortilla:150g; broccoli:100g; pesto:75g; oil:10g,"air fryer, oven","batch-cooking, meal-prep, quick, air fryer, oven",1. Batch cook tofu (store for 2–3 meals). 2. Prepare tortilla in bulk. 3. Cook broccoli. 4. Combine tofu with pesto. 5. Serve with tortilla.
860,lentils_potatoes_860,lentils,potatoes,green beans,tomato sauce,424,18,66,10,7,3,621,14,quick,lentils:200g; potatoes:150g; green beans:100g; tomato sauce:75g; oil:10g,microwave,"batch-cooking, meal-prep, quick, microwave",1. Batch cook lentils (store for 2–3 meals). 2. Prepare potatoes in bulk. 3. Cook green beans. 4. Combine lentils with tomato sauce. 5. Serve with potatoes.
861,salmon_quinoa_861,salmon,quinoa,spinach,soy sauce,674,56,32,36,3,2,690,30,balanced,salmon:200g; quinoa:150g; spinach:100g; soy sauce:75g; oil:10g,"microwave, slow cooker","batch-cooking, meal-prep, balanced, microwave, slow cooker",1. Batch cook salmon (store for 2–3 meals). 2. Prepare quinoa in bulk. 3. Cook spinach. 4. Combine salmon with soy sauce. 5. Serve with quinoa.
862,chicken_potatoes_862,chicken,potatoes,broccoli,pesto,512,62,26,18,3,1,511,14,quick,chicken:200g; potatoes:150g; broccoli:100g; pesto:75g; oil:10g,"stovetop, oven, slow cooker","batch-cooking, meal-prep, quick, stovetop, oven, slow cooker",1. Batch cook chicken (store for 2–3 meals). 2. Prepare potatoes in bulk. 3. Cook broccoli. 4. Combine chicken with pesto. 5. Serve with potatoes.
863,turkey_quinoa_863,turkey,quinoa,onion,teriyaki,508,64,32,14,3,2,711,30,balanced,turkey:200g; quinoa:150g; onion:100g; teriyaki:75g; oil:10g,slow cooker,"batch-cooking, meal-prep, balanced, slow cooker",1. Batch cook turkey (store for 2–3 meals). 2. Prepare quinoa in bulk. 3. Cook onion. 4. Combine turkey with teriyaki. 5. Serve with quinoa.
864,shrimp_pasta_864,shrimp,pasta,spinach,tomato sauce,450,48,38,12,4,2,511,32,balanced,shrimp:200g; pasta:150g; spinach:100g; tomato sauce:75g; oil:10g,"air fryer, stovetop, slow cooker","batch-cooking, meal-prep, balanced, air fryer, stovetop, slow cooker",1. Batch cook shrimp (store for 2–3 meals). 2. Prepare pasta in bulk. 3. Cook spinach. 4. Combine shrimp with tomato sauce. 5. Serve with pasta.
865,shrimp_rice_865,shrimp,rice,broccoli,soy sauce,468,48,42,12,4,2,318,17,quick,shrimp:200g; rice:150g; broccoli:100g; soy sauce:75g; oil:10g,air fryer,"batch-cooking, meal-prep, quick, air fryer",1. Batch cook shrimp (store for 2–3 meals). 2. Prepare rice in bulk. 3. Cook broccoli. 4. Combine shrimp with soy sauce. 5. Serve with rice.
866,beef_noodles_866,beef,noodles,spinach,garlic sauce,730,52,40,40,4,2,749,18,quick,beef:200g; noodles:150g; spinach:100g; garlic sauce:75g; oil:10g,oven,"batch-cooking, meal-prep, quick, oven",1. Batch cook beef (store for 2–3 meals). 2. Prepare noodles in bulk. 3. Cook spinach. 4. Combine beef with garlic sauce. 5. Serve with noodles.
867,turkey_noodles_867,turkey,noodles,broccoli,tomato sauce,520,58,40,14,4,2,398,13,quick,turkey:200g; noodles:150g; broccoli:100g; tomato sauce:75g; oil:10g,"microwave, stovetop","batch-cooking, meal-prep, quick, microwave, stovetop",1. Batch cook turkey (store for 2–3 meals). 2. Prepare noodles in bulk. 3. Cook broccoli. 4. Combine turkey with tomato sauce. 5. Serve with noodles.
868,beef_noodles_868,beef,noodles,spinach,teriyaki,730,52,40,40,4,2,667,29,balanced,beef:200g; noodles:150g; spinach:100g; teriyaki:75g; oil:10g,microwave,"batch-cooking, meal-prep, balanced, microwave",1. Batch cook beef (store for 2–3 meals). 2. Prepare noodles in bulk. 3. Cook spinach. 4. Combine beef with teriyaki. 5. Serve with noodles.
869,beef_potatoes_869,beef,potatoes,green beans,pesto,670,52,26,40,3,1,779,43,balanced,beef:200g; potatoes:150g; green beans:100g; pesto:75g; oil:10g,"microwave, stovetop, slow cooker","batch-cooking, meal-prep, balanced, microwave, stovetop, slow cooker",1. Batch cook beef (store for 2–3 meals). 2. Prepare potatoes in bulk. 3. Cook green beans. 4. Combine beef with pesto. 5. Serve with potatoes.
870,salmon_noodles_870,salmon,noodles,green beans,tomato sauce,686,50,40,36,4,2,371,32,balanced,salmon:200g; noodles:150g; green beans:100g; tomato sauce:75g; oil:10g,"air fryer, oven, slow cooker","batch-cooking, meal-prep, balanced, air fryer, oven, slow cooker",1. Batch cook salmon (store for 2–3 meals). 2. Prepare noodles in bulk. 3. Cook green beans. 4. Combine salmon with tomato sauce. 5. Serve with noodles.
871,turkey_pasta_871,turkey,pasta,green beans,garlic sauce,508,58,38,14,4,2,657,10,quick,turkey:200g; pasta:150g; green beans:100g; garlic sauce:75g; oil:10g,"microwave, oven","batch-cooking, meal-prep, quick, microwave, oven",1. Batch cook turkey (store for 2–3 meals). 2. Prepare pasta in bulk. 3. Cook green beans. 4. Combine turkey with garlic sauce. 5. Serve with pasta.
872,tofu_pasta_872,tofu,pasta,broccoli,garlic sauce,394,16,38,20,4,2,460,31,balanced,tofu:200g; pasta:150g; broccoli:100g; garlic sauce:75g; oil:10g,"microwave, stovetop, oven","batch-cooking, meal-prep, balanced, microwave, stovetop, oven",1. Batch cook tofu (store for 2–3 meals). 2. Prepare pasta in bulk. 3. Cook broccoli. 4. Combine tofu with garlic sauce. 5. Serve with pasta.
873,salmon_noodles_873,salmon,noodles,peppers,garlic sauce,686,50,40,36,4,2,580,30,balanced,salmon:200g; noodles:150g; peppers:100g; garlic sauce:75g; oil:10g,"microwave, slow cooker","batch-cooking, meal-prep, balanced, microwave, slow cooker",1. Batch cook salmon (store for 2–3 meals). 2. Prepare noodles in bulk. 3. Cook peppers. 4. Combine salmon with garlic sauce. 5. Serve with noodles.
874,lentils_potatoes_874,lentils,potatoes,broccoli,soy sauce,424,18,66,10,7,3,595,31,balanced,lentils:200g; potatoes:150g; broccoli:100g; soy sauce:75g; oil:10g,"air fryer, microwave, slow cooker","batch-cooking, meal-prep, balanced, air fryer, microwave, slow cooker",1. Batch cook lentils (store for 2–3 meals). 2. Prepare potatoes in bulk. 3. Cook broccoli. 4. Combine lentils with soy sauce. 5. Serve with potatoes.
875,chicken_quinoa_875,chicken,quinoa,peppers,garlic sauce,560,68,32,18,3,2,709,41,balanced,chicken:200g; quinoa:150g; peppers:100g; garlic sauce:75g; oil:10g,"air fryer, slow cooker","batch-cooking, meal-prep, balanced, air fryer, slow cooker",1. Batch cook chicken (store for 2–3 meals). 2. Prepare quinoa in bulk. 3. Cook peppers. 4. Combine chicken with garlic sauce. 5. Serve with quinoa.
876,shrimp_rice_876,shrimp,rice,green beans,garlic sauce,468,48,42,12,4,2,312,76,weekend,shrimp:200g; rice:150g; green beans:100g; garlic sauce:75g; oil:10g,"microwave, slow cooker","batch-cooking, meal-prep, weekend, microwave, slow cooker",1. Batch cook shrimp (store for 2–3 meals). 2. Marinate the shrimp for better flavor. 3. Prepare rice in bulk. 4. Cook green beans. 5. Combine shrimp with garlic sauce. 6. Serve with rice. 7. Plate carefully and add garnish.
877,shrimp_quinoa_877,shrimp,quinoa,spinach,soy sauce,450,54,32,12,3,2,340,39,balanced,shrimp:200g; quinoa:150g; spinach:100g; soy sauce:75g; oil:10g,"air fryer, stovetop, slow cooker","batch-cooking, meal-prep, balanced, air fryer, stovetop, slow cooker",1. Batch cook shrimp (store for 2–3 meals). 2. Prepare quinoa in bulk. 3. Cook spinach. 4. Combine shrimp with soy sauce. 5. Serve with quinoa.
878,turkey_rice_878,turkey,rice,broccoli,pesto,526,58,42,14,4,2,787,77,weekend,turkey:200g; rice:150g; broccoli:100g; pesto:75g; oil:10g,"air fryer, stovetop, oven","batch-cooking, meal-prep, weekend, air fryer, stovetop, oven",1. Batch cook turkey (store for 2–3 meals). 2. Marinate the turkey for better flavor. 3. Prepare rice in bulk. 4. Cook broccoli. 5. Combine turkey with pesto. 6. Serve with rice. 7. Plate carefully and add garnish.
879,chicken_tortilla_879,chicken,tortilla,broccoli,soy sauce,710,62,75,18,8,4,528,22,quick,chicken:200g; tortilla:150g; broccoli:100g; soy sauce:75g; oil:10g,"air fryer, slow cooker","batch-cooking, meal-prep, quick, air fryer, slow cooker",1. Batch cook chicken (store for 2–3 meals). 2. Prepare tortilla in bulk. 3. Cook broccoli. 4. Combine chicken with soy sauce. 5. Serve with tortilla.
880,lentils_pasta_880,lentils,pasta,spinach,tomato sauce,472,18,78,10,8,4,438,20,quick,lentils:200g; pasta:150g; spinach:100g; tomato sauce:75g; oil:10g,microwave,"batch-cooking, meal-prep, quick, microwave",1. Batch cook lentils (store for 2–3 meals). 2. Prepare pasta in bulk. 3. Cook spinach. 4. Combine lentils with tomato sauce. 5. Serve with pasta.
881,salmon_potatoes_881,salmon,potatoes,zucchini,garlic sauce,626,50,26,36,3,1,531,16,quick,salmon:200g; potatoes:150g; zucchini:100g; garlic sauce:75g; oil:10g,"air fryer, slow cooker","batch-cooking, meal-prep, quick, air fryer, slow cooker",1. Batch cook salmon (store for 2–3 meals). 2. Prepare potatoes in bulk. 3. Cook zucchini. 4. Combine salmon with garlic sauce. 5. Serve with potatoes.
882,salmon_tortilla_882,salmon,tortilla,zucchini,tomato sauce,824,50,75,36,8,4,411,10,quick,salmon:200g; tortilla:150g; zucchini:100g; tomato sauce:75g; oil:10g,air fryer,"batch-cooking, meal-prep, quick, air fryer",1. Batch cook salmon (store for 2–3 meals). 2. Prepare tortilla in bulk. 3. Cook zucchini. 4. Combine salmon with tomato sauce. 5. Serve with tortilla.
883,salmon_noodles_883,salmon,noodles,broccoli,pesto,686,50,40,36,4,2,783,30,balanced,salmon:200g; noodles:150g; broccoli:100g; pesto:75g; oil:10g,microwave,"batch-cooking, meal-prep, balanced, microwave",1. Batch cook salmon (store for 2–3 meals). 2. Prepare noodles in bulk. 3. Cook broccoli. 4. Combine salmon with pesto. 5. Serve with noodles.
884,turkey_noodles_884,turkey,noodles,peppers,tomato sauce,520,58,40,14,4,2,718,35,balanced,turkey:200g; noodles:150g; peppers:100g; tomato sauce:75g; oil:10g,"air fryer, stovetop, oven","batch-cooking, meal-prep, balanced, air fryer, stovetop, oven",1. Batch cook turkey (store for 2–3 meals). 2. Prepare noodles in bulk. 3. Cook peppers. 4. Combine turkey with tomato sauce. 5. Serve with noodles.
885,pork_noodles_885,pork,noodles,carrots,cream sauce,720,54,40,38,4,2,799,13,quick,pork:200g; noodles:150g; carrots:100g; cream sauce:75g; oil:10g,"stovetop, oven","batch-cooking, meal-prep, quick, stovetop, oven",1. Batch cook pork (store for 2–3 meals). 2. Prepare noodles in bulk. 3. Cook carrots. 4. Combine pork with cream sauce. 5. Serve with noodles.
886,lentils_rice_886,lentils,rice,broccoli,cream sauce,490,18,82,10,8,4,414,30,balanced,lentils:200g; rice:150g; broccoli:100g; cream sauce:75g; oil:10g,oven,"batch-cooking, meal-prep, balanced, oven",1. Batch cook lentils (store for 2–3 meals). 2. Prepare rice in bulk. 3. Cook broccoli. 4. Combine lentils with cream sauce. 5. Serve with rice.
887,chicken_quinoa_887,chicken,quinoa,peppers,garlic sauce,560,68,32,18,3,2,397,17,quick,chicken:200g; quinoa:150g; peppers:100g; garlic sauce:75g; oil:10g,oven,"batch-cooking, meal-prep, quick, oven",1. Batch cook chicken (store for 2–3 meals). 2. Prepare quinoa in bulk. 3. Cook peppers. 4. Combine chicken with garlic sauce. 5. Serve with quinoa.
888,tofu_rice_888,tofu,rice,spinach,teriyaki,412,16,42,20,4,2,674,44,balanced,tofu:200g; rice:150g; spinach:100g; teriyaki:75g; oil:10g,"microwave, stovetop","batch-cooking, meal-prep, balanced, microwave, stovetop",1. Batch cook tofu (store for 2–3 meals). 2. Prepare rice in bulk. 3. Cook spinach. 4. Combine tofu with teriyaki. 5. Serve with rice.
889,chicken_rice_889,chicken,rice,zucchini,garlic sauce,578,62,42,18,4,2,422,70,weekend,chicken:200g; rice:150g; zucchini:100g; garlic sauce:75g; oil:10g,"microwave, stovetop","batch-cooking, meal-prep, weekend, microwave, stovetop",1. Batch cook chicken (store for 2–3 meals). 2. Marinate the chicken for better flavor. 3. Prepare rice in bulk. 4. Cook zucchini. 5. Combine chicken with garlic sauce. 6. Serve with rice. 7. Plate carefully and add garnish.
890,salmon_rice_890,salmon,rice,carrots,soy sauce,692,50,42,36,4,2,798,23,quick,salmon:200g; rice:150g; carrots:100g; soy sauce:75g; oil:10g,"microwave, oven, slow cooker","batch-cooking, meal-prep, quick, microwave, oven, slow cooker",1. Batch cook salmon (store for 2–3 meals). 2. Prepare rice in bulk. 3. Cook carrots. 4. Combine salmon with soy sauce. 5. Serve with rice.
891,shrimp_potatoes_891,shrimp,potatoes,peppers,tomato sauce,402,48,26,12,3,1,458,20,quick,shrimp:200g; potatoes:150g; peppers:100g; tomato sauce:75g; oil:10g,air fryer,"batch-cooking, meal-prep, quick, air fryer",1. Batch cook shrimp (store for 2–3 meals). 2. Prepare potatoes in bulk. 3. Cook peppers. 4. Combine shrimp with tomato sauce. 5. Serve with potatoes.
892,pork_quinoa_892,pork,quinoa,spinach,tomato sauce,708,60,32,38,3,2,397,17,quick,pork:200g; quinoa:150g; spinach:100g; tomato sauce:75g; oil:10g,"stovetop, oven, slow cooker","batch-cooking, meal-prep, quick, stovetop, oven, slow cooker",1. Batch cook pork (store for 2–3 meals). 2. Prepare quinoa in bulk. 3. Cook spinach. 4. Combine pork with tomato sauce. 5. Serve with quinoa.
893,shrimp_pasta_893,shrimp,pasta,carrots,cream sauce,450,48,38,12,4,2,475,22,quick,shrimp:200g; pasta:150g; carrots:100g; cream sauce:75g; oil:10g,slow cooker,"batch-cooking, meal-prep, quick, slow cooker",1. Batch cook shrimp (store for 2–3 meals). 2. Prepare pasta in bulk. 3. Cook carrots. 4. Combine shrimp with cream sauce. 5. Serve with pasta.
894,chicken_rice_894,chicken,rice,onion,tomato sauce,578,62,42,18,4,2,545,29,balanced,chicken:200g; rice:150g; onion:100g; tomato sauce:75g; oil:10g,"air fryer, microwave, stovetop","batch-cooking, meal-prep, balanced, air fryer, microwave, stovetop",1. Batch cook chicken (store for 2–3 meals). 2. Prepare rice in bulk. 3. Cook onion. 4. Combine chicken with tomato sauce. 5. Serve with rice.
895,pork_tortilla_895,pork,tortilla,carrots,cream sauce,858,54,75,38,8,4,312,13,quick,pork:200g; tortilla:150g; carrots:100g; cream sauce:75g; oil:10g,"stovetop, oven","batch-cooking, meal-prep, quick, stovetop, oven",1. Batch cook pork (store for 2–3 meals). 2. Prepare tortilla in bulk. 3. Cook carrots. 4. Combine pork with cream sauce. 5. Serve with tortilla.
896,beef_tortilla_896,beef,tortilla,spinach,tomato sauce,868,52,75,40,8,4,486,23,quick,beef:200g; tortilla:150g; spinach:100g; tomato sauce:75g; oil:10g,"microwave, oven, slow cooker","batch-cooking, meal-prep, quick, microwave, oven, slow cooker",1. Batch cook beef (store for 2–3 meals). 2. Prepare tortilla in bulk. 3. Cook spinach. 4. Combine beef with tomato sauce. 5. Serve with tortilla.
897,salmon_potatoes_897,salmon,potatoes,green beans,pesto,626,50,26,36,3,1,496,13,quick,salmon:200g; potatoes:150g; green beans:100g; pesto:75g; oil:10g,"oven, slow cooker","batch-cooking, meal-prep, quick, oven, slow cooker",1. Batch cook salmon (store for 2–3 meals). 2. Prepare potatoes in bulk. 3. Cook green beans. 4. Combine salmon with pesto. 5. Serve with potatoes.
898,tofu_potatoes_898,tofu,potatoes,spinach,cream sauce,346,16,26,20,3,1,783,16,quick,tofu:200g; potatoes:150g; spinach:100g; cream sauce:75g; oil:10g,oven,"batch-cooking, meal-prep, quick, oven",1. Batch cook tofu (store for 2–3 meals). 2. Prepare potatoes in bulk. 3. Cook spinach. 4. Combine tofu with cream sauce. 5. Serve with potatoes.
899,salmon_noodles_899,salmon,noodles,carrots,teriyaki,686,50,40,36,4,2,502,15,quick,salmon:200g; noodles:150g; carrots:100g; teriyaki:75g; oil:10g,"microwave, oven","batch-cooking, meal-prep, quick, microwave, oven",1. Batch cook salmon (store for 2–3 meals). 2. Prepare noodles in bulk. 3. Cook carrots. 4. Combine salmon with teriyaki. 5. Serve with noodles.
900,pork_rice_900,pork,rice,zucchini,cream sauce,726,54,42,38,4,2,525,12,quick,pork:200g; rice:150g; zucchini:100g; cream sauce:75g; oil:10g,"microwave, slow cooker","batch-cooking, meal-prep, quick, microwave, slow cooker",1. Batch cook pork (store for 2–3 meals). 2. Prepare rice in bulk. 3. Cook zucchini. 4. Combine pork with cream sauce. 5. Serve with rice.
901,beef_potatoes_901,beef,potatoes,carrots,teriyaki,670,52,26,40,3,1,700,35,balanced,beef:200g; potatoes:150g; carrots:100g; teriyaki:75g; oil:10g,"air fryer, stovetop","batch-cooking, meal-prep, balanced, air fryer, stovetop",1. Batch cook beef (store for 2–3 meals). 2. Prepare potatoes in bulk. 3. Cook carrots. 4. Combine beef with teriyaki. 5. Serve with potatoes.
902,beef_noodles_902,beef,noodles,green beans,soy sauce,730,52,40,40,4,2,321,20,quick,beef:200g; noodles:150g; green beans:100g; soy sauce:75g; oil:10g,microwave,"batch-cooking, meal-prep, quick, microwave",1. Batch cook beef (store for 2–3 meals). 2. Prepare noodles in bulk. 3. Cook green beans. 4. Combine beef with soy sauce. 5. Serve with noodles.
903,pork_rice_903,pork,rice,peppers,cream sauce,726,54,42,38,4,2,720,11,quick,pork:200g; rice:150g; peppers:100g; cream sauce:75g; oil:10g,"air fryer, stovetop, slow cooker","batch-cooking, meal-prep, quick, air fryer, stovetop, slow cooker",1. Batch cook pork (store for 2–3 meals). 2. Prepare rice in bulk. 3. Cook peppers. 4. Combine pork with cream sauce. 5. Serve with rice.
904,salmon_rice_904,salmon,rice,onion,teriyaki,692,50,42,36,4,2,678,17,quick,salmon:200g; rice:150g; onion:100g; teriyaki:75g; oil:10g,"air fryer, microwave","batch-cooking, meal-prep, quick, air fryer, microwave",1. Batch cook salmon (store for 2–3 meals). 2. Prepare rice in bulk. 3. Cook onion. 4. Combine salmon with teriyaki. 5. Serve with rice.
905,lentils_noodles_905,lentils,noodles,carrots,garlic sauce,484,18,80,10,8,4,401,20,quick,lentils:200g; noodles:150g; carrots:100g; garlic sauce:75g; oil:10g,"stovetop, oven","batch-cooking, meal-prep, quick, stovetop, oven",1. Batch cook lentils (store for 2–3 meals). 2. Prepare noodles in bulk. 3. Cook carrots. 4. Combine lentils with garlic sauce. 5. Serve with noodles.
906,tofu_pasta_906,tofu,pasta,green beans,pesto,394,16,38,20,4,2,475,45,weekend,tofu:200g; pasta:150g; green beans:100g; pesto:75g; oil:10g,"stovetop, slow cooker","batch-cooking, meal-prep, weekend, stovetop, slow cooker",1. Batch cook tofu (store for 2–3 meals). 2. Marinate the tofu for better flavor. 3. Prepare pasta in bulk. 4. Cook green beans. 5. Combine tofu with pesto. 6. Serve with pasta. 7. Plate carefully and add garnish.
907,turkey_rice_907,turkey,rice,zucchini,soy sauce,526,58,42,14,4,2,511,15,quick,turkey:200g; rice:150g; zucchini:100g; soy sauce:75g; oil:10g,"stovetop, slow cooker","batch-cooking, meal-prep, quick, stovetop, slow cooker",1. Batch cook turkey (store for 2–3 meals). 2. Prepare rice in bulk. 3. Cook zucchini. 4. Combine turkey with soy sauce. 5. Serve with rice.
908,turkey_potatoes_908,turkey,potatoes,carrots,tomato sauce,460,58,26,14,3,1,692,52,weekend,turkey:200g; potatoes:150g; carrots:100g; tomato sauce:75g; oil:10g,"microwave, stovetop, slow cooker","batch-cooking, meal-prep, weekend, microwave, stovetop, slow cooker",1. Batch cook turkey (store for 2–3 meals). 2. Marinate the turkey for better flavor. 3. Prepare potatoes in bulk. 4. Cook carrots. 5. Combine turkey with tomato sauce. 6. Serve with potatoes. 7. Plate carefully and add garnish.
909,turkey_noodles_909,turkey,noodles,zucchini,pesto,520,58,40,14,4,2,733,18,quick,turkey:200g; noodles:150g; zucchini:100g; pesto:75g; oil:10g,"microwave, stovetop, slow cooker","batch-cooking, meal-prep, quick, microwave, stovetop, slow cooker",1. Batch cook turkey (store for 2–3 meals). 2. Prepare noodles in bulk. 3. Cook zucchini. 4. Combine turkey with pesto. 5. Serve with noodles.
910,tofu_rice_910,tofu,rice,broccoli,teriyaki,412,16,42,20,4,2,766,23,quick,tofu:200g; rice:150g; broccoli:100g; teriyaki:75g; oil:10g,stovetop,"batch-cooking, meal-prep, quick, stovetop",1. Batch cook tofu (store for 2–3 meals). 2. Prepare rice in bulk. 3. Cook broccoli. 4. Combine tofu with teriyaki. 5. Serve with rice.
911,beef_noodles_911,beef,noodles,onion,pesto,730,52,40,40,4,2,693,44,balanced,beef:200g; noodles:150g; onion:100g; pesto:75g; oil:10g,"microwave, stovetop, oven","batch-cooking, meal-prep, balanced, microwave, stovetop, oven",1. Batch cook beef (store for 2–3 meals). 2. Prepare noodles in bulk. 3. Cook onion. 4. Combine beef with pesto. 5. Serve with noodles.
912,salmon_potatoes_912,salmon,potatoes,green beans,garlic sauce,626,50,26,36,3,1,557,14,quick,salmon:200g; potatoes:150g; green beans:100g; garlic sauce:75g; oil:10g,"microwave, oven, slow cooker","batch-cooking, meal-prep, quick, microwave, oven, slow cooker",1. Batch cook salmon (store for 2–3 meals). 2. Prepare potatoes in bulk. 3. Cook green beans. 4. Combine salmon with garlic sauce. 5. Serve with potatoes.
913,turkey_tortilla_913,turkey,tortilla,broccoli,tomato sauce,658,58,75,14,8,4,561,81,weekend,turkey:200g; tortilla:150g; broccoli:100g; tomato sauce:75g; oil:10g,slow cooker,"batch-cooking, meal-prep, weekend, slow cooker",1. Batch cook turkey (store for 2–3 meals). 2. Marinate the turkey for better flavor. 3. Prepare tortilla in bulk. 4. Cook broccoli. 5. Combine turkey with tomato sauce. 6. Serve with tortilla. 7. Plate carefully and add garnish.
914,turkey_potatoes_914,turkey,potatoes,spinach,teriyaki,460,58,26,14,3,1,694,34,balanced,turkey:200g; potatoes:150g; spinach:100g; teriyaki:75g; oil:10g,"microwave, stovetop","batch-cooking, meal-prep, balanced, microwave, stovetop",1. Batch cook turkey (store for 2–3 meals). 2. Prepare potatoes in bulk. 3. Cook spinach. 4. Combine turkey with teriyaki. 5. Serve with potatoes.
915,shrimp_noodles_915,shrimp,noodles,carrots,teriyaki,462,48,40,12,4,2,441,20,quick,shrimp:200g; noodles:150g; carrots:100g; teriyaki:75g; oil:10g,"microwave, slow cooker","batch-cooking, meal-prep, quick, microwave, slow cooker",1. Batch cook shrimp (store for 2–3 meals). 2. Prepare noodles in bulk. 3. Cook carrots. 4. Combine shrimp with teriyaki. 5. Serve with noodles.
916,pork_tortilla_916,pork,tortilla,broccoli,soy sauce,858,54,75,38,8,4,390,14,quick,pork:200g; tortilla:150g; broccoli:100g; soy sauce:75g; oil:10g,"microwave, stovetop","batch-cooking, meal-prep, quick, microwave, stovetop",1. Batch cook pork (store for 2–3 meals). 2. Prepare tortilla in bulk. 3. Cook broccoli. 4. Combine pork with soy sauce. 5. Serve with tortilla.
917,chicken_quinoa_917,chicken,quinoa,zucchini,teriyaki,560,68,32,18,3,2,570,14,quick,chicken:200g; quinoa:150g; zucchini:100g; teriyaki:75g; oil:10g,"stovetop, oven","batch-cooking, meal-prep, quick, stovetop, oven",1. Batch cook chicken (store for 2–3 meals). 2. Prepare quinoa in bulk. 3. Cook zucchini. 4. Combine chicken with teriyaki. 5. Serve with quinoa.
918,turkey_noodles_918,turkey,noodles,onion,pesto,520,58,40,14,4,2,525,11,quick,turkey:200g; noodles:150g; onion:100g; pesto:75g; oil:10g,"air fryer, microwave, slow cooker","batch-cooking, meal-prep, quick, air fryer, microwave, slow cooker",1. Batch cook turkey (store for 2–3 meals). 2. Prepare noodles in bulk. 3. Cook onion. 4. Combine turkey with pesto. 5. Serve with noodles.
919,chicken_rice_919,chicken,rice,broccoli,pesto,578,62,42,18,4,2,628,26,balanced,chicken:200g; rice:150g; broccoli:100g; pesto:75g; oil:10g,"air fryer, stovetop, oven","batch-cooking, meal-prep, balanced, air fryer, stovetop, oven",1. Batch cook chicken (store for 2–3 meals). 2. Prepare rice in bulk. 3. Cook broccoli. 4. Combine chicken with pesto. 5. Serve with rice.
920,shrimp_noodles_920,shrimp,noodles,green beans,tomato sauce,462,48,40,12,4,2,636,46,weekend,shrimp:200g; noodles:150g; green beans:100g; tomato sauce:75g; oil:10g,stovetop,"batch-cooking, meal-prep, weekend, stovetop",1. Batch cook shrimp (store for 2–3 meals). 2. Marinate the shrimp for better flavor. 3. Prepare noodles in bulk. 4. Cook green beans. 5. Combine shrimp with tomato sauce. 6. Serve with noodles. 7. Plate carefully and add garnish.
921,turkey_tortilla_921,turkey,tortilla,peppers,garlic sauce,658,58,75,14,8,4,539,44,balanced,turkey:200g; tortilla:150g; peppers:100g; garlic sauce:75g; oil:10g,"microwave, stovetop, slow cooker","batch-cooking, meal-prep, balanced, microwave, stovetop, slow cooker",1. Batch cook turkey (store for 2–3 meals). 2. Prepare tortilla in bulk. 3. Cook peppers. 4. Combine turkey with garlic sauce. 5. Serve with tortilla.
922,lentils_quinoa_922,lentils,quinoa,carrots,pesto,472,24,72,10,7,4,650,15,quick,lentils:200g; quinoa:150g; carrots:100g; pesto:75g; oil:10g,air fryer,"batch-cooking, meal-prep, quick, air fryer",1. Batch cook lentils (store for 2–3 meals). 2. Prepare quinoa in bulk. 3. Cook carrots. 4. Combine lentils with pesto. 5. Serve with quinoa.
923,lentils_quinoa_923,lentils,quinoa,onion,cream sauce,472,24,72,10,7,4,733,20,quick,lentils:200g; quinoa:150g; onion:100g; cream sauce:75g; oil:10g,"oven, slow cooker","batch-cooking, meal-prep, quick, oven, slow cooker",1. Batch cook lentils (store for 2–3 meals). 2. Prepare quinoa in bulk. 3. Cook onion. 4. Combine lentils with cream sauce. 5. Serve with quinoa.
924,shrimp_pasta_924,shrimp,pasta,onion,cream sauce,450,48,38,12,4,2,390,16,quick,shrimp:200g; pasta:150g; onion:100g; cream sauce:75g; oil:10g,"microwave, stovetop, slow cooker","batch-cooking, meal-prep, quick, microwave, stovetop, slow cooker",1. Batch cook shrimp (store for 2–3 meals). 2. Prepare pasta in bulk. 3. Cook onion. 4. Combine shrimp with cream sauce. 5. Serve with pasta.
925,tofu_rice_925,tofu,rice,onion,cream sauce,412,16,42,20,4,2,623,11,quick,tofu:200g; rice:150g; onion:100g; cream sauce:75g; oil:10g,air fryer,"batch-cooking, meal-prep, quick, air fryer",1. Batch cook tofu (store for 2–3 meals). 2. Prepare rice in bulk. 3. Cook onion. 4. Combine tofu with cream sauce. 5. Serve with rice.
926,beef_quinoa_926,beef,quinoa,green beans,cream sauce,718,58,32,40,3,2,636,22,quick,beef:200g; quinoa:150g; green beans:100g; cream sauce:75g; oil:10g,air fryer,"batch-cooking, meal-prep, quick, air fryer",1. Batch cook beef (store for 2–3 meals). 2. Prepare quinoa in bulk. 3. Cook green beans. 4. Combine beef with cream sauce. 5. Serve with quinoa.
927,tofu_pasta_927,tofu,pasta,carrots,tomato sauce,394,16,38,20,4,2,305,15,quick,tofu:200g; pasta:150g; carrots:100g; tomato sauce:75g; oil:10g,"microwave, oven, slow cooker","batch-cooking, meal-prep, quick, microwave, oven, slow cooker",1. Batch cook tofu (store for 2–3 meals). 2. Prepare pasta in bulk. 3. Cook carrots. 4. Combine tofu with tomato sauce. 5. Serve with pasta.
928,tofu_potatoes_928,tofu,potatoes,spinach,garlic sauce,346,16,26,20,3,1,350,22,quick,tofu:200g; potatoes:150g; spinach:100g; garlic sauce:75g; oil:10g,"microwave, stovetop, slow cooker","batch-cooking, meal-prep, quick, microwave, stovetop, slow cooker",1. Batch cook tofu (store for 2–3 meals). 2. Prepare potatoes in bulk. 3. Cook spinach. 4. Combine tofu with garlic sauce. 5. Serve with potatoes.
929,chicken_pasta_929,chicken,pasta,carrots,soy sauce,560,62,38,18,4,2,394,31,balanced,chicken:200g; pasta:150g; carrots:100g; soy sauce:75g; oil:10g,"stovetop, oven","batch-cooking, meal-prep, balanced, stovetop, oven",1. Batch cook chicken (store for 2–3 meals). 2. Prepare pasta in bulk. 3. Cook carrots. 4. Combine chicken with soy sauce. 5. Serve with pasta.
930,beef_noodles_930,beef,noodles,carrots,pesto,730,52,40,40,4,2,743,73,weekend,beef:200g; noodles:150g; carrots:100g; pesto:75g; oil:10g,"air fryer, slow cooker","batch-cooking, meal-prep, weekend, air fryer, slow cooker",1. Batch cook beef (store for 2–3 meals). 2. Marinate the beef for better flavor. 3. Prepare noodles in bulk. 4. Cook carrots. 5. Combine beef with pesto. 6. Serve with noodles. 7. Plate carefully and add garnish.
931,pork_potatoes_931,pork,potatoes,zucchini,soy sauce,660,54,26,38,3,1,746,47,weekend,pork:200g; potatoes:150g; zucchini:100g; soy sauce:75g; oil:10g,microwave,"batch-cooking, meal-prep, weekend, microwave",1. Batch cook pork (store for 2–3 meals). 2. Marinate the pork for better flavor. 3. Prepare potatoes in bulk. 4. Cook zucchini. 5. Combine pork with soy sauce. 6. Serve with potatoes. 7. Plate carefully and add garnish.
932,pork_noodles_932,pork,noodles,zucchini,tomato sauce,720,54,40,38,4,2,681,22,quick,pork:200g; noodles:150g; zucchini:100g; tomato sauce:75g; oil:10g,"microwave, oven, slow cooker","batch-cooking, meal-prep, quick, microwave, oven, slow cooker",1. Batch cook pork (store for 2–3 meals). 2. Prepare noodles in bulk. 3. Cook zucchini. 4. Combine pork with tomato sauce. 5. Serve with noodles.
933,tofu_noodles_933,tofu,noodles,zucchini,garlic sauce,406,16,40,20,4,2,558,19,quick,tofu:200g; noodles:150g; zucchini:100g; garlic sauce:75g; oil:10g,"air fryer, slow cooker","batch-cooking, meal-prep, quick, air fryer, slow cooker",1. Batch cook tofu (store for 2–3 meals). 2. Prepare noodles in bulk. 3. Cook zucchini. 4. Combine tofu with garlic sauce. 5. Serve with noodles.
934,shrimp_rice_934,shrimp,rice,spinach,garlic sauce,468,48,42,12,4,2,340,16,quick,shrimp:200g; rice:150g; spinach:100g; garlic sauce:75g; oil:10g,microwave,"batch-cooking, meal-prep, quick, microwave",1. Batch cook shrimp (store for 2–3 meals). 2. Prepare rice in bulk. 3. Cook spinach. 4. Combine shrimp with garlic sauce. 5. Serve with rice.
935,pork_tortilla_935,pork,tortilla,spinach,cream sauce,858,54,75,38,8,4,499,18,quick,pork:200g; tortilla:150g; spinach:100g; cream sauce:75g; oil:10g,"air fryer, stovetop, slow cooker","batch-cooking, meal-prep, quick, air fryer, stovetop, slow cooker",1. Batch cook pork (store for 2–3 meals). 2. Prepare tortilla in bulk. 3. Cook spinach. 4. Combine pork with cream sauce. 5. Serve with tortilla.
936,shrimp_noodles_936,shrimp,noodles,onion,garlic sauce,462,48,40,12,4,2,649,20,quick,shrimp:200g; noodles:150g; onion:100g; garlic sauce:75g; oil:10g,"microwave, oven, slow cooker","batch-cooking, meal-prep, quick, microwave, oven, slow cooker",1. Batch cook shrimp (store for 2–3 meals). 2. Prepare noodles in bulk. 3. Cook onion. 4. Combine shrimp with garlic sauce. 5. Serve with noodles.
937,pork_pasta_937,pork,pasta,broccoli,garlic sauce,708,54,38,38,4,2,394,11,quick,pork:200g; pasta:150g; broccoli:100g; garlic sauce:75g; oil:10g,slow cooker,"batch-cooking, meal-prep, quick, slow cooker",1. Batch cook pork (store for 2–3 meals). 2. Prepare pasta in bulk. 3. Cook broccoli. 4. Combine pork with garlic sauce. 5. Serve with pasta.
938,turkey_quinoa_938,turkey,quinoa,spinach,teriyaki,508,64,32,14,3,2,572,25,quick,turkey:200g; quinoa:150g; spinach:100g; teriyaki:75g; oil:10g,"microwave, stovetop, slow cooker","batch-cooking, meal-prep, quick, microwave, stovetop, slow cooker",1. Batch cook turkey (store for 2–3 meals). 2. Prepare quinoa in bulk. 3. Cook spinach. 4. Combine turkey with teriyaki. 5. Serve with quinoa.
939,tofu_noodles_939,tofu,noodles,green beans,teriyaki,406,16,40,20,4,2,457,35,balanced,tofu:200g; noodles:150g; green beans:100g; teriyaki:75g; oil:10g,stovetop,"batch-cooking, meal-prep, balanced, stovetop",1. Batch cook tofu (store for 2–3 meals). 2. Prepare noodles in bulk. 3. Cook green beans. 4. Combine tofu with teriyaki. 5. Serve with noodles.
940,shrimp_quinoa_940,shrimp,quinoa,green beans,tomato sauce,450,54,32,12,3,2,535,70,weekend,shrimp:200g; quinoa:150g; green beans:100g; tomato sauce:75g; oil:10g,"air fryer, microwave, stovetop","batch-cooking, meal-prep, weekend, air fryer, microwave, stovetop",1. Batch cook shrimp (store for 2–3 meals). 2. Marinate the shrimp for better flavor. 3. Prepare quinoa in bulk. 4. Cook green beans. 5. Combine shrimp with tomato sauce. 6. Serve with quinoa. 7. Plate carefully and add garnish.
941,turkey_tortilla_941,turkey,tortilla,green beans,soy sauce,658,58,75,14,8,4,481,20,quick,turkey:200g; tortilla:150g; green beans:100g; soy sauce:75g; oil:10g,air fryer,"batch-cooking, meal-prep, quick, air fryer",1. Batch cook turkey (store for 2–3 meals). 2. Prepare tortilla in bulk. 3. Cook green beans. 4. Combine turkey with soy sauce. 5. Serve with tortilla.
942,chicken_noodles_942,chicken,noodles,carrots,garlic sauce,572,62,40,18,4,2,757,42,balanced,chicken:200g; noodles:150g; carrots:100g; garlic sauce:75g; oil:10g,oven,"batch-cooking, meal-prep, balanced, oven",1. Batch cook chicken (store for 2–3 meals). 2. Prepare noodles in bulk. 3. Cook carrots. 4. Combine chicken with garlic sauce. 5. Serve with noodles.
943,shrimp_tortilla_943,shrimp,tortilla,peppers,tomato sauce,600,48,75,12,8,4,420,19,quick,shrimp:200g; tortilla:150g; peppers:100g; tomato sauce:75g; oil:10g,stovetop,"batch-cooking, meal-prep, quick, stovetop",1. Batch cook shrimp (store for 2–3 meals). 2. Prepare tortilla in bulk. 3. Cook peppers. 4. Combine shrimp with tomato sauce. 5. Serve with tortilla.
944,chicken_potatoes_944,chicken,potatoes,green beans,garlic sauce,512,62,26,18,3,1,391,25,quick,chicken:200g; potatoes:150g; green beans:100g; garlic sauce:75g; oil:10g,stovetop,"batch-cooking, meal-prep, quick, stovetop",1. Batch cook chicken (store for 2–3 meals). 2. Prepare potatoes in bulk. 3. Cook green beans. 4. Combine chicken with garlic sauce. 5. Serve with potatoes.
945,shrimp_pasta_945,shrimp,pasta,carrots,teriyaki,450,48,38,12,4,2,729,18,quick,shrimp:200g; pasta:150g; carrots:100g; teriyaki:75g; oil:10g,microwave,"batch-cooking, meal-prep, quick, microwave",1. Batch cook shrimp (store for 2–3 meals). 2. Prepare pasta in bulk. 3. Cook carrots. 4. Combine shrimp with teriyaki. 5. Serve with pasta.
946,pork_potatoes_946,pork,potatoes,broccoli,pesto,660,54,26,38,3,1,560,17,quick,pork:200g; potatoes:150g; broccoli:100g; pesto:75g; oil:10g,"microwave, stovetop, slow cooker","batch-cooking, meal-prep, quick, microwave, stovetop, slow cooker",1. Batch cook pork (store for 2–3 meals). 2. Prepare potatoes in bulk. 3. Cook broccoli. 4. Combine pork with pesto. 5. Serve with potatoes.
947,shrimp_pasta_947,shrimp,pasta,broccoli,cream sauce,450,48,38,12,4,2,720,85,weekend,shrimp:200g; pasta:150g; broccoli:100g; cream sauce:75g; oil:10g,slow cooker,"batch-cooking, meal-prep, weekend, slow cooker",1. Batch cook shrimp (store for 2–3 meals). 2. Marinate the shrimp for better flavor. 3. Prepare pasta in bulk. 4. Cook broccoli. 5. Combine shrimp with cream sauce. 6. Serve with pasta. 7. Plate carefully and add garnish.
948,lentils_noodles_948,lentils,noodles,zucchini,soy sauce,484,18,80,10,8,4,463,79,weekend,lentils:200g; noodles:150g; zucchini:100g; soy sauce:75g; oil:10g,oven,"batch-cooking, meal-prep, weekend, oven",1. Batch cook lentils (store for 2–3 meals). 2. Marinate the lentils for better flavor. 3. Prepare noodles in bulk. 4. Cook zucchini. 5. Combine lentils with soy sauce. 6. Serve with noodles. 7. Plate carefully and add garnish.
949,tofu_tortilla_949,tofu,tortilla,spinach,garlic sauce,544,16,75,20,8,4,729,33,balanced,tofu:200g; tortilla:150g; spinach:100g; garlic sauce:75g; oil:10g,"stovetop, oven","batch-cooking, meal-prep, balanced, stovetop, oven",1. Batch cook tofu (store for 2–3 meals). 2. Prepare tortilla in bulk. 3. Cook spinach. 4. Combine tofu with garlic sauce. 5. Serve with tortilla.
950,lentils_potatoes_950,lentils,potatoes,onion,teriyaki,424,18,66,10,7,3,415,25,quick,lentils:200g; potatoes:150g; onion:100g; teriyaki:75g; oil:10g,"air fryer, microwave, stovetop","batch-cooking, meal-prep, quick, air fryer, microwave, stovetop",1. Batch cook lentils (store for 2–3 meals). 2. Prepare potatoes in bulk. 3. Cook onion. 4. Combine lentils with teriyaki. 5. Serve with potatoes.
951,salmon_noodles_951,salmon,noodles,zucchini,soy sauce,686,50,40,36,4,2,453,10,quick,salmon:200g; noodles:150g; zucchini:100g; soy sauce:75g; oil:10g,"air fryer, slow cooker","batch-cooking, meal-prep, quick, air fryer, slow cooker",1. Batch cook salmon (store for 2–3 meals). 2. Prepare noodles in bulk. 3. Cook zucchini. 4. Combine salmon with soy sauce. 5. Serve with noodles.
952,pork_pasta_952,pork,pasta,onion,pesto,708,54,38,38,4,2,563,17,quick,pork:200g; pasta:150g; onion:100g; pesto:75g; oil:10g,oven,"batch-cooking, meal-prep, quick, oven",1. Batch cook pork (store for 2–3 meals). 2. Prepare pasta in bulk. 3. Cook onion. 4. Combine pork with pesto. 5. Serve with pasta.
953,tofu_tortilla_953,tofu,tortilla,broccoli,garlic sauce,544,16,75,20,8,4,607,59,weekend,tofu:200g; tortilla:150g; broccoli:100g; garlic sauce:75g; oil:10g,"air fryer, microwave, slow cooker","batch-cooking, meal-prep, weekend, air fryer, microwave, slow cooker",1. Batch cook tofu (store for 2–3 meals). 2. Marinate the tofu for better flavor. 3. Prepare tortilla in bulk. 4. Cook broccoli. 5. Combine tofu with garlic sauce. 6. Serve with tortilla. 7. Plate carefully and add garnish.
954,beef_potatoes_954,beef,potatoes,spinach,tomato sauce,670,52,26,40,3,1,376,11,quick,beef:200g; potatoes:150g; spinach:100g; tomato sauce:75g; oil:10g,"microwave, stovetop, slow cooker","batch-cooking, meal-prep, quick, microwave, stovetop, slow cooker",1. Batch cook beef (store for 2–3 meals). 2. Prepare potatoes in bulk. 3. Cook spinach. 4. Combine beef with tomato sauce. 5. Serve with potatoes.
955,shrimp_pasta_955,shrimp,pasta,peppers,garlic sauce,450,48,38,12,4,2,776,25,quick,shrimp:200g; pasta:150g; peppers:100g; garlic sauce:75g; oil:10g,"air fryer, oven","batch-cooking, meal-prep, quick, air fryer, oven",1. Batch cook shrimp (store for 2–3 meals). 2. Prepare pasta in bulk. 3. Cook peppers. 4. Combine shrimp with garlic sauce. 5. Serve with pasta.
956,beef_pasta_956,beef,pasta,spinach,teriyaki,718,52,38,40,4,2,746,45,balanced,beef:200g; pasta:150g; spinach:100g; teriyaki:75g; oil:10g,"microwave, oven, slow cooker","batch-cooking, meal-prep, balanced, microwave, oven, slow cooker",1. Batch cook beef (store for 2–3 meals). 2. Prepare pasta in bulk. 3. Cook spinach. 4. Combine beef with teriyaki. 5. Serve with pasta.
957,salmon_quinoa_957,salmon,quinoa,onion,garlic sauce,674,56,32,36,3,2,704,66,weekend,salmon:200g; quinoa:150g; onion:100g; garlic sauce:75g; oil:10g,"air fryer, stovetop, slow cooker","batch-cooking, meal-prep, weekend, air fryer, stovetop, slow cooker",1. Batch cook salmon (store for 2–3 meals). 2. Marinate the salmon for better flavor. 3. Prepare quinoa in bulk. 4. Cook onion. 5. Combine salmon with garlic sauce. 6. Serve with quinoa. 7. Plate carefully and add garnish.
958,salmon_quinoa_958,salmon,quinoa,peppers,garlic sauce,674,56,32,36,3,2,583,87,weekend,salmon:200g; quinoa:150g; peppers:100g; garlic sauce:75g; oil:10g,"air fryer, oven","batch-cooking, meal-prep, weekend, air fryer, oven",1. Batch cook salmon (store for 2–3 meals). 2. Marinate the salmon for better flavor. 3. Prepare quinoa in bulk. 4. Cook peppers. 5. Combine salmon with garlic sauce. 6. Serve with quinoa. 7. Plate carefully and add garnish.
959,beef_rice_959,beef,rice,carrots,garlic sauce,736,52,42,40,4,2,424,44,balanced,beef:200g; rice:150g; carrots:100g; garlic sauce:75g; oil:10g,stovetop,"batch-cooking, meal-prep, balanced, stovetop",1. Batch cook beef (store for 2–3 meals). 2. Prepare rice in bulk. 3. Cook carrots. 4. Combine beef with garlic sauce. 5. Serve with rice.
960,salmon_noodles_960,salmon,noodles,onion,cream sauce,686,50,40,36,4,2,341,16,quick,salmon:200g; noodles:150g; onion:100g; cream sauce:75g; oil:10g,"air fryer, slow cooker","batch-cooking, meal-prep, quick, air fryer, slow cooker",1. Batch cook salmon (store for 2–3 meals). 2. Prepare noodles in bulk. 3. Cook onion. 4. Combine salmon with cream sauce. 5. Serve with noodles.
961,chicken_potatoes_961,chicken,potatoes,broccoli,soy sauce,512,62,26,18,3,1,767,39,balanced,chicken:200g; potatoes:150g; broccoli:100g; soy sauce:75g; oil:10g,"air fryer, microwave","batch-cooking, meal-prep, balanced, air fryer, microwave",1. Batch cook chicken (store for 2–3 meals). 2. Prepare potatoes in bulk. 3. Cook broccoli. 4. Combine chicken with soy sauce. 5. Serve with potatoes.
962,chicken_potatoes_962,chicken,potatoes,green beans,cream sauce,512,62,26,18,3,1,674,77,weekend,chicken:200g; potatoes:150g; green beans:100g; cream sauce:75g; oil:10g,"stovetop, oven, slow cooker","batch-cooking, meal-prep, weekend, stovetop, oven, slow cooker",1. Batch cook chicken (store for 2–3 meals). 2. Marinate the chicken for better flavor. 3. Prepare potatoes in bulk. 4. Cook green beans. 5. Combine chicken with cream sauce. 6. Serve with potatoes. 7. Plate carefully and add garnish.
963,pork_quinoa_963,pork,quinoa,carrots,tomato sauce,708,60,32,38,3,2,771,72,weekend,pork:200g; quinoa:150g; carrots:100g; tomato sauce:75g; oil:10g,"air fryer, microwave, slow cooker","batch-cooking, meal-prep, weekend, air fryer, microwave, slow cooker",1. Batch cook pork (store for 2–3 meals). 2. Marinate the pork for better flavor. 3. Prepare quinoa in bulk. 4. Cook carrots. 5. Combine pork with tomato sauce. 6. Serve with quinoa. 7. Plate carefully and add garnish.
964,chicken_pasta_964,chicken,pasta,peppers,garlic sauce,560,62,38,18,4,2,494,23,quick,chicken:200g; pasta:150g; peppers:100g; garlic sauce:75g; oil:10g,"air fryer, microwave","batch-cooking, meal-prep, quick, air fryer, microwave",1. Batch cook chicken (store for 2–3 meals). 2. Prepare pasta in bulk. 3. Cook peppers. 4. Combine chicken with garlic sauce. 5. Serve with pasta.
965,chicken_potatoes_965,chicken,potatoes,zucchini,tomato sauce,512,62,26,18,3,1,390,82,weekend,chicken:200g; potatoes:150g; zucchini:100g; tomato sauce:75g; oil:10g,stovetop,"batch-cooking, meal-prep, weekend, stovetop",1. Batch cook chicken (store for 2–3 meals). 2. Marinate the chicken for better flavor. 3. Prepare potatoes in bulk. 4. Cook zucchini. 5. Combine chicken with tomato sauce. 6. Serve with potatoes. 7. Plate carefully and add garnish.
966,beef_pasta_966,beef,pasta,spinach,pesto,718,52,38,40,4,2,517,29,balanced,beef:200g; pasta:150g; spinach:100g; pesto:75g; oil:10g,"stovetop, oven","batch-cooking, meal-prep, balanced, stovetop, oven",1. Batch cook beef (store for 2–3 meals). 2. Prepare pasta in bulk. 3. Cook spinach. 4. Combine beef with pesto. 5. Serve with pasta.
967,turkey_quinoa_967,turkey,quinoa,onion,garlic sauce,508,64,32,14,3,2,339,15,quick,turkey:200g; quinoa:150g; onion:100g; garlic sauce:75g; oil:10g,"air fryer, microwave","batch-cooking, meal-prep, quick, air fryer, microwave",1. Batch cook turkey (store for 2–3 meals). 2. Prepare quinoa in bulk. 3. Cook onion. 4. Combine turkey with garlic sauce. 5. Serve with quinoa.
968,tofu_pasta_968,tofu,pasta,peppers,pesto,394,16,38,20,4,2,348,15,quick,tofu:200g; pasta:150g; peppers:100g; pesto:75g; oil:10g,"air fryer, oven, slow cooker","batch-cooking, meal-prep, quick, air fryer, oven, slow cooker",1. Batch cook tofu (store for 2–3 meals). 2. Prepare pasta in bulk. 3. Cook peppers. 4. Combine tofu with pesto. 5. Serve with pasta.
969,beef_quinoa_969,beef,quinoa,broccoli,tomato sauce,718,58,32,40,3,2,595,36,balanced,beef:200g; quinoa:150g; broccoli:100g; tomato sauce:75g; oil:10g,"microwave, stovetop, oven","batch-cooking, meal-prep, balanced, microwave, stovetop, oven",1. Batch cook beef (store for 2–3 meals). 2. Prepare quinoa in bulk. 3. Cook broccoli. 4. Combine beef with tomato sauce. 5. Serve with quinoa.
970,chicken_rice_970,chicken,rice,carrots,tomato sauce,578,62,42,18,4,2,516,34,balanced,chicken:200g; rice:150g; carrots:100g; tomato sauce:75g; oil:10g,"microwave, stovetop","batch-cooking, meal-prep, balanced, microwave, stovetop",1. Batch cook chicken (store for 2–3 meals). 2. Prepare rice in bulk. 3. Cook carrots. 4. Combine chicken with tomato sauce. 5. Serve with rice.
971,pork_quinoa_971,pork,quinoa,broccoli,teriyaki,708,60,32,38,3,2,397,20,quick,pork:200g; quinoa:150g; broccoli:100g; teriyaki:75g; oil:10g,"oven, slow cooker","batch-cooking, meal-prep, quick, oven, slow cooker",1. Batch cook pork (store for 2–3 meals). 2. Prepare quinoa in bulk. 3. Cook broccoli. 4. Combine pork with teriyaki. 5. Serve with quinoa.
972,salmon_quinoa_972,salmon,quinoa,spinach,pesto,674,56,32,36,3,2,749,23,quick,salmon:200g; quinoa:150g; spinach:100g; pesto:75g; oil:10g,"air fryer, oven","batch-cooking, meal-prep, quick, air fryer, oven",1. Batch cook salmon (store for 2–3 meals). 2. Prepare quinoa in bulk. 3. Cook spinach. 4. Combine salmon with pesto. 5. Serve with quinoa.
973,salmon_noodles_973,salmon,noodles,green beans,tomato sauce,686,50,40,36,4,2,402,25,quick,salmon:200g; noodles:150g; green beans:100g; tomato sauce:75g; oil:10g,"air fryer, stovetop","batch-cooking, meal-prep, quick, air fryer, stovetop",1. Batch cook salmon (store for 2–3 meals). 2. Prepare noodles in bulk. 3. Cook green beans. 4. Combine salmon with tomato sauce. 5. Serve with noodles.
974,lentils_quinoa_974,lentils,quinoa,carrots,soy sauce,472,24,72,10,7,4,360,79,weekend,lentils:200g; quinoa:150g; carrots:100g; soy sauce:75g; oil:10g,"air fryer, stovetop, slow cooker","batch-cooking, meal-prep, weekend, air fryer, stovetop, slow cooker",1. Batch cook lentils (store for 2–3 meals). 2. Marinate the lentils for better flavor. 3. Prepare quinoa in bulk. 4. Cook carrots. 5. Combine lentils with soy sauce. 6. Serve with quinoa. 7. Plate carefully and add garnish.
975,chicken_rice_975,chicken,rice,spinach,cream sauce,578,62,42,18,4,2,420,62,weekend,chicken:200g; rice:150g; spinach:100g; cream sauce:75g; oil:10g,"microwave, stovetop","batch-cooking, meal-prep, weekend, microwave, stovetop",1. Batch cook chicken (store for 2–3 meals). 2. Marinate the chicken for better flavor. 3. Prepare rice in bulk. 4. Cook spinach. 5. Combine chicken with cream sauce. 6. Serve with rice. 7. Plate carefully and add garnish.
976,lentils_tortilla_976,lentils,tortilla,onion,tomato sauce,622,18,115,10,12,6,599,24,quick,lentils:200g; tortilla:150g; onion:100g; tomato sauce:75g; oil:10g,air fryer,"batch-cooking, meal-prep, quick, air fryer",1. Batch cook lentils (store for 2–3 meals). 2. Prepare tortilla in bulk. 3. Cook onion. 4. Combine lentils with tomato sauce. 5. Serve with tortilla.
977,lentils_potatoes_977,lentils,potatoes,carrots,garlic sauce,424,18,66,10,7,3,516,23,quick,lentils:200g; potatoes:150g; carrots:100g; garlic sauce:75g; oil:10g,"microwave, slow cooker","batch-cooking, meal-prep, quick, microwave, slow cooker",1. Batch cook lentils (store for 2–3 meals). 2. Prepare potatoes in bulk. 3. Cook carrots. 4. Combine lentils with garlic sauce. 5. Serve with potatoes.
978,tofu_potatoes_978,tofu,potatoes,peppers,teriyaki,346,16,26,20,3,1,496,37,balanced,tofu:200g; potatoes:150g; peppers:100g; teriyaki:75g; oil:10g,"air fryer, microwave, stovetop","batch-cooking, meal-prep, balanced, air fryer, microwave, stovetop",1. Batch cook tofu (store for 2–3 meals). 2. Prepare potatoes in bulk. 3. Cook peppers. 4. Combine tofu with teriyaki. 5. Serve with potatoes.
979,tofu_tortilla_979,tofu,tortilla,spinach,soy sauce,544,16,75,20,8,4,782,21,quick,tofu:200g; tortilla:150g; spinach:100g; soy sauce:75g; oil:10g,oven,"batch-cooking, meal-prep, quick, oven",1. Batch cook tofu (store for 2–3 meals). 2. Prepare tortilla in bulk. 3. Cook spinach. 4. Combine tofu with soy sauce. 5. Serve with tortilla.
980,salmon_noodles_980,salmon,noodles,green beans,tomato sauce,686,50,40,36,4,2,564,31,balanced,salmon:200g; noodles:150g; green beans:100g; tomato sauce:75g; oil:10g,"air fryer, stovetop, oven","batch-cooking, meal-prep, balanced, air fryer, stovetop, oven",1. Batch cook salmon (store for 2–3 meals). 2. Prepare noodles in bulk. 3. Cook green beans. 4. Combine salmon with tomato sauce. 5. Serve with noodles.
981,tofu_tortilla_981,tofu,tortilla,broccoli,pesto,544,16,75,20,8,4,348,24,quick,tofu:200g; tortilla:150g; broccoli:100g; pesto:75g; oil:10g,"air fryer, microwave, oven","batch-cooking, meal-prep, quick, air fryer, microwave, oven",1. Batch cook tofu (store for 2–3 meals). 2. Prepare tortilla in bulk. 3. Cook broccoli. 4. Combine tofu with pesto. 5. Serve with tortilla.
982,pork_noodles_982,pork,noodles,broccoli,tomato sauce,720,54,40,38,4,2,336,56,weekend,pork:200g; noodles:150g; broccoli:100g; tomato sauce:75g; oil:10g,"air fryer, stovetop, slow cooker","batch-cooking, meal-prep, weekend, air fryer, stovetop, slow cooker",1. Batch cook pork (store for 2–3 meals). 2. Marinate the pork for better flavor. 3. Prepare noodles in bulk. 4. Cook broccoli. 5. Combine pork with tomato sauce. 6. Serve with noodles. 7. Plate carefully and add garnish.
983,beef_quinoa_983,beef,quinoa,zucchini,cream sauce,718,58,32,40,3,2,382,22,quick,beef:200g; quinoa:150g; zucchini:100g; cream sauce:75g; oil:10g,air fryer,"batch-cooking, meal-prep, quick, air fryer",1. Batch cook beef (store for 2–3 meals). 2. Prepare quinoa in bulk. 3. Cook zucchini. 4. Combine beef with cream sauce. 5. Serve with quinoa.
984,shrimp_potatoes_984,shrimp,potatoes,spinach,garlic sauce,402,48,26,12,3,1,648,89,weekend,shrimp:200g; potatoes:150g; spinach:100g; garlic sauce:75g; oil:10g,"microwave, slow cooker","batch-cooking, meal-prep, weekend, microwave, slow cooker",1. Batch cook shrimp (store for 2–3 meals). 2. Marinate the shrimp for better flavor. 3. Prepare potatoes in bulk. 4. Cook spinach. 5. Combine shrimp with garlic sauce. 6. Serve with potatoes. 7. Plate carefully and add garnish.
985,beef_tortilla_985,beef,tortilla,zucchini,garlic sauce,868,52,75,40,8,4,771,13,quick,beef:200g; tortilla:150g; zucchini:100g; garlic sauce:75g; oil:10g,"microwave, stovetop","batch-cooking, meal-prep, quick, microwave, stovetop",1. Batch cook beef (store for 2–3 meals). 2. Prepare tortilla in bulk. 3. Cook zucchini. 4. Combine beef with garlic sauce. 5. Serve with tortilla.
986,chicken_tortilla_986,chicken,tortilla,onion,tomato sauce,710,62,75,18,8,4,616,88,weekend,chicken:200g; tortilla:150g; onion:100g; tomato sauce:75g; oil:10g,"microwave, stovetop","batch-cooking, meal-prep, weekend, microwave, stovetop",1. Batch cook chicken (store for 2–3 meals). 2. Marinate the chicken for better flavor. 3. Prepare tortilla in bulk. 4. Cook onion. 5. Combine chicken with tomato sauce. 6. Serve with tortilla. 7. Plate carefully and add garnish.
987,pork_rice_987,pork,rice,green beans,pesto,726,54,42,38,4,2,710,15,quick,pork:200g; rice:150g; green beans:100g; pesto:75g; oil:10g,"air fryer, stovetop","batch-cooking, meal-prep, quick, air fryer, stovetop",1. Batch cook pork (store for 2–3 meals). 2. Prepare rice in bulk. 3. Cook green beans. 4. Combine pork with pesto. 5. Serve with rice.
988,chicken_rice_988,chicken,rice,peppers,cream sauce,578,62,42,18,4,2,713,67,weekend,chicken:200g; rice:150g; peppers:100g; cream sauce:75g; oil:10g,"air fryer, microwave, slow cooker","batch-cooking, meal-prep, weekend, air fryer, microwave, slow cooker",1. Batch cook chicken (store for 2–3 meals). 2. Marinate the chicken for better flavor. 3. Prepare rice in bulk. 4. Cook peppers. 5. Combine chicken with cream sauce. 6. Serve with rice. 7. Plate carefully and add garnish.
989,beef_tortilla_989,beef,tortilla,green beans,soy sauce,868,52,75,40,8,4,409,17,quick,beef:200g; tortilla:150g; green beans:100g; soy sauce:75g; oil:10g,slow cooker,"batch-cooking, meal-prep, quick, slow cooker",1. Batch cook beef (store for 2–3 meals). 2. Prepare tortilla in bulk. 3. Cook green beans. 4. Combine beef with soy sauce. 5. Serve with tortilla.
990,chicken_quinoa_990,chicken,quinoa,onion,soy sauce,560,68,32,18,3,2,344,10,quick,chicken:200g; quinoa:150g; onion:100g; soy sauce:75g; oil:10g,"microwave, stovetop, oven","batch-cooking, meal-prep, quick, microwave, stovetop, oven",1. Batch cook chicken (store for 2–3 meals). 2. Prepare quinoa in bulk. 3. Cook onion. 4. Combine chicken with soy sauce. 5. Serve with quinoa.
991,chicken_tortilla_991,chicken,tortilla,onion,teriyaki,710,62,75,18,8,4,344,43,balanced,chicken:200g; tortilla:150g; onion:100g; teriyaki:75g; oil:10g,"stovetop, slow cooker","batch-cooking, meal-prep, balanced, stovetop, slow cooker",1. Batch cook chicken (store for 2–3 meals). 2. Prepare tortilla in bulk. 3. Cook onion. 4. Combine chicken with teriyaki. 5. Serve with tortilla.
992,beef_noodles_992,beef,noodles,onion,teriyaki,730,52,40,40,4,2,441,17,quick,beef:200g; noodles:150g; onion:100g; teriyaki:75g; oil:10g,"air fryer, stovetop, slow cooker","batch-cooking, meal-prep, quick, air fryer, stovetop, slow cooker",1. Batch cook beef (store for 2–3 meals). 2. Prepare noodles in bulk. 3. Cook onion. 4. Combine beef with teriyaki. 5. Serve with noodles.
993,beef_noodles_993,beef,noodles,broccoli,pesto,730,52,40,40,4,2,305,82,weekend,beef:200g; noodles:150g; broccoli:100g; pesto:75g; oil:10g,"air fryer, stovetop","batch-cooking, meal-prep, weekend, air fryer, stovetop",1. Batch cook beef (store for 2–3 meals). 2. Marinate the beef for better flavor. 3. Prepare noodles in bulk. 4. Cook broccoli. 5. Combine beef with pesto. 6. Serve with noodles. 7. Plate carefully and add garnish.
994,turkey_pasta_994,turkey,pasta,peppers,pesto,508,58,38,14,4,2,545,58,weekend,turkey:200g; pasta:150g; peppers:100g; pesto:75g; oil:10g,"stovetop, slow cooker","batch-cooking, meal-prep, weekend, stovetop, slow cooker",1. Batch cook turkey (store for 2–3 meals). 2. Marinate the turkey for better flavor. 3. Prepare pasta in bulk. 4. Cook peppers. 5. Combine turkey with pesto. 6. Serve with pasta. 7. Plate carefully and add garnish.
995,tofu_potatoes_995,tofu,potatoes,peppers,tomato sauce,346,16,26,20,3,1,415,30,balanced,tofu:200g; potatoes:150g; peppers:100g; tomato sauce:75g; oil:10g,"microwave, stovetop, oven","batch-cooking, meal-prep, balanced, microwave, stovetop, oven",1. Batch cook tofu (store for 2–3 meals). 2. Prepare potatoes in bulk. 3. Cook peppers. 4. Combine tofu with tomato sauce. 5. Serve with potatoes.
996,pork_pasta_996,pork,pasta,green beans,cream sauce,708,54,38,38,4,2,352,14,quick,pork:200g; pasta:150g; green beans:100g; cream sauce:75g; oil:10g,"microwave, stovetop","batch-cooking, meal-prep, quick, microwave, stovetop",1. Batch cook pork (store for 2–3 meals). 2. Prepare pasta in bulk. 3. Cook green beans. 4. Combine pork with cream sauce. 5. Serve with pasta.
997,beef_quinoa_997,beef,quinoa,green beans,tomato sauce,718,58,32,40,3,2,695,35,balanced,beef:200g; quinoa:150g; green beans:100g; tomato sauce:75g; oil:10g,microwave,"batch-cooking, meal-prep, balanced, microwave",1. Batch cook beef (store for 2–3 meals). 2. Prepare quinoa in bulk. 3. Cook green beans. 4. Combine beef with tomato sauce. 5. Serve with quinoa.
998,turkey_tortilla_998,turkey,tortilla,onion,cream sauce,658,58,75,14,8,4,786,17,quick,turkey:200g; tortilla:150g; onion:100g; cream sauce:75g; oil:10g,slow cooker,"batch-cooking, meal-prep, quick, slow cooker",1. Batch cook turkey (store for 2–3 meals). 2. Prepare tortilla in bulk. 3. Cook onion. 4. Combine turkey with cream sauce. 5. Serve with tortilla.
999,chicken_rice_999,chicken,rice,spinach,pesto,578,62,42,18,4,2,593,65,weekend,chicken:200g; rice:150g; spinach:100g; pesto:75g; oil:10g,"stovetop, oven, slow cooker","batch-cooking, meal-prep, weekend, stovetop, oven, slow cooker",1. Batch cook chicken (store for 2–3 meals). 2. Marinate the chicken for better flavor. 3. Prepare rice in bulk. 4. Cook spinach. 5. Combine chicken with pesto. 6. Serve with rice. 7. Plate carefully and add garnish.
1000,pork_potatoes_1000,pork,potatoes,broccoli,tomato sauce,660,54,26,38,3,1,304,18,quick,pork:200g; potatoes:150g; broccoli:100g; tomato sauce:75g; oil:10g,"air fryer, slow cooker","batch-cooking, meal-prep, quick, air fryer, slow cooker",1. Batch cook pork (store for 2–3 meals). 2. Prepare potatoes in bulk. 3. Cook broccoli. 4. Combine pork with tomato sauce. 5. Serve with potatoes.
