id,name,protein,carb,vegetable,sauce,calories,protein_g,carbs_g,fat_g,prep_time_min,difficulty,instructions
1,chicken_rice_meal_1,chicken,rice,broccoli,pesto,542,26,93,16,27,hard,1. Prepare the chicken by cutting and seasoning it. 2. Cook the rice according to package instructions. 3. Chop the peppers. 4. Heat a pan and cook the chicken until done. 5. Add the peppers and cook until tender. 6. Stir in the garlic sauce and mix well. 7. Combine with the rice and serve.
2,chicken_rice_meal_2,chicken,rice,green beans,garlic sauce,549,31,84,29,57,medium,1. Prepare the chicken by cutting and seasoning it. 2. Cook the rice according to package instructions. 3. Chop the broccoli. 4. Heat a pan and cook the chicken until done. 5. Add the broccoli and cook until tender. 6. Stir in the soy sauce and mix well. 7. Combine with the rice and serve.
3,chicken_pasta_meal_1,chicken,pasta,spinach,soy sauce,856,58,58,33,49,easy,1. Prepare the chicken by cutting and seasoning it. 2. Cook the pasta according to package instructions. 3. Chop the carrots. 4. Heat a pan and cook the chicken until done. 5. Add the carrots and cook until tender. 6. Stir in the garlic sauce and mix well. 7. Combine with the pasta and serve.
4,chicken_pasta_meal_2,chicken,pasta,broccoli,soy sauce,444,53,94,34,58,medium,1. Prepare the chicken by cutting and seasoning it. 2. Cook the pasta according to package instructions. 3. Chop the green beans. 4. Heat a pan and cook the chicken until done. 5. Add the green beans and cook until tender. 6. Stir in the soy sauce and mix well. 7. Combine with the pasta and serve.
5,chicken_potatoes_meal_1,chicken,potatoes,peppers,teriyaki,693,23,56,16,31,hard,1. Prepare the chicken by cutting and seasoning it. 2. Cook the potatoes according to package instructions. 3. Chop the spinach. 4. Heat a pan and cook the chicken until done. 5. Add the spinach and cook until tender. 6. Stir in the tomato sauce and mix well. 7. Combine with the potatoes and serve.
6,chicken_potatoes_meal_2,chicken,potatoes,zucchini,pesto,472,46,43,34,43,hard,1. Prepare the chicken by cutting and seasoning it. 2. Cook the potatoes according to package instructions. 3. Chop the green beans. 4. Heat a pan and cook the chicken until done. 5. Add the green beans and cook until tender. 6. Stir in the teriyaki and mix well. 7. Combine with the potatoes and serve.
7,chicken_quinoa_meal_1,chicken,quinoa,green beans,pesto,428,22,94,11,50,easy,1. Prepare the chicken by cutting and seasoning it. 2. Cook the quinoa according to package instructions. 3. Chop the peppers. 4. Heat a pan and cook the chicken until done. 5. Add the peppers and cook until tender. 6. Stir in the tomato sauce and mix well. 7. Combine with the quinoa and serve.
8,chicken_quinoa_meal_2,chicken,quinoa,broccoli,tomato sauce,745,49,91,17,25,medium,1. Prepare the chicken by cutting and seasoning it. 2. Cook the quinoa according to package instructions. 3. Chop the broccoli. 4. Heat a pan and cook the chicken until done. 5. Add the broccoli and cook until tender. 6. Stir in the garlic sauce and mix well. 7. Combine with the quinoa and serve.
9,chicken_noodles_meal_1,chicken,noodles,green beans,teriyaki,844,51,92,19,19,easy,1. Prepare the chicken by cutting and seasoning it. 2. Cook the noodles according to package instructions. 3. Chop the broccoli. 4. Heat a pan and cook the chicken until done. 5. Add the broccoli and cook until tender. 6. Stir in the cream sauce and mix well. 7. Combine with the noodles and serve.
10,chicken_noodles_meal_2,chicken,noodles,spinach,tomato sauce,649,55,60,25,26,easy,1. Prepare the chicken by cutting and seasoning it. 2. Cook the noodles according to package instructions. 3. Chop the broccoli. 4. Heat a pan and cook the chicken until done. 5. Add the broccoli and cook until tender. 6. Stir in the soy sauce and mix well. 7. Combine with the noodles and serve.
11,beef_rice_meal_1,beef,rice,green beans,garlic sauce,750,39,51,31,22,easy,1. Prepare the beef by cutting and seasoning it. 2. Cook the rice according to package instructions. 3. Chop the green beans. 4. Heat a pan and cook the beef until done. 5. Add the green beans and cook until tender. 6. Stir in the pesto and mix well. 7. Combine with the rice and serve.
12,beef_rice_meal_2,beef,rice,spinach,tomato sauce,458,32,61,12,52,medium,1. Prepare the beef by cutting and seasoning it. 2. Cook the rice according to package instructions. 3. Chop the carrots. 4. Heat a pan and cook the beef until done. 5. Add the carrots and cook until tender. 6. Stir in the teriyaki and mix well. 7. Combine with the rice and serve.
13,beef_pasta_meal_1,beef,pasta,peppers,cream sauce,770,22,52,31,49,medium,1. Prepare the beef by cutting and seasoning it. 2. Cook the pasta according to package instructions. 3. Chop the zucchini. 4. Heat a pan and cook the beef until done. 5. Add the zucchini and cook until tender. 6. Stir in the cream sauce and mix well. 7. Combine with the pasta and serve.
14,beef_pasta_meal_2,beef,pasta,spinach,pesto,482,40,60,21,43,easy,1. Prepare the beef by cutting and seasoning it. 2. Cook the pasta according to package instructions. 3. Chop the zucchini. 4. Heat a pan and cook the beef until done. 5. Add the zucchini and cook until tender. 6. Stir in the tomato sauce and mix well. 7. Combine with the pasta and serve.
15,beef_potatoes_meal_1,beef,potatoes,carrots,garlic sauce,506,51,49,19,23,easy,1. Prepare the beef by cutting and seasoning it. 2. Cook the potatoes according to package instructions. 3. Chop the spinach. 4. Heat a pan and cook the beef until done. 5. Add the spinach and cook until tender. 6. Stir in the tomato sauce and mix well. 7. Combine with the potatoes and serve.
16,beef_potatoes_meal_2,beef,potatoes,peppers,teriyaki,656,42,95,32,53,hard,1. Prepare the beef by cutting and seasoning it. 2. Cook the potatoes according to package instructions. 3. Chop the carrots. 4. Heat a pan and cook the beef until done. 5. Add the carrots and cook until tender. 6. Stir in the garlic sauce and mix well. 7. Combine with the potatoes and serve.
17,beef_quinoa_meal_1,beef,quinoa,peppers,tomato sauce,575,59,94,12,35,medium,1. Prepare the beef by cutting and seasoning it. 2. Cook the quinoa according to package instructions. 3. Chop the peppers. 4. Heat a pan and cook the beef until done. 5. Add the peppers and cook until tender. 6. Stir in the cream sauce and mix well. 7. Combine with the quinoa and serve.
18,beef_quinoa_meal_2,beef,quinoa,zucchini,soy sauce,670,53,99,30,14,medium,1. Prepare the beef by cutting and seasoning it. 2. Cook the quinoa according to package instructions. 3. Chop the green beans. 4. Heat a pan and cook the beef until done. 5. Add the green beans and cook until tender. 6. Stir in the tomato sauce and mix well. 7. Combine with the quinoa and serve.
19,beef_noodles_meal_1,beef,noodles,broccoli,soy sauce,400,22,47,22,13,hard,1. Prepare the beef by cutting and seasoning it. 2. Cook the noodles according to package instructions. 3. Chop the carrots. 4. Heat a pan and cook the beef until done. 5. Add the carrots and cook until tender. 6. Stir in the soy sauce and mix well. 7. Combine with the noodles and serve.
20,beef_noodles_meal_2,beef,noodles,green beans,soy sauce,507,35,94,32,40,medium,1. Prepare the beef by cutting and seasoning it. 2. Cook the noodles according to package instructions. 3. Chop the peppers. 4. Heat a pan and cook the beef until done. 5. Add the peppers and cook until tender. 6. Stir in the teriyaki and mix well. 7. Combine with the noodles and serve.
21,pork_rice_meal_1,pork,rice,broccoli,cream sauce,683,31,57,12,37,medium,1. Prepare the pork by cutting and seasoning it. 2. Cook the rice according to package instructions. 3. Chop the spinach. 4. Heat a pan and cook the pork until done. 5. Add the spinach and cook until tender. 6. Stir in the soy sauce and mix well. 7. Combine with the rice and serve.
22,pork_rice_meal_2,pork,rice,peppers,soy sauce,898,38,59,21,35,hard,1. Prepare the pork by cutting and seasoning it. 2. Cook the rice according to package instructions. 3. Chop the carrots. 4. Heat a pan and cook the pork until done. 5. Add the carrots and cook until tender. 6. Stir in the tomato sauce and mix well. 7. Combine with the rice and serve.
23,pork_pasta_meal_1,pork,pasta,green beans,teriyaki,582,50,68,34,13,medium,1. Prepare the pork by cutting and seasoning it. 2. Cook the pasta according to package instructions. 3. Chop the green beans. 4. Heat a pan and cook the pork until done. 5. Add the green beans and cook until tender. 6. Stir in the pesto and mix well. 7. Combine with the pasta and serve.
24,pork_pasta_meal_2,pork,pasta,zucchini,teriyaki,845,32,57,13,18,hard,1. Prepare the pork by cutting and seasoning it. 2. Cook the pasta according to package instructions. 3. Chop the carrots. 4. Heat a pan and cook the pork until done. 5. Add the carrots and cook until tender. 6. Stir in the garlic sauce and mix well. 7. Combine with the pasta and serve.
25,pork_potatoes_meal_1,pork,potatoes,peppers,teriyaki,494,53,84,34,37,medium,1. Prepare the pork by cutting and seasoning it. 2. Cook the potatoes according to package instructions. 3. Chop the broccoli. 4. Heat a pan and cook the pork until done. 5. Add the broccoli and cook until tender. 6. Stir in the garlic sauce and mix well. 7. Combine with the potatoes and serve.
26,pork_potatoes_meal_2,pork,potatoes,broccoli,tomato sauce,714,57,62,35,19,easy,1. Prepare the pork by cutting and seasoning it. 2. Cook the potatoes according to package instructions. 3. Chop the peppers. 4. Heat a pan and cook the pork until done. 5. Add the peppers and cook until tender. 6. Stir in the cream sauce and mix well. 7. Combine with the potatoes and serve.
27,pork_quinoa_meal_1,pork,quinoa,spinach,pesto,875,42,52,35,10,easy,1. Prepare the pork by cutting and seasoning it. 2. Cook the quinoa according to package instructions. 3. Chop the spinach. 4. Heat a pan and cook the pork until done. 5. Add the spinach and cook until tender. 6. Stir in the pesto and mix well. 7. Combine with the quinoa and serve.
28,pork_quinoa_meal_2,pork,quinoa,peppers,cream sauce,736,51,53,23,27,medium,1. Prepare the pork by cutting and seasoning it. 2. Cook the quinoa according to package instructions. 3. Chop the green beans. 4. Heat a pan and cook the pork until done. 5. Add the green beans and cook until tender. 6. Stir in the garlic sauce and mix well. 7. Combine with the quinoa and serve.
29,pork_noodles_meal_1,pork,noodles,zucchini,tomato sauce,794,54,71,21,17,easy,1. Prepare the pork by cutting and seasoning it. 2. Cook the noodles according to package instructions. 3. Chop the green beans. 4. Heat a pan and cook the pork until done. 5. Add the green beans and cook until tender. 6. Stir in the teriyaki and mix well. 7. Combine with the noodles and serve.
30,pork_noodles_meal_2,pork,noodles,zucchini,soy sauce,872,31,61,23,19,medium,1. Prepare the pork by cutting and seasoning it. 2. Cook the noodles according to package instructions. 3. Chop the broccoli. 4. Heat a pan and cook the pork until done. 5. Add the broccoli and cook until tender. 6. Stir in the teriyaki and mix well. 7. Combine with the noodles and serve.
31,tofu_rice_meal_1,tofu,rice,spinach,pesto,626,30,84,23,15,easy,1. Prepare the tofu by cutting and seasoning it. 2. Cook the rice according to package instructions. 3. Chop the broccoli. 4. Heat a pan and cook the tofu until done. 5. Add the broccoli and cook until tender. 6. Stir in the garlic sauce and mix well. 7. Combine with the rice and serve.
32,tofu_rice_meal_2,tofu,rice,green beans,tomato sauce,493,55,93,28,43,easy,1. Prepare the tofu by cutting and seasoning it. 2. Cook the rice according to package instructions. 3. Chop the peppers. 4. Heat a pan and cook the tofu until done. 5. Add the peppers and cook until tender. 6. Stir in the soy sauce and mix well. 7. Combine with the rice and serve.
33,tofu_pasta_meal_1,tofu,pasta,broccoli,soy sauce,747,55,50,32,34,hard,1. Prepare the tofu by cutting and seasoning it. 2. Cook the pasta according to package instructions. 3. Chop the peppers. 4. Heat a pan and cook the tofu until done. 5. Add the peppers and cook until tender. 6. Stir in the tomato sauce and mix well. 7. Combine with the pasta and serve.
34,tofu_pasta_meal_2,tofu,pasta,broccoli,teriyaki,580,30,69,12,49,hard,1. Prepare the tofu by cutting and seasoning it. 2. Cook the pasta according to package instructions. 3. Chop the green beans. 4. Heat a pan and cook the tofu until done. 5. Add the green beans and cook until tender. 6. Stir in the pesto and mix well. 7. Combine with the pasta and serve.
35,tofu_potatoes_meal_1,tofu,potatoes,green beans,tomato sauce,574,25,46,31,21,medium,1. Prepare the tofu by cutting and seasoning it. 2. Cook the potatoes according to package instructions. 3. Chop the spinach. 4. Heat a pan and cook the tofu until done. 5. Add the spinach and cook until tender. 6. Stir in the tomato sauce and mix well. 7. Combine with the potatoes and serve.
36,tofu_potatoes_meal_2,tofu,potatoes,carrots,soy sauce,673,52,73,14,59,hard,1. Prepare the tofu by cutting and seasoning it. 2. Cook the potatoes according to package instructions. 3. Chop the green beans. 4. Heat a pan and cook the tofu until done. 5. Add the green beans and cook until tender. 6. Stir in the cream sauce and mix well. 7. Combine with the potatoes and serve.
37,tofu_quinoa_meal_1,tofu,quinoa,peppers,teriyaki,516,60,94,27,56,easy,1. Prepare the tofu by cutting and seasoning it. 2. Cook the quinoa according to package instructions. 3. Chop the spinach. 4. Heat a pan and cook the tofu until done. 5. Add the spinach and cook until tender. 6. Stir in the tomato sauce and mix well. 7. Combine with the quinoa and serve.
38,tofu_quinoa_meal_2,tofu,quinoa,zucchini,teriyaki,743,56,45,34,21,medium,1. Prepare the tofu by cutting and seasoning it. 2. Cook the quinoa according to package instructions. 3. Chop the zucchini. 4. Heat a pan and cook the tofu until done. 5. Add the zucchini and cook until tender. 6. Stir in the cream sauce and mix well. 7. Combine with the quinoa and serve.
39,tofu_noodles_meal_1,tofu,noodles,green beans,pesto,460,50,55,16,24,hard,1. Prepare the tofu by cutting and seasoning it. 2. Cook the noodles according to package instructions. 3. Chop the carrots. 4. Heat a pan and cook the tofu until done. 5. Add the carrots and cook until tender. 6. Stir in the garlic sauce and mix well. 7. Combine with the noodles and serve.
40,tofu_noodles_meal_2,tofu,noodles,peppers,garlic sauce,834,34,70,24,52,hard,1. Prepare the tofu by cutting and seasoning it. 2. Cook the noodles according to package instructions. 3. Chop the peppers. 4. Heat a pan and cook the tofu until done. 5. Add the peppers and cook until tender. 6. Stir in the tomato sauce and mix well. 7. Combine with the noodles and serve.
41,salmon_rice_meal_1,salmon,rice,carrots,soy sauce,800,36,61,27,23,easy,1. Prepare the salmon by cutting and seasoning it. 2. Cook the rice according to package instructions. 3. Chop the zucchini. 4. Heat a pan and cook the salmon until done. 5. Add the zucchini and cook until tender. 6. Stir in the soy sauce and mix well. 7. Combine with the rice and serve.
42,salmon_rice_meal_2,salmon,rice,broccoli,cream sauce,741,47,62,30,56,hard,1. Prepare the salmon by cutting and seasoning it. 2. Cook the rice according to package instructions. 3. Chop the carrots. 4. Heat a pan and cook the salmon until done. 5. Add the carrots and cook until tender. 6. Stir in the tomato sauce and mix well. 7. Combine with the rice and serve.
43,salmon_pasta_meal_1,salmon,pasta,spinach,pesto,510,31,42,15,19,easy,1. Prepare the salmon by cutting and seasoning it. 2. Cook the pasta according to package instructions. 3. Chop the peppers. 4. Heat a pan and cook the salmon until done. 5. Add the peppers and cook until tender. 6. Stir in the pesto and mix well. 7. Combine with the pasta and serve.
44,salmon_pasta_meal_2,salmon,pasta,broccoli,pesto,731,35,41,30,52,medium,1. Prepare the salmon by cutting and seasoning it. 2. Cook the pasta according to package instructions. 3. Chop the zucchini. 4. Heat a pan and cook the salmon until done. 5. Add the zucchini and cook until tender. 6. Stir in the teriyaki and mix well. 7. Combine with the pasta and serve.
45,salmon_potatoes_meal_1,salmon,potatoes,broccoli,soy sauce,698,34,44,11,37,hard,1. Prepare the salmon by cutting and seasoning it. 2. Cook the potatoes according to package instructions. 3. Chop the green beans. 4. Heat a pan and cook the salmon until done. 5. Add the green beans and cook until tender. 6. Stir in the soy sauce and mix well. 7. Combine with the potatoes and serve.
46,salmon_potatoes_meal_2,salmon,potatoes,broccoli,garlic sauce,643,31,90,24,54,medium,1. Prepare the salmon by cutting and seasoning it. 2. Cook the potatoes according to package instructions. 3. Chop the broccoli. 4. Heat a pan and cook the salmon until done. 5. Add the broccoli and cook until tender. 6. Stir in the cream sauce and mix well. 7. Combine with the potatoes and serve.
47,salmon_quinoa_meal_1,salmon,quinoa,green beans,garlic sauce,782,52,73,30,30,hard,1. Prepare the salmon by cutting and seasoning it. 2. Cook the quinoa according to package instructions. 3. Chop the carrots. 4. Heat a pan and cook the salmon until done. 5. Add the carrots and cook until tender. 6. Stir in the pesto and mix well. 7. Combine with the quinoa and serve.
48,salmon_quinoa_meal_2,salmon,quinoa,zucchini,garlic sauce,540,39,76,31,54,hard,1. Prepare the salmon by cutting and seasoning it. 2. Cook the quinoa according to package instructions. 3. Chop the green beans. 4. Heat a pan and cook the salmon until done. 5. Add the green beans and cook until tender. 6. Stir in the cream sauce and mix well. 7. Combine with the quinoa and serve.
49,salmon_noodles_meal_1,salmon,noodles,carrots,pesto,678,25,52,11,30,medium,1. Prepare the salmon by cutting and seasoning it. 2. Cook the noodles according to package instructions. 3. Chop the carrots. 4. Heat a pan and cook the salmon until done. 5. Add the carrots and cook until tender. 6. Stir in the soy sauce and mix well. 7. Combine with the noodles and serve.
50,salmon_noodles_meal_2,salmon,noodles,carrots,cream sauce,680,54,64,28,49,medium,1. Prepare the salmon by cutting and seasoning it. 2. Cook the noodles according to package instructions. 3. Chop the carrots. 4. Heat a pan and cook the salmon until done. 5. Add the carrots and cook until tender. 6. Stir in the tomato sauce and mix well. 7. Combine with the noodles and serve.
51,turkey_rice_meal_1,turkey,rice,spinach,teriyaki,473,34,84,30,45,easy,1. Prepare the turkey by cutting and seasoning it. 2. Cook the rice according to package instructions. 3. Chop the zucchini. 4. Heat a pan and cook the turkey until done. 5. Add the zucchini and cook until tender. 6. Stir in the teriyaki and mix well. 7. Combine with the rice and serve.
52,turkey_rice_meal_2,turkey,rice,carrots,soy sauce,731,57,91,17,38,medium,1. Prepare the turkey by cutting and seasoning it. 2. Cook the rice according to package instructions. 3. Chop the green beans. 4. Heat a pan and cook the turkey until done. 5. Add the green beans and cook until tender. 6. Stir in the tomato sauce and mix well. 7. Combine with the rice and serve.
53,turkey_pasta_meal_1,turkey,pasta,zucchini,soy sauce,471,53,40,28,51,easy,1. Prepare the turkey by cutting and seasoning it. 2. Cook the pasta according to package instructions. 3. Chop the spinach. 4. Heat a pan and cook the turkey until done. 5. Add the spinach and cook until tender. 6. Stir in the cream sauce and mix well. 7. Combine with the pasta and serve.
54,turkey_pasta_meal_2,turkey,pasta,peppers,soy sauce,772,59,87,12,23,hard,1. Prepare the turkey by cutting and seasoning it. 2. Cook the pasta according to package instructions. 3. Chop the peppers. 4. Heat a pan and cook the turkey until done. 5. Add the peppers and cook until tender. 6. Stir in the garlic sauce and mix well. 7. Combine with the pasta and serve.
55,turkey_potatoes_meal_1,turkey,potatoes,broccoli,teriyaki,459,55,97,17,46,hard,1. Prepare the turkey by cutting and seasoning it. 2. Cook the potatoes according to package instructions. 3. Chop the carrots. 4. Heat a pan and cook the turkey until done. 5. Add the carrots and cook until tender. 6. Stir in the tomato sauce and mix well. 7. Combine with the potatoes and serve.
56,turkey_potatoes_meal_2,turkey,potatoes,carrots,cream sauce,715,26,94,35,21,hard,1. Prepare the turkey by cutting and seasoning it. 2. Cook the potatoes according to package instructions. 3. Chop the broccoli. 4. Heat a pan and cook the turkey until done. 5. Add the broccoli and cook until tender. 6. Stir in the cream sauce and mix well. 7. Combine with the potatoes and serve.
57,turkey_quinoa_meal_1,turkey,quinoa,zucchini,garlic sauce,709,52,74,27,26,medium,1. Prepare the turkey by cutting and seasoning it. 2. Cook the quinoa according to package instructions. 3. Chop the peppers. 4. Heat a pan and cook the turkey until done. 5. Add the peppers and cook until tender. 6. Stir in the pesto and mix well. 7. Combine with the quinoa and serve.
58,turkey_quinoa_meal_2,turkey,quinoa,peppers,garlic sauce,858,34,54,14,16,easy,1. Prepare the turkey by cutting and seasoning it. 2. Cook the quinoa according to package instructions. 3. Chop the broccoli. 4. Heat a pan and cook the turkey until done. 5. Add the broccoli and cook until tender. 6. Stir in the pesto and mix well. 7. Combine with the quinoa and serve.
59,turkey_noodles_meal_1,turkey,noodles,zucchini,garlic sauce,504,56,40,31,18,hard,1. Prepare the turkey by cutting and seasoning it. 2. Cook the noodles according to package instructions. 3. Chop the carrots. 4. Heat a pan and cook the turkey until done. 5. Add the carrots and cook until tender. 6. Stir in the teriyaki and mix well. 7. Combine with the noodles and serve.
60,turkey_noodles_meal_2,turkey,noodles,green beans,tomato sauce,858,33,93,18,42,medium,1. Prepare the turkey by cutting and seasoning it. 2. Cook the noodles according to package instructions. 3. Chop the green beans. 4. Heat a pan and cook the turkey until done. 5. Add the green beans and cook until tender. 6. Stir in the tomato sauce and mix well. 7. Combine with the noodles and serve.
61,shrimp_rice_meal_1,shrimp,rice,zucchini,pesto,600,40,73,23,27,easy,1. Prepare the shrimp by cutting and seasoning it. 2. Cook the rice according to package instructions. 3. Chop the green beans. 4. Heat a pan and cook the shrimp until done. 5. Add the green beans and cook until tender. 6. Stir in the cream sauce and mix well. 7. Combine with the rice and serve.
62,shrimp_rice_meal_2,shrimp,rice,broccoli,teriyaki,679,33,49,29,29,hard,1. Prepare the shrimp by cutting and seasoning it. 2. Cook the rice according to package instructions. 3. Chop the green beans. 4. Heat a pan and cook the shrimp until done. 5. Add the green beans and cook until tender. 6. Stir in the cream sauce and mix well. 7. Combine with the rice and serve.
63,shrimp_pasta_meal_1,shrimp,pasta,zucchini,soy sauce,734,41,53,23,15,medium,1. Prepare the shrimp by cutting and seasoning it. 2. Cook the pasta according to package instructions. 3. Chop the spinach. 4. Heat a pan and cook the shrimp until done. 5. Add the spinach and cook until tender. 6. Stir in the pesto and mix well. 7. Combine with the pasta and serve.
64,shrimp_pasta_meal_2,shrimp,pasta,zucchini,pesto,845,29,69,35,50,hard,1. Prepare the shrimp by cutting and seasoning it. 2. Cook the pasta according to package instructions. 3. Chop the broccoli. 4. Heat a pan and cook the shrimp until done. 5. Add the broccoli and cook until tender. 6. Stir in the tomato sauce and mix well. 7. Combine with the pasta and serve.
65,shrimp_potatoes_meal_1,shrimp,potatoes,spinach,teriyaki,658,60,91,12,27,hard,1. Prepare the shrimp by cutting and seasoning it. 2. Cook the potatoes according to package instructions. 3. Chop the spinach. 4. Heat a pan and cook the shrimp until done. 5. Add the spinach and cook until tender. 6. Stir in the soy sauce and mix well. 7. Combine with the potatoes and serve.
66,shrimp_potatoes_meal_2,shrimp,potatoes,broccoli,garlic sauce,538,24,51,28,24,easy,1. Prepare the shrimp by cutting and seasoning it. 2. Cook the potatoes according to package instructions. 3. Chop the carrots. 4. Heat a pan and cook the shrimp until done. 5. Add the carrots and cook until tender. 6. Stir in the teriyaki and mix well. 7. Combine with the potatoes and serve.
67,shrimp_quinoa_meal_1,shrimp,quinoa,peppers,teriyaki,830,22,86,29,47,hard,1. Prepare the shrimp by cutting and seasoning it. 2. Cook the quinoa according to package instructions. 3. Chop the peppers. 4. Heat a pan and cook the shrimp until done. 5. Add the peppers and cook until tender. 6. Stir in the pesto and mix well. 7. Combine with the quinoa and serve.
68,shrimp_quinoa_meal_2,shrimp,quinoa,peppers,tomato sauce,771,40,44,32,14,medium,1. Prepare the shrimp by cutting and seasoning it. 2. Cook the quinoa according to package instructions. 3. Chop the peppers. 4. Heat a pan and cook the shrimp until done. 5. Add the peppers and cook until tender. 6. Stir in the garlic sauce and mix well. 7. Combine with the quinoa and serve.
69,shrimp_noodles_meal_1,shrimp,noodles,peppers,garlic sauce,442,30,54,19,20,hard,1. Prepare the shrimp by cutting and seasoning it. 2. Cook the noodles according to package instructions. 3. Chop the broccoli. 4. Heat a pan and cook the shrimp until done. 5. Add the broccoli and cook until tender. 6. Stir in the garlic sauce and mix well. 7. Combine with the noodles and serve.
70,shrimp_noodles_meal_2,shrimp,noodles,zucchini,tomato sauce,672,25,68,28,26,easy,1. Prepare the shrimp by cutting and seasoning it. 2. Cook the noodles according to package instructions. 3. Chop the zucchini. 4. Heat a pan and cook the shrimp until done. 5. Add the zucchini and cook until tender. 6. Stir in the teriyaki and mix well. 7. Combine with the noodles and serve.
71,lentils_rice_meal_1,lentils,rice,spinach,teriyaki,533,55,42,17,58,medium,1. Prepare the lentils by cutting and seasoning it. 2. Cook the rice according to package instructions. 3. Chop the spinach. 4. Heat a pan and cook the lentils until done. 5. Add the spinach and cook until tender. 6. Stir in the garlic sauce and mix well. 7. Combine with the rice and serve.
72,lentils_rice_meal_2,lentils,rice,green beans,pesto,754,36,95,23,57,hard,1. Prepare the lentils by cutting and seasoning it. 2. Cook the rice according to package instructions. 3. Chop the peppers. 4. Heat a pan and cook the lentils until done. 5. Add the peppers and cook until tender. 6. Stir in the garlic sauce and mix well. 7. Combine with the rice and serve.
73,lentils_pasta_meal_1,lentils,pasta,spinach,pesto,525,55,86,28,25,medium,1. Prepare the lentils by cutting and seasoning it. 2. Cook the pasta according to package instructions. 3. Chop the spinach. 4. Heat a pan and cook the lentils until done. 5. Add the spinach and cook until tender. 6. Stir in the teriyaki and mix well. 7. Combine with the pasta and serve.
74,lentils_pasta_meal_2,lentils,pasta,spinach,tomato sauce,878,45,49,16,20,easy,1. Prepare the lentils by cutting and seasoning it. 2. Cook the pasta according to package instructions. 3. Chop the broccoli. 4. Heat a pan and cook the lentils until done. 5. Add the broccoli and cook until tender. 6. Stir in the teriyaki and mix well. 7. Combine with the pasta and serve.
75,lentils_potatoes_meal_1,lentils,potatoes,zucchini,cream sauce,680,41,41,14,17,medium,1. Prepare the lentils by cutting and seasoning it. 2. Cook the potatoes according to package instructions. 3. Chop the zucchini. 4. Heat a pan and cook the lentils until done. 5. Add the zucchini and cook until tender. 6. Stir in the teriyaki and mix well. 7. Combine with the potatoes and serve.
76,lentils_potatoes_meal_2,lentils,potatoes,spinach,garlic sauce,634,40,69,28,10,medium,1. Prepare the lentils by cutting and seasoning it. 2. Cook the potatoes according to package instructions. 3. Chop the peppers. 4. Heat a pan and cook the lentils until done. 5. Add the peppers and cook until tender. 6. Stir in the pesto and mix well. 7. Combine with the potatoes and serve.
77,lentils_quinoa_meal_1,lentils,quinoa,spinach,pesto,513,43,85,34,49,easy,1. Prepare the lentils by cutting and seasoning it. 2. Cook the quinoa according to package instructions. 3. Chop the peppers. 4. Heat a pan and cook the lentils until done. 5. Add the peppers and cook until tender. 6. Stir in the tomato sauce and mix well. 7. Combine with the quinoa and serve.
78,lentils_quinoa_meal_2,lentils,quinoa,spinach,garlic sauce,408,55,70,29,58,hard,1. Prepare the lentils by cutting and seasoning it. 2. Cook the quinoa according to package instructions. 3. Chop the zucchini. 4. Heat a pan and cook the lentils until done. 5. Add the zucchini and cook until tender. 6. Stir in the cream sauce and mix well. 7. Combine with the quinoa and serve.
79,lentils_noodles_meal_1,lentils,noodles,green beans,tomato sauce,822,20,94,27,57,easy,1. Prepare the lentils by cutting and seasoning it. 2. Cook the noodles according to package instructions. 3. Chop the zucchini. 4. Heat a pan and cook the lentils until done. 5. Add the zucchini and cook until tender. 6. Stir in the pesto and mix well. 7. Combine with the noodles and serve.
80,lentils_noodles_meal_2,lentils,noodles,zucchini,tomato sauce,614,22,88,21,40,hard,1. Prepare the lentils by cutting and seasoning it. 2. Cook the noodles according to package instructions. 3. Chop the peppers. 4. Heat a pan and cook the lentils until done. 5. Add the peppers and cook until tender. 6. Stir in the tomato sauce and mix well. 7. Combine with the noodles and serve.
81,pork_rice_meal_extra_81,pork,rice,spinach,pesto,706,41,73,11,45,easy,1. Prepare the pork by cutting and seasoning it. 2. Cook the rice according to package instructions. 3. Chop the spinach. 4. Heat a pan and cook the pork until done. 5. Add the spinach and cook until tender. 6. Stir in the pesto and mix well. 7. Combine with the rice and serve.
82,pork_noodles_meal_extra_82,pork,noodles,zucchini,tomato sauce,767,21,64,15,26,easy,1. Prepare the pork by cutting and seasoning it. 2. Cook the noodles according to package instructions. 3. Chop the zucchini. 4. Heat a pan and cook the pork until done. 5. Add the zucchini and cook until tender. 6. Stir in the tomato sauce and mix well. 7. Combine with the noodles and serve.
83,chicken_rice_meal_extra_83,chicken,rice,peppers,teriyaki,794,30,88,30,39,hard,1. Prepare the chicken by cutting and seasoning it. 2. Cook the rice according to package instructions. 3. Chop the peppers. 4. Heat a pan and cook the chicken until done. 5. Add the peppers and cook until tender. 6. Stir in the teriyaki and mix well. 7. Combine with the rice and serve.
84,salmon_quinoa_meal_extra_84,salmon,quinoa,zucchini,garlic sauce,885,29,62,34,10,hard,1. Prepare the salmon by cutting and seasoning it. 2. Cook the quinoa according to package instructions. 3. Chop the zucchini. 4. Heat a pan and cook the salmon until done. 5. Add the zucchini and cook until tender. 6. Stir in the garlic sauce and mix well. 7. Combine with the quinoa and serve.
85,pork_noodles_meal_extra_85,pork,noodles,broccoli,cream sauce,475,37,59,28,45,medium,1. Prepare the pork by cutting and seasoning it. 2. Cook the noodles according to package instructions. 3. Chop the broccoli. 4. Heat a pan and cook the pork until done. 5. Add the broccoli and cook until tender. 6. Stir in the cream sauce and mix well. 7. Combine with the noodles and serve.
86,tofu_noodles_meal_extra_86,tofu,noodles,green beans,teriyaki,601,39,63,24,32,medium,1. Prepare the tofu by cutting and seasoning it. 2. Cook the noodles according to package instructions. 3. Chop the green beans. 4. Heat a pan and cook the tofu until done. 5. Add the green beans and cook until tender. 6. Stir in the teriyaki and mix well. 7. Combine with the noodles and serve.
87,beef_rice_meal_extra_87,beef,rice,broccoli,cream sauce,842,38,98,24,49,hard,1. Prepare the beef by cutting and seasoning it. 2. Cook the rice according to package instructions. 3. Chop the broccoli. 4. Heat a pan and cook the beef until done. 5. Add the broccoli and cook until tender. 6. Stir in the cream sauce and mix well. 7. Combine with the rice and serve.
88,lentils_rice_meal_extra_88,lentils,rice,peppers,cream sauce,678,35,82,10,32,hard,1. Prepare the lentils by cutting and seasoning it. 2. Cook the rice according to package instructions. 3. Chop the peppers. 4. Heat a pan and cook the lentils until done. 5. Add the peppers and cook until tender. 6. Stir in the cream sauce and mix well. 7. Combine with the rice and serve.
89,shrimp_potatoes_meal_extra_89,shrimp,potatoes,spinach,cream sauce,592,40,100,23,38,easy,1. Prepare the shrimp by cutting and seasoning it. 2. Cook the potatoes according to package instructions. 3. Chop the spinach. 4. Heat a pan and cook the shrimp until done. 5. Add the spinach and cook until tender. 6. Stir in the cream sauce and mix well. 7. Combine with the potatoes and serve.
90,salmon_noodles_meal_extra_90,salmon,noodles,spinach,pesto,784,40,57,16,28,easy,1. Prepare the salmon by cutting and seasoning it. 2. Cook the noodles according to package instructions. 3. Chop the spinach. 4. Heat a pan and cook the salmon until done. 5. Add the spinach and cook until tender. 6. Stir in the pesto and mix well. 7. Combine with the noodles and serve.
91,turkey_quinoa_meal_extra_91,turkey,quinoa,broccoli,teriyaki,447,30,95,14,54,hard,1. Prepare the turkey by cutting and seasoning it. 2. Cook the quinoa according to package instructions. 3. Chop the broccoli. 4. Heat a pan and cook the turkey until done. 5. Add the broccoli and cook until tender. 6. Stir in the teriyaki and mix well. 7. Combine with the quinoa and serve.
92,salmon_pasta_meal_extra_92,salmon,pasta,carrots,soy sauce,686,39,95,27,29,medium,1. Prepare the salmon by cutting and seasoning it. 2. Cook the pasta according to package instructions. 3. Chop the carrots. 4. Heat a pan and cook the salmon until done. 5. Add the carrots and cook until tender. 6. Stir in the soy sauce and mix well. 7. Combine with the pasta and serve.
93,chicken_quinoa_meal_extra_93,chicken,quinoa,carrots,garlic sauce,520,33,77,16,54,hard,1. Prepare the chicken by cutting and seasoning it. 2. Cook the quinoa according to package instructions. 3. Chop the carrots. 4. Heat a pan and cook the chicken until done. 5. Add the carrots and cook until tender. 6. Stir in the garlic sauce and mix well. 7. Combine with the quinoa and serve.
94,shrimp_rice_meal_extra_94,shrimp,rice,peppers,pesto,435,33,99,24,45,hard,1. Prepare the shrimp by cutting and seasoning it. 2. Cook the rice according to package instructions. 3. Chop the peppers. 4. Heat a pan and cook the shrimp until done. 5. Add the peppers and cook until tender. 6. Stir in the pesto and mix well. 7. Combine with the rice and serve.
95,lentils_pasta_meal_extra_95,lentils,pasta,spinach,tomato sauce,756,43,83,27,45,hard,1. Prepare the lentils by cutting and seasoning it. 2. Cook the pasta according to package instructions. 3. Chop the spinach. 4. Heat a pan and cook the lentils until done. 5. Add the spinach and cook until tender. 6. Stir in the tomato sauce and mix well. 7. Combine with the pasta and serve.
96,shrimp_rice_meal_extra_96,shrimp,rice,peppers,garlic sauce,833,51,55,19,13,hard,1. Prepare the shrimp by cutting and seasoning it. 2. Cook the rice according to package instructions. 3. Chop the peppers. 4. Heat a pan and cook the shrimp until done. 5. Add the peppers and cook until tender. 6. Stir in the garlic sauce and mix well. 7. Combine with the rice and serve.
97,salmon_noodles_meal_extra_97,salmon,noodles,carrots,cream sauce,740,51,98,21,16,hard,1. Prepare the salmon by cutting and seasoning it. 2. Cook the noodles according to package instructions. 3. Chop the carrots. 4. Heat a pan and cook the salmon until done. 5. Add the carrots and cook until tender. 6. Stir in the cream sauce and mix well. 7. Combine with the noodles and serve.
98,salmon_pasta_meal_extra_98,salmon,pasta,broccoli,tomato sauce,516,27,94,15,50,easy,1. Prepare the salmon by cutting and seasoning it. 2. Cook the pasta according to package instructions. 3. Chop the broccoli. 4. Heat a pan and cook the salmon until done. 5. Add the broccoli and cook until tender. 6. Stir in the tomato sauce and mix well. 7. Combine with the pasta and serve.
99,beef_rice_meal_extra_99,beef,rice,zucchini,garlic sauce,825,34,100,30,54,medium,1. Prepare the beef by cutting and seasoning it. 2. Cook the rice according to package instructions. 3. Chop the zucchini. 4. Heat a pan and cook the beef until done. 5. Add the zucchini and cook until tender. 6. Stir in the garlic sauce and mix well. 7. Combine with the rice and serve.
100,lentils_quinoa_meal_extra_100,lentils,quinoa,broccoli,soy sauce,407,59,90,12,30,easy,1. Prepare the lentils by cutting and seasoning it. 2. Cook the quinoa according to package instructions. 3. Chop the broccoli. 4. Heat a pan and cook the lentils until done. 5. Add the broccoli and cook until tender. 6. Stir in the soy sauce and mix well. 7. Combine with the quinoa and serve.
101,beef_pasta_meal_extra_101,beef,pasta,zucchini,garlic sauce,806,33,52,19,50,easy,1. Prepare the beef by cutting and seasoning it. 2. Cook the pasta according to package instructions. 3. Chop the zucchini. 4. Heat a pan and cook the beef until done. 5. Add the zucchini and cook until tender. 6. Stir in the garlic sauce and mix well. 7. Combine with the pasta and serve.
102,turkey_noodles_meal_extra_102,turkey,noodles,zucchini,garlic sauce,437,26,79,15,26,hard,1. Prepare the turkey by cutting and seasoning it. 2. Cook the noodles according to package instructions. 3. Chop the zucchini. 4. Heat a pan and cook the turkey until done. 5. Add the zucchini and cook until tender. 6. Stir in the garlic sauce and mix well. 7. Combine with the noodles and serve.
103,pork_quinoa_meal_extra_103,pork,quinoa,zucchini,pesto,700,23,73,14,46,easy,1. Prepare the pork by cutting and seasoning it. 2. Cook the quinoa according to package instructions. 3. Chop the zucchini. 4. Heat a pan and cook the pork until done. 5. Add the zucchini and cook until tender. 6. Stir in the pesto and mix well. 7. Combine with the quinoa and serve.
104,lentils_rice_meal_extra_104,lentils,rice,spinach,tomato sauce,651,36,79,10,17,hard,1. Prepare the lentils by cutting and seasoning it. 2. Cook the rice according to package instructions. 3. Chop the spinach. 4. Heat a pan and cook the lentils until done. 5. Add the spinach and cook until tender. 6. Stir in the tomato sauce and mix well. 7. Combine with the rice and serve.
105,chicken_potatoes_meal_extra_105,chicken,potatoes,broccoli,cream sauce,628,29,78,35,17,hard,1. Prepare the chicken by cutting and seasoning it. 2. Cook the potatoes according to package instructions. 3. Chop the broccoli. 4. Heat a pan and cook the chicken until done. 5. Add the broccoli and cook until tender. 6. Stir in the cream sauce and mix well. 7. Combine with the potatoes and serve.
106,turkey_potatoes_meal_extra_106,turkey,potatoes,spinach,pesto,662,33,53,15,60,easy,1. Prepare the turkey by cutting and seasoning it. 2. Cook the potatoes according to package instructions. 3. Chop the spinach. 4. Heat a pan and cook the turkey until done. 5. Add the spinach and cook until tender. 6. Stir in the pesto and mix well. 7. Combine with the potatoes and serve.
107,shrimp_potatoes_meal_extra_107,shrimp,potatoes,zucchini,cream sauce,404,34,62,18,57,medium,1. Prepare the shrimp by cutting and seasoning it. 2. Cook the potatoes according to package instructions. 3. Chop the zucchini. 4. Heat a pan and cook the shrimp until done. 5. Add the zucchini and cook until tender. 6. Stir in the cream sauce and mix well. 7. Combine with the potatoes and serve.
108,salmon_quinoa_meal_extra_108,salmon,quinoa,broccoli,teriyaki,889,35,53,24,11,medium,1. Prepare the salmon by cutting and seasoning it. 2. Cook the quinoa according to package instructions. 3. Chop the broccoli. 4. Heat a pan and cook the salmon until done. 5. Add the broccoli and cook until tender. 6. Stir in the teriyaki and mix well. 7. Combine with the quinoa and serve.
109,pork_quinoa_meal_extra_109,pork,quinoa,broccoli,cream sauce,463,36,52,12,41,easy,1. Prepare the pork by cutting and seasoning it. 2. Cook the quinoa according to package instructions. 3. Chop the broccoli. 4. Heat a pan and cook the pork until done. 5. Add the broccoli and cook until tender. 6. Stir in the cream sauce and mix well. 7. Combine with the quinoa and serve.
110,turkey_noodles_meal_extra_110,turkey,noodles,spinach,teriyaki,619,20,56,21,45,easy,1. Prepare the turkey by cutting and seasoning it. 2. Cook the noodles according to package instructions. 3. Chop the spinach. 4. Heat a pan and cook the turkey until done. 5. Add the spinach and cook until tender. 6. Stir in the teriyaki and mix well. 7. Combine with the noodles and serve.
111,lentils_potatoes_meal_extra_111,lentils,potatoes,green beans,pesto,818,45,68,21,27,easy,1. Prepare the lentils by cutting and seasoning it. 2. Cook the potatoes according to package instructions. 3. Chop the green beans. 4. Heat a pan and cook the lentils until done. 5. Add the green beans and cook until tender. 6. Stir in the pesto and mix well. 7. Combine with the potatoes and serve.
112,pork_noodles_meal_extra_112,pork,noodles,spinach,pesto,694,49,73,29,58,medium,1. Prepare the pork by cutting and seasoning it. 2. Cook the noodles according to package instructions. 3. Chop the spinach. 4. Heat a pan and cook the pork until done. 5. Add the spinach and cook until tender. 6. Stir in the pesto and mix well. 7. Combine with the noodles and serve.
113,chicken_noodles_meal_extra_113,chicken,noodles,green beans,tomato sauce,455,40,100,26,32,easy,1. Prepare the chicken by cutting and seasoning it. 2. Cook the noodles according to package instructions. 3. Chop the green beans. 4. Heat a pan and cook the chicken until done. 5. Add the green beans and cook until tender. 6. Stir in the tomato sauce and mix well. 7. Combine with the noodles and serve.
114,chicken_rice_meal_extra_114,chicken,rice,green beans,tomato sauce,511,59,96,18,45,hard,1. Prepare the chicken by cutting and seasoning it. 2. Cook the rice according to package instructions. 3. Chop the green beans. 4. Heat a pan and cook the chicken until done. 5. Add the green beans and cook until tender. 6. Stir in the tomato sauce and mix well. 7. Combine with the rice and serve.
115,chicken_potatoes_meal_extra_115,chicken,potatoes,broccoli,pesto,698,33,65,25,54,medium,1. Prepare the chicken by cutting and seasoning it. 2. Cook the potatoes according to package instructions. 3. Chop the broccoli. 4. Heat a pan and cook the chicken until done. 5. Add the broccoli and cook until tender. 6. Stir in the pesto and mix well. 7. Combine with the potatoes and serve.
116,chicken_rice_meal_extra_116,chicken,rice,spinach,garlic sauce,613,20,98,29,33,easy,1. Prepare the chicken by cutting and seasoning it. 2. Cook the rice according to package instructions. 3. Chop the spinach. 4. Heat a pan and cook the chicken until done. 5. Add the spinach and cook until tender. 6. Stir in the garlic sauce and mix well. 7. Combine with the rice and serve.
117,turkey_rice_meal_extra_117,turkey,rice,green beans,pesto,540,50,69,30,53,medium,1. Prepare the turkey by cutting and seasoning it. 2. Cook the rice according to package instructions. 3. Chop the green beans. 4. Heat a pan and cook the turkey until done. 5. Add the green beans and cook until tender. 6. Stir in the pesto and mix well. 7. Combine with the rice and serve.
118,shrimp_potatoes_meal_extra_118,shrimp,potatoes,zucchini,pesto,536,42,97,10,36,easy,1. Prepare the shrimp by cutting and seasoning it. 2. Cook the potatoes according to package instructions. 3. Chop the zucchini. 4. Heat a pan and cook the shrimp until done. 5. Add the zucchini and cook until tender. 6. Stir in the pesto and mix well. 7. Combine with the potatoes and serve.
119,chicken_noodles_meal_extra_119,chicken,noodles,zucchini,garlic sauce,761,33,62,20,46,hard,1. Prepare the chicken by cutting and seasoning it. 2. Cook the noodles according to package instructions. 3. Chop the zucchini. 4. Heat a pan and cook the chicken until done. 5. Add the zucchini and cook until tender. 6. Stir in the garlic sauce and mix well. 7. Combine with the noodles and serve.
120,beef_potatoes_meal_extra_120,beef,potatoes,carrots,pesto,417,42,59,23,54,hard,1. Prepare the beef by cutting and seasoning it. 2. Cook the potatoes according to package instructions. 3. Chop the carrots. 4. Heat a pan and cook the beef until done. 5. Add the carrots and cook until tender. 6. Stir in the pesto and mix well. 7. Combine with the potatoes and serve.
121,tofu_pasta_meal_extra_121,tofu,pasta,zucchini,tomato sauce,614,29,97,31,35,easy,1. Prepare the tofu by cutting and seasoning it. 2. Cook the pasta according to package instructions. 3. Chop the zucchini. 4. Heat a pan and cook the tofu until done. 5. Add the zucchini and cook until tender. 6. Stir in the tomato sauce and mix well. 7. Combine with the pasta and serve.
122,pork_potatoes_meal_extra_122,pork,potatoes,broccoli,cream sauce,891,33,60,32,30,easy,1. Prepare the pork by cutting and seasoning it. 2. Cook the potatoes according to package instructions. 3. Chop the broccoli. 4. Heat a pan and cook the pork until done. 5. Add the broccoli and cook until tender. 6. Stir in the cream sauce and mix well. 7. Combine with the potatoes and serve.
123,pork_rice_meal_extra_123,pork,rice,peppers,pesto,562,37,93,32,43,hard,1. Prepare the pork by cutting and seasoning it. 2. Cook the rice according to package instructions. 3. Chop the peppers. 4. Heat a pan and cook the pork until done. 5. Add the peppers and cook until tender. 6. Stir in the pesto and mix well. 7. Combine with the rice and serve.
124,turkey_quinoa_meal_extra_124,turkey,quinoa,broccoli,garlic sauce,463,24,50,10,36,medium,1. Prepare the turkey by cutting and seasoning it. 2. Cook the quinoa according to package instructions. 3. Chop the broccoli. 4. Heat a pan and cook the turkey until done. 5. Add the broccoli and cook until tender. 6. Stir in the garlic sauce and mix well. 7. Combine with the quinoa and serve.
125,pork_potatoes_meal_extra_125,pork,potatoes,zucchini,garlic sauce,418,46,74,29,10,easy,1. Prepare the pork by cutting and seasoning it. 2. Cook the potatoes according to package instructions. 3. Chop the zucchini. 4. Heat a pan and cook the pork until done. 5. Add the zucchini and cook until tender. 6. Stir in the garlic sauce and mix well. 7. Combine with the potatoes and serve.
126,chicken_pasta_meal_extra_126,chicken,pasta,carrots,pesto,687,27,98,26,55,medium,1. Prepare the chicken by cutting and seasoning it. 2. Cook the pasta according to package instructions. 3. Chop the carrots. 4. Heat a pan and cook the chicken until done. 5. Add the carrots and cook until tender. 6. Stir in the pesto and mix well. 7. Combine with the pasta and serve.
127,lentils_potatoes_meal_extra_127,lentils,potatoes,green beans,teriyaki,591,53,96,29,18,hard,1. Prepare the lentils by cutting and seasoning it. 2. Cook the potatoes according to package instructions. 3. Chop the green beans. 4. Heat a pan and cook the lentils until done. 5. Add the green beans and cook until tender. 6. Stir in the teriyaki and mix well. 7. Combine with the potatoes and serve.
128,beef_pasta_meal_extra_128,beef,pasta,spinach,cream sauce,746,30,83,27,47,easy,1. Prepare the beef by cutting and seasoning it. 2. Cook the pasta according to package instructions. 3. Chop the spinach. 4. Heat a pan and cook the beef until done. 5. Add the spinach and cook until tender. 6. Stir in the cream sauce and mix well. 7. Combine with the pasta and serve.
129,lentils_quinoa_meal_extra_129,lentils,quinoa,carrots,teriyaki,717,27,57,12,19,easy,1. Prepare the lentils by cutting and seasoning it. 2. Cook the quinoa according to package instructions. 3. Chop the carrots. 4. Heat a pan and cook the lentils until done. 5. Add the carrots and cook until tender. 6. Stir in the teriyaki and mix well. 7. Combine with the quinoa and serve.
130,shrimp_quinoa_meal_extra_130,shrimp,quinoa,carrots,tomato sauce,591,23,56,17,38,easy,1. Prepare the shrimp by cutting and seasoning it. 2. Cook the quinoa according to package instructions. 3. Chop the carrots. 4. Heat a pan and cook the shrimp until done. 5. Add the carrots and cook until tender. 6. Stir in the tomato sauce and mix well. 7. Combine with the quinoa and serve.
131,chicken_potatoes_meal_extra_131,chicken,potatoes,broccoli,pesto,700,43,52,18,28,hard,1. Prepare the chicken by cutting and seasoning it. 2. Cook the potatoes according to package instructions. 3. Chop the broccoli. 4. Heat a pan and cook the chicken until done. 5. Add the broccoli and cook until tender. 6. Stir in the pesto and mix well. 7. Combine with the potatoes and serve.
132,lentils_quinoa_meal_extra_132,lentils,quinoa,spinach,soy sauce,857,20,73,33,31,hard,1. Prepare the lentils by cutting and seasoning it. 2. Cook the quinoa according to package instructions. 3. Chop the spinach. 4. Heat a pan and cook the lentils until done. 5. Add the spinach and cook until tender. 6. Stir in the soy sauce and mix well. 7. Combine with the quinoa and serve.
133,salmon_noodles_meal_extra_133,salmon,noodles,zucchini,teriyaki,892,31,43,13,15,hard,1. Prepare the salmon by cutting and seasoning it. 2. Cook the noodles according to package instructions. 3. Chop the zucchini. 4. Heat a pan and cook the salmon until done. 5. Add the zucchini and cook until tender. 6. Stir in the teriyaki and mix well. 7. Combine with the noodles and serve.
134,turkey_noodles_meal_extra_134,turkey,noodles,green beans,cream sauce,631,43,40,18,19,easy,1. Prepare the turkey by cutting and seasoning it. 2. Cook the noodles according to package instructions. 3. Chop the green beans. 4. Heat a pan and cook the turkey until done. 5. Add the green beans and cook until tender. 6. Stir in the cream sauce and mix well. 7. Combine with the noodles and serve.
135,salmon_quinoa_meal_extra_135,salmon,quinoa,broccoli,garlic sauce,869,56,66,33,17,easy,1. Prepare the salmon by cutting and seasoning it. 2. Cook the quinoa according to package instructions. 3. Chop the broccoli. 4. Heat a pan and cook the salmon until done. 5. Add the broccoli and cook until tender. 6. Stir in the garlic sauce and mix well. 7. Combine with the quinoa and serve.
136,beef_noodles_meal_extra_136,beef,noodles,carrots,cream sauce,762,44,61,31,47,medium,1. Prepare the beef by cutting and seasoning it. 2. Cook the noodles according to package instructions. 3. Chop the carrots. 4. Heat a pan and cook the beef until done. 5. Add the carrots and cook until tender. 6. Stir in the cream sauce and mix well. 7. Combine with the noodles and serve.
137,salmon_rice_meal_extra_137,salmon,rice,peppers,cream sauce,478,22,95,17,30,hard,1. Prepare the salmon by cutting and seasoning it. 2. Cook the rice according to package instructions. 3. Chop the peppers. 4. Heat a pan and cook the salmon until done. 5. Add the peppers and cook until tender. 6. Stir in the cream sauce and mix well. 7. Combine with the rice and serve.
138,tofu_potatoes_meal_extra_138,tofu,potatoes,zucchini,soy sauce,677,54,94,21,31,medium,1. Prepare the tofu by cutting and seasoning it. 2. Cook the potatoes according to package instructions. 3. Chop the zucchini. 4. Heat a pan and cook the tofu until done. 5. Add the zucchini and cook until tender. 6. Stir in the soy sauce and mix well. 7. Combine with the potatoes and serve.
139,tofu_rice_meal_extra_139,tofu,rice,spinach,pesto,878,25,87,22,39,medium,1. Prepare the tofu by cutting and seasoning it. 2. Cook the rice according to package instructions. 3. Chop the spinach. 4. Heat a pan and cook the tofu until done. 5. Add the spinach and cook until tender. 6. Stir in the pesto and mix well. 7. Combine with the rice and serve.
140,salmon_potatoes_meal_extra_140,salmon,potatoes,green beans,pesto,790,49,77,35,22,easy,1. Prepare the salmon by cutting and seasoning it. 2. Cook the potatoes according to package instructions. 3. Chop the green beans. 4. Heat a pan and cook the salmon until done. 5. Add the green beans and cook until tender. 6. Stir in the pesto and mix well. 7. Combine with the potatoes and serve.
141,tofu_rice_meal_extra_141,tofu,rice,carrots,soy sauce,820,27,61,16,28,easy,1. Prepare the tofu by cutting and seasoning it. 2. Cook the rice according to package instructions. 3. Chop the carrots. 4. Heat a pan and cook the tofu until done. 5. Add the carrots and cook until tender. 6. Stir in the soy sauce and mix well. 7. Combine with the rice and serve.
142,tofu_pasta_meal_extra_142,tofu,pasta,broccoli,teriyaki,854,38,47,25,60,hard,1. Prepare the tofu by cutting and seasoning it. 2. Cook the pasta according to package instructions. 3. Chop the broccoli. 4. Heat a pan and cook the tofu until done. 5. Add the broccoli and cook until tender. 6. Stir in the teriyaki and mix well. 7. Combine with the pasta and serve.
143,pork_potatoes_meal_extra_143,pork,potatoes,green beans,soy sauce,888,43,54,15,50,hard,1. Prepare the pork by cutting and seasoning it. 2. Cook the potatoes according to package instructions. 3. Chop the green beans. 4. Heat a pan and cook the pork until done. 5. Add the green beans and cook until tender. 6. Stir in the soy sauce and mix well. 7. Combine with the potatoes and serve.
144,tofu_rice_meal_extra_144,tofu,rice,carrots,cream sauce,488,38,98,28,59,easy,1. Prepare the tofu by cutting and seasoning it. 2. Cook the rice according to package instructions. 3. Chop the carrots. 4. Heat a pan and cook the tofu until done. 5. Add the carrots and cook until tender. 6. Stir in the cream sauce and mix well. 7. Combine with the rice and serve.
145,chicken_potatoes_meal_extra_145,chicken,potatoes,broccoli,teriyaki,578,32,81,11,20,hard,1. Prepare the chicken by cutting and seasoning it. 2. Cook the potatoes according to package instructions. 3. Chop the broccoli. 4. Heat a pan and cook the chicken until done. 5. Add the broccoli and cook until tender. 6. Stir in the teriyaki and mix well. 7. Combine with the potatoes and serve.
146,lentils_noodles_meal_extra_146,lentils,noodles,broccoli,tomato sauce,453,30,100,23,31,medium,1. Prepare the lentils by cutting and seasoning it. 2. Cook the noodles according to package instructions. 3. Chop the broccoli. 4. Heat a pan and cook the lentils until done. 5. Add the broccoli and cook until tender. 6. Stir in the tomato sauce and mix well. 7. Combine with the noodles and serve.
147,pork_quinoa_meal_extra_147,pork,quinoa,zucchini,pesto,850,28,100,11,36,hard,1. Prepare the pork by cutting and seasoning it. 2. Cook the quinoa according to package instructions. 3. Chop the zucchini. 4. Heat a pan and cook the pork until done. 5. Add the zucchini and cook until tender. 6. Stir in the pesto and mix well. 7. Combine with the quinoa and serve.
148,chicken_potatoes_meal_extra_148,chicken,potatoes,peppers,soy sauce,417,39,97,10,14,easy,1. Prepare the chicken by cutting and seasoning it. 2. Cook the potatoes according to package instructions. 3. Chop the peppers. 4. Heat a pan and cook the chicken until done. 5. Add the peppers and cook until tender. 6. Stir in the soy sauce and mix well. 7. Combine with the potatoes and serve.
149,lentils_quinoa_meal_extra_149,lentils,quinoa,carrots,pesto,765,31,69,23,14,hard,1. Prepare the lentils by cutting and seasoning it. 2. Cook the quinoa according to package instructions. 3. Chop the carrots. 4. Heat a pan and cook the lentils until done. 5. Add the carrots and cook until tender. 6. Stir in the pesto and mix well. 7. Combine with the quinoa and serve.
150,shrimp_pasta_meal_extra_150,shrimp,pasta,green beans,teriyaki,660,34,84,18,45,medium,1. Prepare the shrimp by cutting and seasoning it. 2. Cook the pasta according to package instructions. 3. Chop the green beans. 4. Heat a pan and cook the shrimp until done. 5. Add the green beans and cook until tender. 6. Stir in the teriyaki and mix well. 7. Combine with the pasta and serve.
151,chicken_pasta_meal_extra_151,chicken,pasta,broccoli,tomato sauce,793,42,44,19,47,medium,1. Prepare the chicken by cutting and seasoning it. 2. Cook the pasta according to package instructions. 3. Chop the broccoli. 4. Heat a pan and cook the chicken until done. 5. Add the broccoli and cook until tender. 6. Stir in the tomato sauce and mix well. 7. Combine with the pasta and serve.
152,turkey_rice_meal_extra_152,turkey,rice,green beans,tomato sauce,625,32,45,19,31,hard,1. Prepare the turkey by cutting and seasoning it. 2. Cook the rice according to package instructions. 3. Chop the green beans. 4. Heat a pan and cook the turkey until done. 5. Add the green beans and cook until tender. 6. Stir in the tomato sauce and mix well. 7. Combine with the rice and serve.
153,tofu_rice_meal_extra_153,tofu,rice,broccoli,cream sauce,418,58,72,12,32,hard,1. Prepare the tofu by cutting and seasoning it. 2. Cook the rice according to package instructions. 3. Chop the broccoli. 4. Heat a pan and cook the tofu until done. 5. Add the broccoli and cook until tender. 6. Stir in the cream sauce and mix well. 7. Combine with the rice and serve.
154,turkey_noodles_meal_extra_154,turkey,noodles,peppers,teriyaki,870,23,89,25,45,easy,1. Prepare the turkey by cutting and seasoning it. 2. Cook the noodles according to package instructions. 3. Chop the peppers. 4. Heat a pan and cook the turkey until done. 5. Add the peppers and cook until tender. 6. Stir in the teriyaki and mix well. 7. Combine with the noodles and serve.
155,shrimp_pasta_meal_extra_155,shrimp,pasta,green beans,pesto,863,26,80,29,24,hard,1. Prepare the shrimp by cutting and seasoning it. 2. Cook the pasta according to package instructions. 3. Chop the green beans. 4. Heat a pan and cook the shrimp until done. 5. Add the green beans and cook until tender. 6. Stir in the pesto and mix well. 7. Combine with the pasta and serve.
156,shrimp_potatoes_meal_extra_156,shrimp,potatoes,spinach,soy sauce,741,25,64,23,26,medium,1. Prepare the shrimp by cutting and seasoning it. 2. Cook the potatoes according to package instructions. 3. Chop the spinach. 4. Heat a pan and cook the shrimp until done. 5. Add the spinach and cook until tender. 6. Stir in the soy sauce and mix well. 7. Combine with the potatoes and serve.
157,tofu_potatoes_meal_extra_157,tofu,potatoes,broccoli,teriyaki,451,59,46,31,49,medium,1. Prepare the tofu by cutting and seasoning it. 2. Cook the potatoes according to package instructions. 3. Chop the broccoli. 4. Heat a pan and cook the tofu until done. 5. Add the broccoli and cook until tender. 6. Stir in the teriyaki and mix well. 7. Combine with the potatoes and serve.
158,beef_noodles_meal_extra_158,beef,noodles,green beans,teriyaki,610,34,66,14,30,hard,1. Prepare the beef by cutting and seasoning it. 2. Cook the noodles according to package instructions. 3. Chop the green beans. 4. Heat a pan and cook the beef until done. 5. Add the green beans and cook until tender. 6. Stir in the teriyaki and mix well. 7. Combine with the noodles and serve.
159,pork_noodles_meal_extra_159,pork,noodles,carrots,cream sauce,462,41,83,22,44,medium,1. Prepare the pork by cutting and seasoning it. 2. Cook the noodles according to package instructions. 3. Chop the carrots. 4. Heat a pan and cook the pork until done. 5. Add the carrots and cook until tender. 6. Stir in the cream sauce and mix well. 7. Combine with the noodles and serve.
160,beef_potatoes_meal_extra_160,beef,potatoes,green beans,cream sauce,446,45,59,10,57,medium,1. Prepare the beef by cutting and seasoning it. 2. Cook the potatoes according to package instructions. 3. Chop the green beans. 4. Heat a pan and cook the beef until done. 5. Add the green beans and cook until tender. 6. Stir in the cream sauce and mix well. 7. Combine with the potatoes and serve.
161,chicken_rice_meal_extra_161,chicken,rice,carrots,cream sauce,726,50,85,11,33,hard,1. Prepare the chicken by cutting and seasoning it. 2. Cook the rice according to package instructions. 3. Chop the carrots. 4. Heat a pan and cook the chicken until done. 5. Add the carrots and cook until tender. 6. Stir in the cream sauce and mix well. 7. Combine with the rice and serve.
162,turkey_potatoes_meal_extra_162,turkey,potatoes,zucchini,pesto,469,27,53,26,32,hard,1. Prepare the turkey by cutting and seasoning it. 2. Cook the potatoes according to package instructions. 3. Chop the zucchini. 4. Heat a pan and cook the turkey until done. 5. Add the zucchini and cook until tender. 6. Stir in the pesto and mix well. 7. Combine with the potatoes and serve.
163,chicken_potatoes_meal_extra_163,chicken,potatoes,zucchini,garlic sauce,546,23,43,32,12,easy,1. Prepare the chicken by cutting and seasoning it. 2. Cook the potatoes according to package instructions. 3. Chop the zucchini. 4. Heat a pan and cook the chicken until done. 5. Add the zucchini and cook until tender. 6. Stir in the garlic sauce and mix well. 7. Combine with the potatoes and serve.
164,shrimp_pasta_meal_extra_164,shrimp,pasta,spinach,tomato sauce,745,22,100,35,46,medium,1. Prepare the shrimp by cutting and seasoning it. 2. Cook the pasta according to package instructions. 3. Chop the spinach. 4. Heat a pan and cook the shrimp until done. 5. Add the spinach and cook until tender. 6. Stir in the tomato sauce and mix well. 7. Combine with the pasta and serve.
165,beef_potatoes_meal_extra_165,beef,potatoes,broccoli,teriyaki,859,53,72,24,27,medium,1. Prepare the beef by cutting and seasoning it. 2. Cook the potatoes according to package instructions. 3. Chop the broccoli. 4. Heat a pan and cook the beef until done. 5. Add the broccoli and cook until tender. 6. Stir in the teriyaki and mix well. 7. Combine with the potatoes and serve.
166,lentils_rice_meal_extra_166,lentils,rice,broccoli,pesto,617,41,81,16,17,medium,1. Prepare the lentils by cutting and seasoning it. 2. Cook the rice according to package instructions. 3. Chop the broccoli. 4. Heat a pan and cook the lentils until done. 5. Add the broccoli and cook until tender. 6. Stir in the pesto and mix well. 7. Combine with the rice and serve.
167,pork_noodles_meal_extra_167,pork,noodles,peppers,soy sauce,424,36,98,35,14,easy,1. Prepare the pork by cutting and seasoning it. 2. Cook the noodles according to package instructions. 3. Chop the peppers. 4. Heat a pan and cook the pork until done. 5. Add the peppers and cook until tender. 6. Stir in the soy sauce and mix well. 7. Combine with the noodles and serve.
168,lentils_pasta_meal_extra_168,lentils,pasta,peppers,tomato sauce,412,60,66,15,53,easy,1. Prepare the lentils by cutting and seasoning it. 2. Cook the pasta according to package instructions. 3. Chop the peppers. 4. Heat a pan and cook the lentils until done. 5. Add the peppers and cook until tender. 6. Stir in the tomato sauce and mix well. 7. Combine with the pasta and serve.
169,lentils_pasta_meal_extra_169,lentils,pasta,broccoli,cream sauce,812,36,78,35,39,hard,1. Prepare the lentils by cutting and seasoning it. 2. Cook the pasta according to package instructions. 3. Chop the broccoli. 4. Heat a pan and cook the lentils until done. 5. Add the broccoli and cook until tender. 6. Stir in the cream sauce and mix well. 7. Combine with the pasta and serve.
170,chicken_pasta_meal_extra_170,chicken,pasta,broccoli,tomato sauce,659,41,92,32,53,hard,1. Prepare the chicken by cutting and seasoning it. 2. Cook the pasta according to package instructions. 3. Chop the broccoli. 4. Heat a pan and cook the chicken until done. 5. Add the broccoli and cook until tender. 6. Stir in the tomato sauce and mix well. 7. Combine with the pasta and serve.
171,turkey_noodles_meal_extra_171,turkey,noodles,spinach,garlic sauce,600,24,70,34,14,medium,1. Prepare the turkey by cutting and seasoning it. 2. Cook the noodles according to package instructions. 3. Chop the spinach. 4. Heat a pan and cook the turkey until done. 5. Add the spinach and cook until tender. 6. Stir in the garlic sauce and mix well. 7. Combine with the noodles and serve.
172,beef_pasta_meal_extra_172,beef,pasta,peppers,soy sauce,440,22,48,23,16,medium,1. Prepare the beef by cutting and seasoning it. 2. Cook the pasta according to package instructions. 3. Chop the peppers. 4. Heat a pan and cook the beef until done. 5. Add the peppers and cook until tender. 6. Stir in the soy sauce and mix well. 7. Combine with the pasta and serve.
173,salmon_quinoa_meal_extra_173,salmon,quinoa,green beans,teriyaki,499,47,73,32,18,hard,1. Prepare the salmon by cutting and seasoning it. 2. Cook the quinoa according to package instructions. 3. Chop the green beans. 4. Heat a pan and cook the salmon until done. 5. Add the green beans and cook until tender. 6. Stir in the teriyaki and mix well. 7. Combine with the quinoa and serve.
174,shrimp_rice_meal_extra_174,shrimp,rice,zucchini,teriyaki,468,47,79,13,40,easy,1. Prepare the shrimp by cutting and seasoning it. 2. Cook the rice according to package instructions. 3. Chop the zucchini. 4. Heat a pan and cook the shrimp until done. 5. Add the zucchini and cook until tender. 6. Stir in the teriyaki and mix well. 7. Combine with the rice and serve.
175,tofu_quinoa_meal_extra_175,tofu,quinoa,spinach,cream sauce,851,35,87,24,38,medium,1. Prepare the tofu by cutting and seasoning it. 2. Cook the quinoa according to package instructions. 3. Chop the spinach. 4. Heat a pan and cook the tofu until done. 5. Add the spinach and cook until tender. 6. Stir in the cream sauce and mix well. 7. Combine with the quinoa and serve.
176,pork_rice_meal_extra_176,pork,rice,spinach,teriyaki,531,36,70,14,38,hard,1. Prepare the pork by cutting and seasoning it. 2. Cook the rice according to package instructions. 3. Chop the spinach. 4. Heat a pan and cook the pork until done. 5. Add the spinach and cook until tender. 6. Stir in the teriyaki and mix well. 7. Combine with the rice and serve.
177,shrimp_potatoes_meal_extra_177,shrimp,potatoes,zucchini,pesto,732,44,71,31,58,hard,1. Prepare the shrimp by cutting and seasoning it. 2. Cook the potatoes according to package instructions. 3. Chop the zucchini. 4. Heat a pan and cook the shrimp until done. 5. Add the zucchini and cook until tender. 6. Stir in the pesto and mix well. 7. Combine with the potatoes and serve.
178,beef_quinoa_meal_extra_178,beef,quinoa,zucchini,teriyaki,885,32,72,14,22,hard,1. Prepare the beef by cutting and seasoning it. 2. Cook the quinoa according to package instructions. 3. Chop the zucchini. 4. Heat a pan and cook the beef until done. 5. Add the zucchini and cook until tender. 6. Stir in the teriyaki and mix well. 7. Combine with the quinoa and serve.
179,shrimp_noodles_meal_extra_179,shrimp,noodles,peppers,soy sauce,817,24,43,30,33,easy,1. Prepare the shrimp by cutting and seasoning it. 2. Cook the noodles according to package instructions. 3. Chop the peppers. 4. Heat a pan and cook the shrimp until done. 5. Add the peppers and cook until tender. 6. Stir in the soy sauce and mix well. 7. Combine with the noodles and serve.
180,lentils_potatoes_meal_extra_180,lentils,potatoes,carrots,soy sauce,452,34,80,25,21,easy,1. Prepare the lentils by cutting and seasoning it. 2. Cook the potatoes according to package instructions. 3. Chop the carrots. 4. Heat a pan and cook the lentils until done. 5. Add the carrots and cook until tender. 6. Stir in the soy sauce and mix well. 7. Combine with the potatoes and serve.
181,lentils_noodles_meal_extra_181,lentils,noodles,green beans,soy sauce,793,22,41,13,17,hard,1. Prepare the lentils by cutting and seasoning it. 2. Cook the noodles according to package instructions. 3. Chop the green beans. 4. Heat a pan and cook the lentils until done. 5. Add the green beans and cook until tender. 6. Stir in the soy sauce and mix well. 7. Combine with the noodles and serve.
182,salmon_pasta_meal_extra_182,salmon,pasta,carrots,pesto,410,50,70,17,54,hard,1. Prepare the salmon by cutting and seasoning it. 2. Cook the pasta according to package instructions. 3. Chop the carrots. 4. Heat a pan and cook the salmon until done. 5. Add the carrots and cook until tender. 6. Stir in the pesto and mix well. 7. Combine with the pasta and serve.
183,tofu_pasta_meal_extra_183,tofu,pasta,carrots,pesto,768,40,41,23,20,hard,1. Prepare the tofu by cutting and seasoning it. 2. Cook the pasta according to package instructions. 3. Chop the carrots. 4. Heat a pan and cook the tofu until done. 5. Add the carrots and cook until tender. 6. Stir in the pesto and mix well. 7. Combine with the pasta and serve.
184,beef_potatoes_meal_extra_184,beef,potatoes,carrots,soy sauce,670,24,43,33,60,hard,1. Prepare the beef by cutting and seasoning it. 2. Cook the potatoes according to package instructions. 3. Chop the carrots. 4. Heat a pan and cook the beef until done. 5. Add the carrots and cook until tender. 6. Stir in the soy sauce and mix well. 7. Combine with the potatoes and serve.
185,salmon_quinoa_meal_extra_185,salmon,quinoa,peppers,cream sauce,789,50,85,30,30,easy,1. Prepare the salmon by cutting and seasoning it. 2. Cook the quinoa according to package instructions. 3. Chop the peppers. 4. Heat a pan and cook the salmon until done. 5. Add the peppers and cook until tender. 6. Stir in the cream sauce and mix well. 7. Combine with the quinoa and serve.
186,lentils_quinoa_meal_extra_186,lentils,quinoa,broccoli,soy sauce,739,37,54,26,56,hard,1. Prepare the lentils by cutting and seasoning it. 2. Cook the quinoa according to package instructions. 3. Chop the broccoli. 4. Heat a pan and cook the lentils until done. 5. Add the broccoli and cook until tender. 6. Stir in the soy sauce and mix well. 7. Combine with the quinoa and serve.
187,turkey_quinoa_meal_extra_187,turkey,quinoa,spinach,soy sauce,620,34,67,35,53,medium,1. Prepare the turkey by cutting and seasoning it. 2. Cook the quinoa according to package instructions. 3. Chop the spinach. 4. Heat a pan and cook the turkey until done. 5. Add the spinach and cook until tender. 6. Stir in the soy sauce and mix well. 7. Combine with the quinoa and serve.
188,turkey_potatoes_meal_extra_188,turkey,potatoes,carrots,teriyaki,516,58,50,27,46,medium,1. Prepare the turkey by cutting and seasoning it. 2. Cook the potatoes according to package instructions. 3. Chop the carrots. 4. Heat a pan and cook the turkey until done. 5. Add the carrots and cook until tender. 6. Stir in the teriyaki and mix well. 7. Combine with the potatoes and serve.
189,tofu_rice_meal_extra_189,tofu,rice,green beans,garlic sauce,741,25,52,28,22,hard,1. Prepare the tofu by cutting and seasoning it. 2. Cook the rice according to package instructions. 3. Chop the green beans. 4. Heat a pan and cook the tofu until done. 5. Add the green beans and cook until tender. 6. Stir in the garlic sauce and mix well. 7. Combine with the rice and serve.
190,pork_noodles_meal_extra_190,pork,noodles,green beans,teriyaki,413,36,84,34,22,hard,1. Prepare the pork by cutting and seasoning it. 2. Cook the noodles according to package instructions. 3. Chop the green beans. 4. Heat a pan and cook the pork until done. 5. Add the green beans and cook until tender. 6. Stir in the teriyaki and mix well. 7. Combine with the noodles and serve.
191,turkey_noodles_meal_extra_191,turkey,noodles,carrots,teriyaki,576,42,59,34,46,easy,1. Prepare the turkey by cutting and seasoning it. 2. Cook the noodles according to package instructions. 3. Chop the carrots. 4. Heat a pan and cook the turkey until done. 5. Add the carrots and cook until tender. 6. Stir in the teriyaki and mix well. 7. Combine with the noodles and serve.
192,salmon_rice_meal_extra_192,salmon,rice,broccoli,garlic sauce,499,60,73,24,52,medium,1. Prepare the salmon by cutting and seasoning it. 2. Cook the rice according to package instructions. 3. Chop the broccoli. 4. Heat a pan and cook the salmon until done. 5. Add the broccoli and cook until tender. 6. Stir in the garlic sauce and mix well. 7. Combine with the rice and serve.
193,beef_quinoa_meal_extra_193,beef,quinoa,green beans,tomato sauce,563,23,91,12,10,hard,1. Prepare the beef by cutting and seasoning it. 2. Cook the quinoa according to package instructions. 3. Chop the green beans. 4. Heat a pan and cook the beef until done. 5. Add the green beans and cook until tender. 6. Stir in the tomato sauce and mix well. 7. Combine with the quinoa and serve.
194,salmon_noodles_meal_extra_194,salmon,noodles,zucchini,soy sauce,576,48,59,19,29,easy,1. Prepare the salmon by cutting and seasoning it. 2. Cook the noodles according to package instructions. 3. Chop the zucchini. 4. Heat a pan and cook the salmon until done. 5. Add the zucchini and cook until tender. 6. Stir in the soy sauce and mix well. 7. Combine with the noodles and serve.
195,shrimp_rice_meal_extra_195,shrimp,rice,broccoli,tomato sauce,509,32,52,18,37,easy,1. Prepare the shrimp by cutting and seasoning it. 2. Cook the rice according to package instructions. 3. Chop the broccoli. 4. Heat a pan and cook the shrimp until done. 5. Add the broccoli and cook until tender. 6. Stir in the tomato sauce and mix well. 7. Combine with the rice and serve.
196,turkey_pasta_meal_extra_196,turkey,pasta,zucchini,garlic sauce,495,27,95,12,31,hard,1. Prepare the turkey by cutting and seasoning it. 2. Cook the pasta according to package instructions. 3. Chop the zucchini. 4. Heat a pan and cook the turkey until done. 5. Add the zucchini and cook until tender. 6. Stir in the garlic sauce and mix well. 7. Combine with the pasta and serve.
197,pork_quinoa_meal_extra_197,pork,quinoa,broccoli,garlic sauce,857,27,97,20,30,easy,1. Prepare the pork by cutting and seasoning it. 2. Cook the quinoa according to package instructions. 3. Chop the broccoli. 4. Heat a pan and cook the pork until done. 5. Add the broccoli and cook until tender. 6. Stir in the garlic sauce and mix well. 7. Combine with the quinoa and serve.
198,beef_pasta_meal_extra_198,beef,pasta,green beans,garlic sauce,529,27,43,17,11,easy,1. Prepare the beef by cutting and seasoning it. 2. Cook the pasta according to package instructions. 3. Chop the green beans. 4. Heat a pan and cook the beef until done. 5. Add the green beans and cook until tender. 6. Stir in the garlic sauce and mix well. 7. Combine with the pasta and serve.
199,beef_rice_meal_extra_199,beef,rice,broccoli,soy sauce,659,47,70,33,37,hard,1. Prepare the beef by cutting and seasoning it. 2. Cook the rice according to package instructions. 3. Chop the broccoli. 4. Heat a pan and cook the beef until done. 5. Add the broccoli and cook until tender. 6. Stir in the soy sauce and mix well. 7. Combine with the rice and serve.
200,tofu_potatoes_meal_extra_200,tofu,potatoes,spinach,garlic sauce,735,54,47,21,26,hard,1. Prepare the tofu by cutting and seasoning it. 2. Cook the potatoes according to package instructions. 3. Chop the spinach. 4. Heat a pan and cook the tofu until done. 5. Add the spinach and cook until tender. 6. Stir in the garlic sauce and mix well. 7. Combine with the potatoes and serve.
201,chicken_pasta_meal_extra_201,chicken,pasta,carrots,teriyaki,429,46,94,29,45,hard,1. Prepare the chicken by cutting and seasoning it. 2. Cook the pasta according to package instructions. 3. Chop the carrots. 4. Heat a pan and cook the chicken until done. 5. Add the carrots and cook until tender. 6. Stir in the teriyaki and mix well. 7. Combine with the pasta and serve.
202,tofu_noodles_meal_extra_202,tofu,noodles,broccoli,pesto,643,23,56,34,18,medium,1. Prepare the tofu by cutting and seasoning it. 2. Cook the noodles according to package instructions. 3. Chop the broccoli. 4. Heat a pan and cook the tofu until done. 5. Add the broccoli and cook until tender. 6. Stir in the pesto and mix well. 7. Combine with the noodles and serve.
203,turkey_quinoa_meal_extra_203,turkey,quinoa,green beans,teriyaki,724,47,75,29,28,easy,1. Prepare the turkey by cutting and seasoning it. 2. Cook the quinoa according to package instructions. 3. Chop the green beans. 4. Heat a pan and cook the turkey until done. 5. Add the green beans and cook until tender. 6. Stir in the teriyaki and mix well. 7. Combine with the quinoa and serve.
204,shrimp_quinoa_meal_extra_204,shrimp,quinoa,carrots,teriyaki,597,21,41,17,44,medium,1. Prepare the shrimp by cutting and seasoning it. 2. Cook the quinoa according to package instructions. 3. Chop the carrots. 4. Heat a pan and cook the shrimp until done. 5. Add the carrots and cook until tender. 6. Stir in the teriyaki and mix well. 7. Combine with the quinoa and serve.
205,turkey_noodles_meal_extra_205,turkey,noodles,peppers,garlic sauce,757,34,64,14,17,medium,1. Prepare the turkey by cutting and seasoning it. 2. Cook the noodles according to package instructions. 3. Chop the peppers. 4. Heat a pan and cook the turkey until done. 5. Add the peppers and cook until tender. 6. Stir in the garlic sauce and mix well. 7. Combine with the noodles and serve.
206,tofu_quinoa_meal_extra_206,tofu,quinoa,broccoli,cream sauce,712,57,84,14,59,medium,1. Prepare the tofu by cutting and seasoning it. 2. Cook the quinoa according to package instructions. 3. Chop the broccoli. 4. Heat a pan and cook the tofu until done. 5. Add the broccoli and cook until tender. 6. Stir in the cream sauce and mix well. 7. Combine with the quinoa and serve.
207,pork_rice_meal_extra_207,pork,rice,broccoli,tomato sauce,827,40,50,26,58,medium,1. Prepare the pork by cutting and seasoning it. 2. Cook the rice according to package instructions. 3. Chop the broccoli. 4. Heat a pan and cook the pork until done. 5. Add the broccoli and cook until tender. 6. Stir in the tomato sauce and mix well. 7. Combine with the rice and serve.
208,shrimp_pasta_meal_extra_208,shrimp,pasta,green beans,cream sauce,473,51,78,13,44,hard,1. Prepare the shrimp by cutting and seasoning it. 2. Cook the pasta according to package instructions. 3. Chop the green beans. 4. Heat a pan and cook the shrimp until done. 5. Add the green beans and cook until tender. 6. Stir in the cream sauce and mix well. 7. Combine with the pasta and serve.
209,tofu_potatoes_meal_extra_209,tofu,potatoes,carrots,tomato sauce,860,24,88,21,25,hard,1. Prepare the tofu by cutting and seasoning it. 2. Cook the potatoes according to package instructions. 3. Chop the carrots. 4. Heat a pan and cook the tofu until done. 5. Add the carrots and cook until tender. 6. Stir in the tomato sauce and mix well. 7. Combine with the potatoes and serve.
210,pork_pasta_meal_extra_210,pork,pasta,carrots,tomato sauce,458,26,78,32,42,medium,1. Prepare the pork by cutting and seasoning it. 2. Cook the pasta according to package instructions. 3. Chop the carrots. 4. Heat a pan and cook the pork until done. 5. Add the carrots and cook until tender. 6. Stir in the tomato sauce and mix well. 7. Combine with the pasta and serve.
211,lentils_potatoes_meal_extra_211,lentils,potatoes,peppers,soy sauce,641,20,55,11,19,medium,1. Prepare the lentils by cutting and seasoning it. 2. Cook the potatoes according to package instructions. 3. Chop the peppers. 4. Heat a pan and cook the lentils until done. 5. Add the peppers and cook until tender. 6. Stir in the soy sauce and mix well. 7. Combine with the potatoes and serve.
212,salmon_quinoa_meal_extra_212,salmon,quinoa,broccoli,teriyaki,638,55,70,24,52,easy,1. Prepare the salmon by cutting and seasoning it. 2. Cook the quinoa according to package instructions. 3. Chop the broccoli. 4. Heat a pan and cook the salmon until done. 5. Add the broccoli and cook until tender. 6. Stir in the teriyaki and mix well. 7. Combine with the quinoa and serve.
213,lentils_quinoa_meal_extra_213,lentils,quinoa,spinach,tomato sauce,784,51,41,11,51,hard,1. Prepare the lentils by cutting and seasoning it. 2. Cook the quinoa according to package instructions. 3. Chop the spinach. 4. Heat a pan and cook the lentils until done. 5. Add the spinach and cook until tender. 6. Stir in the tomato sauce and mix well. 7. Combine with the quinoa and serve.
214,lentils_pasta_meal_extra_214,lentils,pasta,spinach,pesto,740,26,61,10,22,medium,1. Prepare the lentils by cutting and seasoning it. 2. Cook the pasta according to package instructions. 3. Chop the spinach. 4. Heat a pan and cook the lentils until done. 5. Add the spinach and cook until tender. 6. Stir in the pesto and mix well. 7. Combine with the pasta and serve.
215,chicken_noodles_meal_extra_215,chicken,noodles,broccoli,pesto,507,20,60,24,53,hard,1. Prepare the chicken by cutting and seasoning it. 2. Cook the noodles according to package instructions. 3. Chop the broccoli. 4. Heat a pan and cook the chicken until done. 5. Add the broccoli and cook until tender. 6. Stir in the pesto and mix well. 7. Combine with the noodles and serve.
216,lentils_pasta_meal_extra_216,lentils,pasta,green beans,teriyaki,440,27,42,25,26,hard,1. Prepare the lentils by cutting and seasoning it. 2. Cook the pasta according to package instructions. 3. Chop the green beans. 4. Heat a pan and cook the lentils until done. 5. Add the green beans and cook until tender. 6. Stir in the teriyaki and mix well. 7. Combine with the pasta and serve.
217,turkey_quinoa_meal_extra_217,turkey,quinoa,green beans,tomato sauce,782,53,48,11,10,hard,1. Prepare the turkey by cutting and seasoning it. 2. Cook the quinoa according to package instructions. 3. Chop the green beans. 4. Heat a pan and cook the turkey until done. 5. Add the green beans and cook until tender. 6. Stir in the tomato sauce and mix well. 7. Combine with the quinoa and serve.
218,tofu_quinoa_meal_extra_218,tofu,quinoa,spinach,pesto,607,20,85,35,49,medium,1. Prepare the tofu by cutting and seasoning it. 2. Cook the quinoa according to package instructions. 3. Chop the spinach. 4. Heat a pan and cook the tofu until done. 5. Add the spinach and cook until tender. 6. Stir in the pesto and mix well. 7. Combine with the quinoa and serve.
219,salmon_quinoa_meal_extra_219,salmon,quinoa,peppers,garlic sauce,847,30,60,16,33,medium,1. Prepare the salmon by cutting and seasoning it. 2. Cook the quinoa according to package instructions. 3. Chop the peppers. 4. Heat a pan and cook the salmon until done. 5. Add the peppers and cook until tender. 6. Stir in the garlic sauce and mix well. 7. Combine with the quinoa and serve.
220,tofu_noodles_meal_extra_220,tofu,noodles,spinach,tomato sauce,724,39,50,10,29,easy,1. Prepare the tofu by cutting and seasoning it. 2. Cook the noodles according to package instructions. 3. Chop the spinach. 4. Heat a pan and cook the tofu until done. 5. Add the spinach and cook until tender. 6. Stir in the tomato sauce and mix well. 7. Combine with the noodles and serve.
221,salmon_quinoa_meal_extra_221,salmon,quinoa,peppers,pesto,771,28,75,29,32,medium,1. Prepare the salmon by cutting and seasoning it. 2. Cook the quinoa according to package instructions. 3. Chop the peppers. 4. Heat a pan and cook the salmon until done. 5. Add the peppers and cook until tender. 6. Stir in the pesto and mix well. 7. Combine with the quinoa and serve.
222,salmon_rice_meal_extra_222,salmon,rice,zucchini,cream sauce,524,32,69,16,31,easy,1. Prepare the salmon by cutting and seasoning it. 2. Cook the rice according to package instructions. 3. Chop the zucchini. 4. Heat a pan and cook the salmon until done. 5. Add the zucchini and cook until tender. 6. Stir in the cream sauce and mix well. 7. Combine with the rice and serve.
223,pork_potatoes_meal_extra_223,pork,potatoes,broccoli,garlic sauce,519,30,79,29,15,medium,1. Prepare the pork by cutting and seasoning it. 2. Cook the potatoes according to package instructions. 3. Chop the broccoli. 4. Heat a pan and cook the pork until done. 5. Add the broccoli and cook until tender. 6. Stir in the garlic sauce and mix well. 7. Combine with the potatoes and serve.
224,pork_rice_meal_extra_224,pork,rice,peppers,cream sauce,537,53,76,32,43,hard,1. Prepare the pork by cutting and seasoning it. 2. Cook the rice according to package instructions. 3. Chop the peppers. 4. Heat a pan and cook the pork until done. 5. Add the peppers and cook until tender. 6. Stir in the cream sauce and mix well. 7. Combine with the rice and serve.
225,pork_potatoes_meal_extra_225,pork,potatoes,spinach,tomato sauce,693,58,69,35,19,hard,1. Prepare the pork by cutting and seasoning it. 2. Cook the potatoes according to package instructions. 3. Chop the spinach. 4. Heat a pan and cook the pork until done. 5. Add the spinach and cook until tender. 6. Stir in the tomato sauce and mix well. 7. Combine with the potatoes and serve.
226,turkey_pasta_meal_extra_226,turkey,pasta,green beans,teriyaki,649,25,92,26,45,easy,1. Prepare the turkey by cutting and seasoning it. 2. Cook the pasta according to package instructions. 3. Chop the green beans. 4. Heat a pan and cook the turkey until done. 5. Add the green beans and cook until tender. 6. Stir in the teriyaki and mix well. 7. Combine with the pasta and serve.
227,shrimp_pasta_meal_extra_227,shrimp,pasta,broccoli,cream sauce,804,51,79,20,45,easy,1. Prepare the shrimp by cutting and seasoning it. 2. Cook the pasta according to package instructions. 3. Chop the broccoli. 4. Heat a pan and cook the shrimp until done. 5. Add the broccoli and cook until tender. 6. Stir in the cream sauce and mix well. 7. Combine with the pasta and serve.
228,salmon_quinoa_meal_extra_228,salmon,quinoa,carrots,soy sauce,651,35,53,12,40,medium,1. Prepare the salmon by cutting and seasoning it. 2. Cook the quinoa according to package instructions. 3. Chop the carrots. 4. Heat a pan and cook the salmon until done. 5. Add the carrots and cook until tender. 6. Stir in the soy sauce and mix well. 7. Combine with the quinoa and serve.
229,turkey_quinoa_meal_extra_229,turkey,quinoa,carrots,tomato sauce,526,40,100,10,53,easy,1. Prepare the turkey by cutting and seasoning it. 2. Cook the quinoa according to package instructions. 3. Chop the carrots. 4. Heat a pan and cook the turkey until done. 5. Add the carrots and cook until tender. 6. Stir in the tomato sauce and mix well. 7. Combine with the quinoa and serve.
230,pork_potatoes_meal_extra_230,pork,potatoes,zucchini,garlic sauce,725,49,41,34,26,medium,1. Prepare the pork by cutting and seasoning it. 2. Cook the potatoes according to package instructions. 3. Chop the zucchini. 4. Heat a pan and cook the pork until done. 5. Add the zucchini and cook until tender. 6. Stir in the garlic sauce and mix well. 7. Combine with the potatoes and serve.
231,beef_quinoa_meal_extra_231,beef,quinoa,zucchini,soy sauce,835,56,58,14,60,medium,1. Prepare the beef by cutting and seasoning it. 2. Cook the quinoa according to package instructions. 3. Chop the zucchini. 4. Heat a pan and cook the beef until done. 5. Add the zucchini and cook until tender. 6. Stir in the soy sauce and mix well. 7. Combine with the quinoa and serve.
232,pork_noodles_meal_extra_232,pork,noodles,carrots,soy sauce,734,56,88,34,26,easy,1. Prepare the pork by cutting and seasoning it. 2. Cook the noodles according to package instructions. 3. Chop the carrots. 4. Heat a pan and cook the pork until done. 5. Add the carrots and cook until tender. 6. Stir in the soy sauce and mix well. 7. Combine with the noodles and serve.
233,beef_noodles_meal_extra_233,beef,noodles,zucchini,tomato sauce,462,47,78,11,52,hard,1. Prepare the beef by cutting and seasoning it. 2. Cook the noodles according to package instructions. 3. Chop the zucchini. 4. Heat a pan and cook the beef until done. 5. Add the zucchini and cook until tender. 6. Stir in the tomato sauce and mix well. 7. Combine with the noodles and serve.
234,lentils_quinoa_meal_extra_234,lentils,quinoa,green beans,soy sauce,741,58,49,29,26,easy,1. Prepare the lentils by cutting and seasoning it. 2. Cook the quinoa according to package instructions. 3. Chop the green beans. 4. Heat a pan and cook the lentils until done. 5. Add the green beans and cook until tender. 6. Stir in the soy sauce and mix well. 7. Combine with the quinoa and serve.
235,shrimp_noodles_meal_extra_235,shrimp,noodles,broccoli,garlic sauce,765,57,78,18,29,hard,1. Prepare the shrimp by cutting and seasoning it. 2. Cook the noodles according to package instructions. 3. Chop the broccoli. 4. Heat a pan and cook the shrimp until done. 5. Add the broccoli and cook until tender. 6. Stir in the garlic sauce and mix well. 7. Combine with the noodles and serve.
236,chicken_potatoes_meal_extra_236,chicken,potatoes,carrots,garlic sauce,517,48,44,18,36,easy,1. Prepare the chicken by cutting and seasoning it. 2. Cook the potatoes according to package instructions. 3. Chop the carrots. 4. Heat a pan and cook the chicken until done. 5. Add the carrots and cook until tender. 6. Stir in the garlic sauce and mix well. 7. Combine with the potatoes and serve.
237,beef_pasta_meal_extra_237,beef,pasta,peppers,cream sauce,568,27,51,14,59,medium,1. Prepare the beef by cutting and seasoning it. 2. Cook the pasta according to package instructions. 3. Chop the peppers. 4. Heat a pan and cook the beef until done. 5. Add the peppers and cook until tender. 6. Stir in the cream sauce and mix well. 7. Combine with the pasta and serve.
238,tofu_rice_meal_extra_238,tofu,rice,carrots,teriyaki,466,23,93,33,24,easy,1. Prepare the tofu by cutting and seasoning it. 2. Cook the rice according to package instructions. 3. Chop the carrots. 4. Heat a pan and cook the tofu until done. 5. Add the carrots and cook until tender. 6. Stir in the teriyaki and mix well. 7. Combine with the rice and serve.
239,lentils_potatoes_meal_extra_239,lentils,potatoes,spinach,teriyaki,732,50,82,27,33,hard,1. Prepare the lentils by cutting and seasoning it. 2. Cook the potatoes according to package instructions. 3. Chop the spinach. 4. Heat a pan and cook the lentils until done. 5. Add the spinach and cook until tender. 6. Stir in the teriyaki and mix well. 7. Combine with the potatoes and serve.
240,lentils_quinoa_meal_extra_240,lentils,quinoa,peppers,cream sauce,622,43,49,20,18,easy,1. Prepare the lentils by cutting and seasoning it. 2. Cook the quinoa according to package instructions. 3. Chop the peppers. 4. Heat a pan and cook the lentils until done. 5. Add the peppers and cook until tender. 6. Stir in the cream sauce and mix well. 7. Combine with the quinoa and serve.
241,lentils_pasta_meal_extra_241,lentils,pasta,green beans,soy sauce,683,56,74,15,54,easy,1. Prepare the lentils by cutting and seasoning it. 2. Cook the pasta according to package instructions. 3. Chop the green beans. 4. Heat a pan and cook the lentils until done. 5. Add the green beans and cook until tender. 6. Stir in the soy sauce and mix well. 7. Combine with the pasta and serve.
242,lentils_noodles_meal_extra_242,lentils,noodles,peppers,teriyaki,542,33,57,22,31,hard,1. Prepare the lentils by cutting and seasoning it. 2. Cook the noodles according to package instructions. 3. Chop the peppers. 4. Heat a pan and cook the lentils until done. 5. Add the peppers and cook until tender. 6. Stir in the teriyaki and mix well. 7. Combine with the noodles and serve.
243,beef_potatoes_meal_extra_243,beef,potatoes,zucchini,tomato sauce,811,39,65,27,48,hard,1. Prepare the beef by cutting and seasoning it. 2. Cook the potatoes according to package instructions. 3. Chop the zucchini. 4. Heat a pan and cook the beef until done. 5. Add the zucchini and cook until tender. 6. Stir in the tomato sauce and mix well. 7. Combine with the potatoes and serve.
244,tofu_potatoes_meal_extra_244,tofu,potatoes,peppers,pesto,735,35,92,33,16,easy,1. Prepare the tofu by cutting and seasoning it. 2. Cook the potatoes according to package instructions. 3. Chop the peppers. 4. Heat a pan and cook the tofu until done. 5. Add the peppers and cook until tender. 6. Stir in the pesto and mix well. 7. Combine with the potatoes and serve.
245,tofu_quinoa_meal_extra_245,tofu,quinoa,green beans,tomato sauce,612,47,85,28,49,easy,1. Prepare the tofu by cutting and seasoning it. 2. Cook the quinoa according to package instructions. 3. Chop the green beans. 4. Heat a pan and cook the tofu until done. 5. Add the green beans and cook until tender. 6. Stir in the tomato sauce and mix well. 7. Combine with the quinoa and serve.
246,pork_pasta_meal_extra_246,pork,pasta,carrots,garlic sauce,525,54,42,11,57,hard,1. Prepare the pork by cutting and seasoning it. 2. Cook the pasta according to package instructions. 3. Chop the carrots. 4. Heat a pan and cook the pork until done. 5. Add the carrots and cook until tender. 6. Stir in the garlic sauce and mix well. 7. Combine with the pasta and serve.
247,beef_rice_meal_extra_247,beef,rice,spinach,teriyaki,772,34,75,14,26,easy,1. Prepare the beef by cutting and seasoning it. 2. Cook the rice according to package instructions. 3. Chop the spinach. 4. Heat a pan and cook the beef until done. 5. Add the spinach and cook until tender. 6. Stir in the teriyaki and mix well. 7. Combine with the rice and serve.
248,tofu_rice_meal_extra_248,tofu,rice,peppers,pesto,525,24,51,21,44,medium,1. Prepare the tofu by cutting and seasoning it. 2. Cook the rice according to package instructions. 3. Chop the peppers. 4. Heat a pan and cook the tofu until done. 5. Add the peppers and cook until tender. 6. Stir in the pesto and mix well. 7. Combine with the rice and serve.
249,beef_noodles_meal_extra_249,beef,noodles,carrots,cream sauce,660,40,71,22,43,easy,1. Prepare the beef by cutting and seasoning it. 2. Cook the noodles according to package instructions. 3. Chop the carrots. 4. Heat a pan and cook the beef until done. 5. Add the carrots and cook until tender. 6. Stir in the cream sauce and mix well. 7. Combine with the noodles and serve.
250,turkey_potatoes_meal_extra_250,turkey,potatoes,zucchini,soy sauce,439,34,68,34,30,medium,1. Prepare the turkey by cutting and seasoning it. 2. Cook the potatoes according to package instructions. 3. Chop the zucchini. 4. Heat a pan and cook the turkey until done. 5. Add the zucchini and cook until tender. 6. Stir in the soy sauce and mix well. 7. Combine with the potatoes and serve.
251,lentils_rice_meal_extra_251,lentils,rice,broccoli,cream sauce,703,27,65,13,23,hard,1. Prepare the lentils by cutting and seasoning it. 2. Cook the rice according to package instructions. 3. Chop the broccoli. 4. Heat a pan and cook the lentils until done. 5. Add the broccoli and cook until tender. 6. Stir in the cream sauce and mix well. 7. Combine with the rice and serve.
252,shrimp_pasta_meal_extra_252,shrimp,pasta,spinach,tomato sauce,727,59,84,10,24,easy,1. Prepare the shrimp by cutting and seasoning it. 2. Cook the pasta according to package instructions. 3. Chop the spinach. 4. Heat a pan and cook the shrimp until done. 5. Add the spinach and cook until tender. 6. Stir in the tomato sauce and mix well. 7. Combine with the pasta and serve.
253,lentils_potatoes_meal_extra_253,lentils,potatoes,carrots,teriyaki,802,39,67,11,44,hard,1. Prepare the lentils by cutting and seasoning it. 2. Cook the potatoes according to package instructions. 3. Chop the carrots. 4. Heat a pan and cook the lentils until done. 5. Add the carrots and cook until tender. 6. Stir in the teriyaki and mix well. 7. Combine with the potatoes and serve.
254,chicken_quinoa_meal_extra_254,chicken,quinoa,broccoli,teriyaki,658,37,91,31,34,hard,1. Prepare the chicken by cutting and seasoning it. 2. Cook the quinoa according to package instructions. 3. Chop the broccoli. 4. Heat a pan and cook the chicken until done. 5. Add the broccoli and cook until tender. 6. Stir in the teriyaki and mix well. 7. Combine with the quinoa and serve.
255,beef_rice_meal_extra_255,beef,rice,carrots,teriyaki,480,52,51,34,17,easy,1. Prepare the beef by cutting and seasoning it. 2. Cook the rice according to package instructions. 3. Chop the carrots. 4. Heat a pan and cook the beef until done. 5. Add the carrots and cook until tender. 6. Stir in the teriyaki and mix well. 7. Combine with the rice and serve.
256,shrimp_quinoa_meal_extra_256,shrimp,quinoa,broccoli,tomato sauce,787,21,42,22,27,medium,1. Prepare the shrimp by cutting and seasoning it. 2. Cook the quinoa according to package instructions. 3. Chop the broccoli. 4. Heat a pan and cook the shrimp until done. 5. Add the broccoli and cook until tender. 6. Stir in the tomato sauce and mix well. 7. Combine with the quinoa and serve.
257,salmon_potatoes_meal_extra_257,salmon,potatoes,green beans,garlic sauce,620,34,51,27,51,easy,1. Prepare the salmon by cutting and seasoning it. 2. Cook the potatoes according to package instructions. 3. Chop the green beans. 4. Heat a pan and cook the salmon until done. 5. Add the green beans and cook until tender. 6. Stir in the garlic sauce and mix well. 7. Combine with the potatoes and serve.
258,lentils_pasta_meal_extra_258,lentils,pasta,peppers,garlic sauce,552,46,59,19,49,hard,1. Prepare the lentils by cutting and seasoning it. 2. Cook the pasta according to package instructions. 3. Chop the peppers. 4. Heat a pan and cook the lentils until done. 5. Add the peppers and cook until tender. 6. Stir in the garlic sauce and mix well. 7. Combine with the pasta and serve.
259,tofu_rice_meal_extra_259,tofu,rice,carrots,cream sauce,435,29,88,30,33,easy,1. Prepare the tofu by cutting and seasoning it. 2. Cook the rice according to package instructions. 3. Chop the carrots. 4. Heat a pan and cook the tofu until done. 5. Add the carrots and cook until tender. 6. Stir in the cream sauce and mix well. 7. Combine with the rice and serve.
260,lentils_potatoes_meal_extra_260,lentils,potatoes,zucchini,tomato sauce,853,33,61,24,59,hard,1. Prepare the lentils by cutting and seasoning it. 2. Cook the potatoes according to package instructions. 3. Chop the zucchini. 4. Heat a pan and cook the lentils until done. 5. Add the zucchini and cook until tender. 6. Stir in the tomato sauce and mix well. 7. Combine with the potatoes and serve.
261,shrimp_pasta_meal_extra_261,shrimp,pasta,peppers,teriyaki,600,47,83,16,27,easy,1. Prepare the shrimp by cutting and seasoning it. 2. Cook the pasta according to package instructions. 3. Chop the peppers. 4. Heat a pan and cook the shrimp until done. 5. Add the peppers and cook until tender. 6. Stir in the teriyaki and mix well. 7. Combine with the pasta and serve.
262,beef_pasta_meal_extra_262,beef,pasta,zucchini,tomato sauce,534,27,87,26,26,hard,1. Prepare the beef by cutting and seasoning it. 2. Cook the pasta according to package instructions. 3. Chop the zucchini. 4. Heat a pan and cook the beef until done. 5. Add the zucchini and cook until tender. 6. Stir in the tomato sauce and mix well. 7. Combine with the pasta and serve.
263,salmon_rice_meal_extra_263,salmon,rice,broccoli,pesto,520,56,86,28,46,easy,1. Prepare the salmon by cutting and seasoning it. 2. Cook the rice according to package instructions. 3. Chop the broccoli. 4. Heat a pan and cook the salmon until done. 5. Add the broccoli and cook until tender. 6. Stir in the pesto and mix well. 7. Combine with the rice and serve.
264,shrimp_pasta_meal_extra_264,shrimp,pasta,green beans,pesto,712,24,60,25,22,easy,1. Prepare the shrimp by cutting and seasoning it. 2. Cook the pasta according to package instructions. 3. Chop the green beans. 4. Heat a pan and cook the shrimp until done. 5. Add the green beans and cook until tender. 6. Stir in the pesto and mix well. 7. Combine with the pasta and serve.
265,pork_quinoa_meal_extra_265,pork,quinoa,zucchini,soy sauce,493,27,77,23,55,hard,1. Prepare the pork by cutting and seasoning it. 2. Cook the quinoa according to package instructions. 3. Chop the zucchini. 4. Heat a pan and cook the pork until done. 5. Add the zucchini and cook until tender. 6. Stir in the soy sauce and mix well. 7. Combine with the quinoa and serve.
266,lentils_rice_meal_extra_266,lentils,rice,broccoli,pesto,846,35,58,12,27,easy,1. Prepare the lentils by cutting and seasoning it. 2. Cook the rice according to package instructions. 3. Chop the broccoli. 4. Heat a pan and cook the lentils until done. 5. Add the broccoli and cook until tender. 6. Stir in the pesto and mix well. 7. Combine with the rice and serve.
267,shrimp_rice_meal_extra_267,shrimp,rice,spinach,teriyaki,600,44,58,10,26,medium,1. Prepare the shrimp by cutting and seasoning it. 2. Cook the rice according to package instructions. 3. Chop the spinach. 4. Heat a pan and cook the shrimp until done. 5. Add the spinach and cook until tender. 6. Stir in the teriyaki and mix well. 7. Combine with the rice and serve.
268,salmon_noodles_meal_extra_268,salmon,noodles,broccoli,teriyaki,731,55,98,29,44,medium,1. Prepare the salmon by cutting and seasoning it. 2. Cook the noodles according to package instructions. 3. Chop the broccoli. 4. Heat a pan and cook the salmon until done. 5. Add the broccoli and cook until tender. 6. Stir in the teriyaki and mix well. 7. Combine with the noodles and serve.
269,pork_rice_meal_extra_269,pork,rice,broccoli,garlic sauce,755,37,45,11,20,easy,1. Prepare the pork by cutting and seasoning it. 2. Cook the rice according to package instructions. 3. Chop the broccoli. 4. Heat a pan and cook the pork until done. 5. Add the broccoli and cook until tender. 6. Stir in the garlic sauce and mix well. 7. Combine with the rice and serve.
270,lentils_noodles_meal_extra_270,lentils,noodles,broccoli,soy sauce,742,40,54,11,59,medium,1. Prepare the lentils by cutting and seasoning it. 2. Cook the noodles according to package instructions. 3. Chop the broccoli. 4. Heat a pan and cook the lentils until done. 5. Add the broccoli and cook until tender. 6. Stir in the soy sauce and mix well. 7. Combine with the noodles and serve.
271,turkey_potatoes_meal_extra_271,turkey,potatoes,green beans,soy sauce,524,42,40,23,20,easy,1. Prepare the turkey by cutting and seasoning it. 2. Cook the potatoes according to package instructions. 3. Chop the green beans. 4. Heat a pan and cook the turkey until done. 5. Add the green beans and cook until tender. 6. Stir in the soy sauce and mix well. 7. Combine with the potatoes and serve.
272,chicken_quinoa_meal_extra_272,chicken,quinoa,spinach,tomato sauce,471,55,89,34,25,medium,1. Prepare the chicken by cutting and seasoning it. 2. Cook the quinoa according to package instructions. 3. Chop the spinach. 4. Heat a pan and cook the chicken until done. 5. Add the spinach and cook until tender. 6. Stir in the tomato sauce and mix well. 7. Combine with the quinoa and serve.
273,salmon_pasta_meal_extra_273,salmon,pasta,green beans,pesto,660,36,52,25,12,easy,1. Prepare the salmon by cutting and seasoning it. 2. Cook the pasta according to package instructions. 3. Chop the green beans. 4. Heat a pan and cook the salmon until done. 5. Add the green beans and cook until tender. 6. Stir in the pesto and mix well. 7. Combine with the pasta and serve.
274,chicken_potatoes_meal_extra_274,chicken,potatoes,green beans,teriyaki,534,39,83,21,45,medium,1. Prepare the chicken by cutting and seasoning it. 2. Cook the potatoes according to package instructions. 3. Chop the green beans. 4. Heat a pan and cook the chicken until done. 5. Add the green beans and cook until tender. 6. Stir in the teriyaki and mix well. 7. Combine with the potatoes and serve.
275,salmon_pasta_meal_extra_275,salmon,pasta,broccoli,pesto,887,23,62,35,48,medium,1. Prepare the salmon by cutting and seasoning it. 2. Cook the pasta according to package instructions. 3. Chop the broccoli. 4. Heat a pan and cook the salmon until done. 5. Add the broccoli and cook until tender. 6. Stir in the pesto and mix well. 7. Combine with the pasta and serve.
276,turkey_quinoa_meal_extra_276,turkey,quinoa,broccoli,teriyaki,788,51,55,29,51,hard,1. Prepare the turkey by cutting and seasoning it. 2. Cook the quinoa according to package instructions. 3. Chop the broccoli. 4. Heat a pan and cook the turkey until done. 5. Add the broccoli and cook until tender. 6. Stir in the teriyaki and mix well. 7. Combine with the quinoa and serve.
277,beef_quinoa_meal_extra_277,beef,quinoa,carrots,tomato sauce,455,56,66,10,34,easy,1. Prepare the beef by cutting and seasoning it. 2. Cook the quinoa according to package instructions. 3. Chop the carrots. 4. Heat a pan and cook the beef until done. 5. Add the carrots and cook until tender. 6. Stir in the tomato sauce and mix well. 7. Combine with the quinoa and serve.
278,turkey_quinoa_meal_extra_278,turkey,quinoa,spinach,soy sauce,840,58,53,32,49,hard,1. Prepare the turkey by cutting and seasoning it. 2. Cook the quinoa according to package instructions. 3. Chop the spinach. 4. Heat a pan and cook the turkey until done. 5. Add the spinach and cook until tender. 6. Stir in the soy sauce and mix well. 7. Combine with the quinoa and serve.
279,tofu_quinoa_meal_extra_279,tofu,quinoa,carrots,garlic sauce,781,31,49,20,26,medium,1. Prepare the tofu by cutting and seasoning it. 2. Cook the quinoa according to package instructions. 3. Chop the carrots. 4. Heat a pan and cook the tofu until done. 5. Add the carrots and cook until tender. 6. Stir in the garlic sauce and mix well. 7. Combine with the quinoa and serve.
280,lentils_rice_meal_extra_280,lentils,rice,zucchini,teriyaki,782,48,70,17,43,hard,1. Prepare the lentils by cutting and seasoning it. 2. Cook the rice according to package instructions. 3. Chop the zucchini. 4. Heat a pan and cook the lentils until done. 5. Add the zucchini and cook until tender. 6. Stir in the teriyaki and mix well. 7. Combine with the rice and serve.
281,salmon_quinoa_meal_extra_281,salmon,quinoa,broccoli,pesto,591,56,77,35,39,medium,1. Prepare the salmon by cutting and seasoning it. 2. Cook the quinoa according to package instructions. 3. Chop the broccoli. 4. Heat a pan and cook the salmon until done. 5. Add the broccoli and cook until tender. 6. Stir in the pesto and mix well. 7. Combine with the quinoa and serve.
282,chicken_noodles_meal_extra_282,chicken,noodles,zucchini,teriyaki,468,57,47,12,26,medium,1. Prepare the chicken by cutting and seasoning it. 2. Cook the noodles according to package instructions. 3. Chop the zucchini. 4. Heat a pan and cook the chicken until done. 5. Add the zucchini and cook until tender. 6. Stir in the teriyaki and mix well. 7. Combine with the noodles and serve.
283,tofu_noodles_meal_extra_283,tofu,noodles,carrots,soy sauce,555,50,98,17,45,medium,1. Prepare the tofu by cutting and seasoning it. 2. Cook the noodles according to package instructions. 3. Chop the carrots. 4. Heat a pan and cook the tofu until done. 5. Add the carrots and cook until tender. 6. Stir in the soy sauce and mix well. 7. Combine with the noodles and serve.
284,lentils_quinoa_meal_extra_284,lentils,quinoa,zucchini,teriyaki,848,34,60,30,36,easy,1. Prepare the lentils by cutting and seasoning it. 2. Cook the quinoa according to package instructions. 3. Chop the zucchini. 4. Heat a pan and cook the lentils until done. 5. Add the zucchini and cook until tender. 6. Stir in the teriyaki and mix well. 7. Combine with the quinoa and serve.
285,tofu_pasta_meal_extra_285,tofu,pasta,peppers,teriyaki,442,30,69,34,10,medium,1. Prepare the tofu by cutting and seasoning it. 2. Cook the pasta according to package instructions. 3. Chop the peppers. 4. Heat a pan and cook the tofu until done. 5. Add the peppers and cook until tender. 6. Stir in the teriyaki and mix well. 7. Combine with the pasta and serve.
286,beef_pasta_meal_extra_286,beef,pasta,peppers,cream sauce,672,51,91,23,26,easy,1. Prepare the beef by cutting and seasoning it. 2. Cook the pasta according to package instructions. 3. Chop the peppers. 4. Heat a pan and cook the beef until done. 5. Add the peppers and cook until tender. 6. Stir in the cream sauce and mix well. 7. Combine with the pasta and serve.
287,turkey_rice_meal_extra_287,turkey,rice,broccoli,cream sauce,412,43,40,34,13,medium,1. Prepare the turkey by cutting and seasoning it. 2. Cook the rice according to package instructions. 3. Chop the broccoli. 4. Heat a pan and cook the turkey until done. 5. Add the broccoli and cook until tender. 6. Stir in the cream sauce and mix well. 7. Combine with the rice and serve.
288,shrimp_rice_meal_extra_288,shrimp,rice,carrots,cream sauce,464,31,42,14,35,medium,1. Prepare the shrimp by cutting and seasoning it. 2. Cook the rice according to package instructions. 3. Chop the carrots. 4. Heat a pan and cook the shrimp until done. 5. Add the carrots and cook until tender. 6. Stir in the cream sauce and mix well. 7. Combine with the rice and serve.
289,shrimp_rice_meal_extra_289,shrimp,rice,carrots,garlic sauce,580,51,82,34,11,hard,1. Prepare the shrimp by cutting and seasoning it. 2. Cook the rice according to package instructions. 3. Chop the carrots. 4. Heat a pan and cook the shrimp until done. 5. Add the carrots and cook until tender. 6. Stir in the garlic sauce and mix well. 7. Combine with the rice and serve.
290,lentils_pasta_meal_extra_290,lentils,pasta,carrots,garlic sauce,854,32,85,13,27,medium,1. Prepare the lentils by cutting and seasoning it. 2. Cook the pasta according to package instructions. 3. Chop the carrots. 4. Heat a pan and cook the lentils until done. 5. Add the carrots and cook until tender. 6. Stir in the garlic sauce and mix well. 7. Combine with the pasta and serve.
291,pork_quinoa_meal_extra_291,pork,quinoa,broccoli,soy sauce,713,35,57,11,42,medium,1. Prepare the pork by cutting and seasoning it. 2. Cook the quinoa according to package instructions. 3. Chop the broccoli. 4. Heat a pan and cook the pork until done. 5. Add the broccoli and cook until tender. 6. Stir in the soy sauce and mix well. 7. Combine with the quinoa and serve.
292,beef_quinoa_meal_extra_292,beef,quinoa,zucchini,pesto,712,56,72,28,16,medium,1. Prepare the beef by cutting and seasoning it. 2. Cook the quinoa according to package instructions. 3. Chop the zucchini. 4. Heat a pan and cook the beef until done. 5. Add the zucchini and cook until tender. 6. Stir in the pesto and mix well. 7. Combine with the quinoa and serve.
293,tofu_pasta_meal_extra_293,tofu,pasta,carrots,cream sauce,494,32,49,12,58,hard,1. Prepare the tofu by cutting and seasoning it. 2. Cook the pasta according to package instructions. 3. Chop the carrots. 4. Heat a pan and cook the tofu until done. 5. Add the carrots and cook until tender. 6. Stir in the cream sauce and mix well. 7. Combine with the pasta and serve.
294,lentils_noodles_meal_extra_294,lentils,noodles,carrots,soy sauce,592,59,72,26,49,medium,1. Prepare the lentils by cutting and seasoning it. 2. Cook the noodles according to package instructions. 3. Chop the carrots. 4. Heat a pan and cook the lentils until done. 5. Add the carrots and cook until tender. 6. Stir in the soy sauce and mix well. 7. Combine with the noodles and serve.
295,salmon_potatoes_meal_extra_295,salmon,potatoes,peppers,pesto,747,40,45,27,51,easy,1. Prepare the salmon by cutting and seasoning it. 2. Cook the potatoes according to package instructions. 3. Chop the peppers. 4. Heat a pan and cook the salmon until done. 5. Add the peppers and cook until tender. 6. Stir in the pesto and mix well. 7. Combine with the potatoes and serve.
296,turkey_potatoes_meal_extra_296,turkey,potatoes,peppers,cream sauce,621,24,70,22,24,hard,1. Prepare the turkey by cutting and seasoning it. 2. Cook the potatoes according to package instructions. 3. Chop the peppers. 4. Heat a pan and cook the turkey until done. 5. Add the peppers and cook until tender. 6. Stir in the cream sauce and mix well. 7. Combine with the potatoes and serve.
297,salmon_noodles_meal_extra_297,salmon,noodles,peppers,teriyaki,493,26,50,11,52,medium,1. Prepare the salmon by cutting and seasoning it. 2. Cook the noodles according to package instructions. 3. Chop the peppers. 4. Heat a pan and cook the salmon until done. 5. Add the peppers and cook until tender. 6. Stir in the teriyaki and mix well. 7. Combine with the noodles and serve.
298,turkey_quinoa_meal_extra_298,turkey,quinoa,zucchini,tomato sauce,512,43,46,16,31,hard,1. Prepare the turkey by cutting and seasoning it. 2. Cook the quinoa according to package instructions. 3. Chop the zucchini. 4. Heat a pan and cook the turkey until done. 5. Add the zucchini and cook until tender. 6. Stir in the tomato sauce and mix well. 7. Combine with the quinoa and serve.
299,lentils_quinoa_meal_extra_299,lentils,quinoa,peppers,garlic sauce,520,33,44,28,31,medium,1. Prepare the lentils by cutting and seasoning it. 2. Cook the quinoa according to package instructions. 3. Chop the peppers. 4. Heat a pan and cook the lentils until done. 5. Add the peppers and cook until tender. 6. Stir in the garlic sauce and mix well. 7. Combine with the quinoa and serve.
300,shrimp_potatoes_meal_extra_300,shrimp,potatoes,zucchini,pesto,662,59,58,10,23,hard,1. Prepare the shrimp by cutting and seasoning it. 2. Cook the potatoes according to package instructions. 3. Chop the zucchini. 4. Heat a pan and cook the shrimp until done. 5. Add the zucchini and cook until tender. 6. Stir in the pesto and mix well. 7. Combine with the potatoes and serve.
301,lentils_rice_meal_extra_301,lentils,rice,spinach,pesto,473,46,63,26,15,easy,1. Prepare the lentils by cutting and seasoning it. 2. Cook the rice according to package instructions. 3. Chop the spinach. 4. Heat a pan and cook the lentils until done. 5. Add the spinach and cook until tender. 6. Stir in the pesto and mix well. 7. Combine with the rice and serve.
302,beef_pasta_meal_extra_302,beef,pasta,broccoli,cream sauce,796,54,40,33,47,easy,1. Prepare the beef by cutting and seasoning it. 2. Cook the pasta according to package instructions. 3. Chop the broccoli. 4. Heat a pan and cook the beef until done. 5. Add the broccoli and cook until tender. 6. Stir in the cream sauce and mix well. 7. Combine with the pasta and serve.
303,turkey_quinoa_meal_extra_303,turkey,quinoa,green beans,tomato sauce,868,33,99,25,44,hard,1. Prepare the turkey by cutting and seasoning it. 2. Cook the quinoa according to package instructions. 3. Chop the green beans. 4. Heat a pan and cook the turkey until done. 5. Add the green beans and cook until tender. 6. Stir in the tomato sauce and mix well. 7. Combine with the quinoa and serve.
304,pork_pasta_meal_extra_304,pork,pasta,green beans,pesto,770,21,88,29,51,hard,1. Prepare the pork by cutting and seasoning it. 2. Cook the pasta according to package instructions. 3. Chop the green beans. 4. Heat a pan and cook the pork until done. 5. Add the green beans and cook until tender. 6. Stir in the pesto and mix well. 7. Combine with the pasta and serve.
305,turkey_noodles_meal_extra_305,turkey,noodles,peppers,teriyaki,505,60,82,27,39,medium,1. Prepare the turkey by cutting and seasoning it. 2. Cook the noodles according to package instructions. 3. Chop the peppers. 4. Heat a pan and cook the turkey until done. 5. Add the peppers and cook until tender. 6. Stir in the teriyaki and mix well. 7. Combine with the noodles and serve.
306,turkey_noodles_meal_extra_306,turkey,noodles,zucchini,cream sauce,476,21,57,24,51,medium,1. Prepare the turkey by cutting and seasoning it. 2. Cook the noodles according to package instructions. 3. Chop the zucchini. 4. Heat a pan and cook the turkey until done. 5. Add the zucchini and cook until tender. 6. Stir in the cream sauce and mix well. 7. Combine with the noodles and serve.
307,tofu_quinoa_meal_extra_307,tofu,quinoa,spinach,teriyaki,829,36,81,29,45,easy,1. Prepare the tofu by cutting and seasoning it. 2. Cook the quinoa according to package instructions. 3. Chop the spinach. 4. Heat a pan and cook the tofu until done. 5. Add the spinach and cook until tender. 6. Stir in the teriyaki and mix well. 7. Combine with the quinoa and serve.
308,tofu_rice_meal_extra_308,tofu,rice,zucchini,garlic sauce,481,37,92,24,53,easy,1. Prepare the tofu by cutting and seasoning it. 2. Cook the rice according to package instructions. 3. Chop the zucchini. 4. Heat a pan and cook the tofu until done. 5. Add the zucchini and cook until tender. 6. Stir in the garlic sauce and mix well. 7. Combine with the rice and serve.
309,tofu_potatoes_meal_extra_309,tofu,potatoes,carrots,teriyaki,686,23,78,35,31,medium,1. Prepare the tofu by cutting and seasoning it. 2. Cook the potatoes according to package instructions. 3. Chop the carrots. 4. Heat a pan and cook the tofu until done. 5. Add the carrots and cook until tender. 6. Stir in the teriyaki and mix well. 7. Combine with the potatoes and serve.
310,shrimp_rice_meal_extra_310,shrimp,rice,carrots,tomato sauce,889,46,52,19,58,medium,1. Prepare the shrimp by cutting and seasoning it. 2. Cook the rice according to package instructions. 3. Chop the carrots. 4. Heat a pan and cook the shrimp until done. 5. Add the carrots and cook until tender. 6. Stir in the tomato sauce and mix well. 7. Combine with the rice and serve.
311,tofu_quinoa_meal_extra_311,tofu,quinoa,peppers,teriyaki,476,60,100,18,11,hard,1. Prepare the tofu by cutting and seasoning it. 2. Cook the quinoa according to package instructions. 3. Chop the peppers. 4. Heat a pan and cook the tofu until done. 5. Add the peppers and cook until tender. 6. Stir in the teriyaki and mix well. 7. Combine with the quinoa and serve.
312,beef_rice_meal_extra_312,beef,rice,peppers,teriyaki,437,31,100,30,56,medium,1. Prepare the beef by cutting and seasoning it. 2. Cook the rice according to package instructions. 3. Chop the peppers. 4. Heat a pan and cook the beef until done. 5. Add the peppers and cook until tender. 6. Stir in the teriyaki and mix well. 7. Combine with the rice and serve.
313,lentils_quinoa_meal_extra_313,lentils,quinoa,peppers,teriyaki,586,20,50,15,42,hard,1. Prepare the lentils by cutting and seasoning it. 2. Cook the quinoa according to package instructions. 3. Chop the peppers. 4. Heat a pan and cook the lentils until done. 5. Add the peppers and cook until tender. 6. Stir in the teriyaki and mix well. 7. Combine with the quinoa and serve.
314,tofu_noodles_meal_extra_314,tofu,noodles,spinach,pesto,479,29,92,35,59,easy,1. Prepare the tofu by cutting and seasoning it. 2. Cook the noodles according to package instructions. 3. Chop the spinach. 4. Heat a pan and cook the tofu until done. 5. Add the spinach and cook until tender. 6. Stir in the pesto and mix well. 7. Combine with the noodles and serve.
315,lentils_rice_meal_extra_315,lentils,rice,green beans,tomato sauce,737,28,55,35,12,hard,1. Prepare the lentils by cutting and seasoning it. 2. Cook the rice according to package instructions. 3. Chop the green beans. 4. Heat a pan and cook the lentils until done. 5. Add the green beans and cook until tender. 6. Stir in the tomato sauce and mix well. 7. Combine with the rice and serve.
316,turkey_pasta_meal_extra_316,turkey,pasta,carrots,tomato sauce,571,27,75,22,39,hard,1. Prepare the turkey by cutting and seasoning it. 2. Cook the pasta according to package instructions. 3. Chop the carrots. 4. Heat a pan and cook the turkey until done. 5. Add the carrots and cook until tender. 6. Stir in the tomato sauce and mix well. 7. Combine with the pasta and serve.
317,beef_potatoes_meal_extra_317,beef,potatoes,carrots,soy sauce,433,33,94,19,58,easy,1. Prepare the beef by cutting and seasoning it. 2. Cook the potatoes according to package instructions. 3. Chop the carrots. 4. Heat a pan and cook the beef until done. 5. Add the carrots and cook until tender. 6. Stir in the soy sauce and mix well. 7. Combine with the potatoes and serve.
318,tofu_rice_meal_extra_318,tofu,rice,peppers,pesto,467,45,84,17,35,medium,1. Prepare the tofu by cutting and seasoning it. 2. Cook the rice according to package instructions. 3. Chop the peppers. 4. Heat a pan and cook the tofu until done. 5. Add the peppers and cook until tender. 6. Stir in the pesto and mix well. 7. Combine with the rice and serve.
319,beef_pasta_meal_extra_319,beef,pasta,zucchini,garlic sauce,565,50,86,16,14,hard,1. Prepare the beef by cutting and seasoning it. 2. Cook the pasta according to package instructions. 3. Chop the zucchini. 4. Heat a pan and cook the beef until done. 5. Add the zucchini and cook until tender. 6. Stir in the garlic sauce and mix well. 7. Combine with the pasta and serve.
320,beef_pasta_meal_extra_320,beef,pasta,broccoli,cream sauce,824,47,80,34,45,easy,1. Prepare the beef by cutting and seasoning it. 2. Cook the pasta according to package instructions. 3. Chop the broccoli. 4. Heat a pan and cook the beef until done. 5. Add the broccoli and cook until tender. 6. Stir in the cream sauce and mix well. 7. Combine with the pasta and serve.
321,beef_potatoes_meal_extra_321,beef,potatoes,spinach,soy sauce,790,34,57,21,10,easy,1. Prepare the beef by cutting and seasoning it. 2. Cook the potatoes according to package instructions. 3. Chop the spinach. 4. Heat a pan and cook the beef until done. 5. Add the spinach and cook until tender. 6. Stir in the soy sauce and mix well. 7. Combine with the potatoes and serve.
322,shrimp_potatoes_meal_extra_322,shrimp,potatoes,broccoli,cream sauce,664,59,92,29,15,hard,1. Prepare the shrimp by cutting and seasoning it. 2. Cook the potatoes according to package instructions. 3. Chop the broccoli. 4. Heat a pan and cook the shrimp until done. 5. Add the broccoli and cook until tender. 6. Stir in the cream sauce and mix well. 7. Combine with the potatoes and serve.
323,tofu_rice_meal_extra_323,tofu,rice,green beans,soy sauce,549,29,50,17,40,medium,1. Prepare the tofu by cutting and seasoning it. 2. Cook the rice according to package instructions. 3. Chop the green beans. 4. Heat a pan and cook the tofu until done. 5. Add the green beans and cook until tender. 6. Stir in the soy sauce and mix well. 7. Combine with the rice and serve.
324,salmon_potatoes_meal_extra_324,salmon,potatoes,green beans,tomato sauce,557,36,58,29,11,hard,1. Prepare the salmon by cutting and seasoning it. 2. Cook the potatoes according to package instructions. 3. Chop the green beans. 4. Heat a pan and cook the salmon until done. 5. Add the green beans and cook until tender. 6. Stir in the tomato sauce and mix well. 7. Combine with the potatoes and serve.
325,pork_rice_meal_extra_325,pork,rice,carrots,teriyaki,744,30,100,26,40,hard,1. Prepare the pork by cutting and seasoning it. 2. Cook the rice according to package instructions. 3. Chop the carrots. 4. Heat a pan and cook the pork until done. 5. Add the carrots and cook until tender. 6. Stir in the teriyaki and mix well. 7. Combine with the rice and serve.
326,lentils_quinoa_meal_extra_326,lentils,quinoa,spinach,teriyaki,600,20,47,27,18,hard,1. Prepare the lentils by cutting and seasoning it. 2. Cook the quinoa according to package instructions. 3. Chop the spinach. 4. Heat a pan and cook the lentils until done. 5. Add the spinach and cook until tender. 6. Stir in the teriyaki and mix well. 7. Combine with the quinoa and serve.
327,salmon_potatoes_meal_extra_327,salmon,potatoes,broccoli,tomato sauce,865,43,82,33,50,easy,1. Prepare the salmon by cutting and seasoning it. 2. Cook the potatoes according to package instructions. 3. Chop the broccoli. 4. Heat a pan and cook the salmon until done. 5. Add the broccoli and cook until tender. 6. Stir in the tomato sauce and mix well. 7. Combine with the potatoes and serve.
328,shrimp_noodles_meal_extra_328,shrimp,noodles,carrots,soy sauce,665,48,100,14,38,medium,1. Prepare the shrimp by cutting and seasoning it. 2. Cook the noodles according to package instructions. 3. Chop the carrots. 4. Heat a pan and cook the shrimp until done. 5. Add the carrots and cook until tender. 6. Stir in the soy sauce and mix well. 7. Combine with the noodles and serve.
329,tofu_noodles_meal_extra_329,tofu,noodles,zucchini,garlic sauce,482,53,86,13,51,easy,1. Prepare the tofu by cutting and seasoning it. 2. Cook the noodles according to package instructions. 3. Chop the zucchini. 4. Heat a pan and cook the tofu until done. 5. Add the zucchini and cook until tender. 6. Stir in the garlic sauce and mix well. 7. Combine with the noodles and serve.
330,salmon_potatoes_meal_extra_330,salmon,potatoes,green beans,garlic sauce,726,57,80,10,33,medium,1. Prepare the salmon by cutting and seasoning it. 2. Cook the potatoes according to package instructions. 3. Chop the green beans. 4. Heat a pan and cook the salmon until done. 5. Add the green beans and cook until tender. 6. Stir in the garlic sauce and mix well. 7. Combine with the potatoes and serve.
331,beef_potatoes_meal_extra_331,beef,potatoes,peppers,pesto,813,22,100,19,49,medium,1. Prepare the beef by cutting and seasoning it. 2. Cook the potatoes according to package instructions. 3. Chop the peppers. 4. Heat a pan and cook the beef until done. 5. Add the peppers and cook until tender. 6. Stir in the pesto and mix well. 7. Combine with the potatoes and serve.
332,shrimp_pasta_meal_extra_332,shrimp,pasta,carrots,tomato sauce,447,53,90,24,56,easy,1. Prepare the shrimp by cutting and seasoning it. 2. Cook the pasta according to package instructions. 3. Chop the carrots. 4. Heat a pan and cook the shrimp until done. 5. Add the carrots and cook until tender. 6. Stir in the tomato sauce and mix well. 7. Combine with the pasta and serve.
333,tofu_quinoa_meal_extra_333,tofu,quinoa,spinach,garlic sauce,742,60,62,10,56,medium,1. Prepare the tofu by cutting and seasoning it. 2. Cook the quinoa according to package instructions. 3. Chop the spinach. 4. Heat a pan and cook the tofu until done. 5. Add the spinach and cook until tender. 6. Stir in the garlic sauce and mix well. 7. Combine with the quinoa and serve.
334,lentils_quinoa_meal_extra_334,lentils,quinoa,carrots,soy sauce,569,34,86,28,38,easy,1. Prepare the lentils by cutting and seasoning it. 2. Cook the quinoa according to package instructions. 3. Chop the carrots. 4. Heat a pan and cook the lentils until done. 5. Add the carrots and cook until tender. 6. Stir in the soy sauce and mix well. 7. Combine with the quinoa and serve.
335,pork_noodles_meal_extra_335,pork,noodles,carrots,garlic sauce,733,43,43,15,60,medium,1. Prepare the pork by cutting and seasoning it. 2. Cook the noodles according to package instructions. 3. Chop the carrots. 4. Heat a pan and cook the pork until done. 5. Add the carrots and cook until tender. 6. Stir in the garlic sauce and mix well. 7. Combine with the noodles and serve.
336,shrimp_pasta_meal_extra_336,shrimp,pasta,green beans,cream sauce,468,25,43,12,51,hard,1. Prepare the shrimp by cutting and seasoning it. 2. Cook the pasta according to package instructions. 3. Chop the green beans. 4. Heat a pan and cook the shrimp until done. 5. Add the green beans and cook until tender. 6. Stir in the cream sauce and mix well. 7. Combine with the pasta and serve.
337,salmon_noodles_meal_extra_337,salmon,noodles,spinach,teriyaki,618,31,90,15,13,hard,1. Prepare the salmon by cutting and seasoning it. 2. Cook the noodles according to package instructions. 3. Chop the spinach. 4. Heat a pan and cook the salmon until done. 5. Add the spinach and cook until tender. 6. Stir in the teriyaki and mix well. 7. Combine with the noodles and serve.
338,pork_rice_meal_extra_338,pork,rice,peppers,soy sauce,745,27,83,25,22,medium,1. Prepare the pork by cutting and seasoning it. 2. Cook the rice according to package instructions. 3. Chop the peppers. 4. Heat a pan and cook the pork until done. 5. Add the peppers and cook until tender. 6. Stir in the soy sauce and mix well. 7. Combine with the rice and serve.
339,pork_noodles_meal_extra_339,pork,noodles,carrots,garlic sauce,769,20,70,19,36,hard,1. Prepare the pork by cutting and seasoning it. 2. Cook the noodles according to package instructions. 3. Chop the carrots. 4. Heat a pan and cook the pork until done. 5. Add the carrots and cook until tender. 6. Stir in the garlic sauce and mix well. 7. Combine with the noodles and serve.
340,salmon_pasta_meal_extra_340,salmon,pasta,peppers,cream sauce,484,44,67,20,13,medium,1. Prepare the salmon by cutting and seasoning it. 2. Cook the pasta according to package instructions. 3. Chop the peppers. 4. Heat a pan and cook the salmon until done. 5. Add the peppers and cook until tender. 6. Stir in the cream sauce and mix well. 7. Combine with the pasta and serve.
341,pork_rice_meal_extra_341,pork,rice,peppers,teriyaki,869,24,82,34,30,medium,1. Prepare the pork by cutting and seasoning it. 2. Cook the rice according to package instructions. 3. Chop the peppers. 4. Heat a pan and cook the pork until done. 5. Add the peppers and cook until tender. 6. Stir in the teriyaki and mix well. 7. Combine with the rice and serve.
342,chicken_rice_meal_extra_342,chicken,rice,peppers,garlic sauce,402,60,82,27,42,hard,1. Prepare the chicken by cutting and seasoning it. 2. Cook the rice according to package instructions. 3. Chop the peppers. 4. Heat a pan and cook the chicken until done. 5. Add the peppers and cook until tender. 6. Stir in the garlic sauce and mix well. 7. Combine with the rice and serve.
343,chicken_quinoa_meal_extra_343,chicken,quinoa,broccoli,tomato sauce,436,25,89,32,49,hard,1. Prepare the chicken by cutting and seasoning it. 2. Cook the quinoa according to package instructions. 3. Chop the broccoli. 4. Heat a pan and cook the chicken until done. 5. Add the broccoli and cook until tender. 6. Stir in the tomato sauce and mix well. 7. Combine with the quinoa and serve.
344,salmon_quinoa_meal_extra_344,salmon,quinoa,zucchini,cream sauce,722,44,52,27,18,hard,1. Prepare the salmon by cutting and seasoning it. 2. Cook the quinoa according to package instructions. 3. Chop the zucchini. 4. Heat a pan and cook the salmon until done. 5. Add the zucchini and cook until tender. 6. Stir in the cream sauce and mix well. 7. Combine with the quinoa and serve.
345,turkey_quinoa_meal_extra_345,turkey,quinoa,carrots,pesto,411,38,71,22,37,medium,1. Prepare the turkey by cutting and seasoning it. 2. Cook the quinoa according to package instructions. 3. Chop the carrots. 4. Heat a pan and cook the turkey until done. 5. Add the carrots and cook until tender. 6. Stir in the pesto and mix well. 7. Combine with the quinoa and serve.
346,chicken_pasta_meal_extra_346,chicken,pasta,carrots,tomato sauce,817,27,56,22,14,hard,1. Prepare the chicken by cutting and seasoning it. 2. Cook the pasta according to package instructions. 3. Chop the carrots. 4. Heat a pan and cook the chicken until done. 5. Add the carrots and cook until tender. 6. Stir in the tomato sauce and mix well. 7. Combine with the pasta and serve.
347,salmon_rice_meal_extra_347,salmon,rice,peppers,pesto,426,35,92,22,53,hard,1. Prepare the salmon by cutting and seasoning it. 2. Cook the rice according to package instructions. 3. Chop the peppers. 4. Heat a pan and cook the salmon until done. 5. Add the peppers and cook until tender. 6. Stir in the pesto and mix well. 7. Combine with the rice and serve.
348,tofu_rice_meal_extra_348,tofu,rice,green beans,teriyaki,839,25,61,16,48,medium,1. Prepare the tofu by cutting and seasoning it. 2. Cook the rice according to package instructions. 3. Chop the green beans. 4. Heat a pan and cook the tofu until done. 5. Add the green beans and cook until tender. 6. Stir in the teriyaki and mix well. 7. Combine with the rice and serve.
349,lentils_pasta_meal_extra_349,lentils,pasta,broccoli,soy sauce,454,25,70,12,32,easy,1. Prepare the lentils by cutting and seasoning it. 2. Cook the pasta according to package instructions. 3. Chop the broccoli. 4. Heat a pan and cook the lentils until done. 5. Add the broccoli and cook until tender. 6. Stir in the soy sauce and mix well. 7. Combine with the pasta and serve.
350,beef_noodles_meal_extra_350,beef,noodles,green beans,garlic sauce,497,43,41,12,59,hard,1. Prepare the beef by cutting and seasoning it. 2. Cook the noodles according to package instructions. 3. Chop the green beans. 4. Heat a pan and cook the beef until done. 5. Add the green beans and cook until tender. 6. Stir in the garlic sauce and mix well. 7. Combine with the noodles and serve.
351,pork_pasta_meal_extra_351,pork,pasta,carrots,pesto,686,44,77,33,20,medium,1. Prepare the pork by cutting and seasoning it. 2. Cook the pasta according to package instructions. 3. Chop the carrots. 4. Heat a pan and cook the pork until done. 5. Add the carrots and cook until tender. 6. Stir in the pesto and mix well. 7. Combine with the pasta and serve.
352,salmon_potatoes_meal_extra_352,salmon,potatoes,broccoli,garlic sauce,422,34,92,16,11,easy,1. Prepare the salmon by cutting and seasoning it. 2. Cook the potatoes according to package instructions. 3. Chop the broccoli. 4. Heat a pan and cook the salmon until done. 5. Add the broccoli and cook until tender. 6. Stir in the garlic sauce and mix well. 7. Combine with the potatoes and serve.
353,pork_quinoa_meal_extra_353,pork,quinoa,carrots,soy sauce,692,50,75,32,42,hard,1. Prepare the pork by cutting and seasoning it. 2. Cook the quinoa according to package instructions. 3. Chop the carrots. 4. Heat a pan and cook the pork until done. 5. Add the carrots and cook until tender. 6. Stir in the soy sauce and mix well. 7. Combine with the quinoa and serve.
354,pork_quinoa_meal_extra_354,pork,quinoa,zucchini,soy sauce,842,49,47,20,48,hard,1. Prepare the pork by cutting and seasoning it. 2. Cook the quinoa according to package instructions. 3. Chop the zucchini. 4. Heat a pan and cook the pork until done. 5. Add the zucchini and cook until tender. 6. Stir in the soy sauce and mix well. 7. Combine with the quinoa and serve.
355,chicken_quinoa_meal_extra_355,chicken,quinoa,spinach,soy sauce,655,44,84,15,39,hard,1. Prepare the chicken by cutting and seasoning it. 2. Cook the quinoa according to package instructions. 3. Chop the spinach. 4. Heat a pan and cook the chicken until done. 5. Add the spinach and cook until tender. 6. Stir in the soy sauce and mix well. 7. Combine with the quinoa and serve.
356,chicken_rice_meal_extra_356,chicken,rice,zucchini,tomato sauce,421,54,52,29,54,easy,1. Prepare the chicken by cutting and seasoning it. 2. Cook the rice according to package instructions. 3. Chop the zucchini. 4. Heat a pan and cook the chicken until done. 5. Add the zucchini and cook until tender. 6. Stir in the tomato sauce and mix well. 7. Combine with the rice and serve.
357,shrimp_noodles_meal_extra_357,shrimp,noodles,zucchini,cream sauce,583,34,100,31,47,hard,1. Prepare the shrimp by cutting and seasoning it. 2. Cook the noodles according to package instructions. 3. Chop the zucchini. 4. Heat a pan and cook the shrimp until done. 5. Add the zucchini and cook until tender. 6. Stir in the cream sauce and mix well. 7. Combine with the noodles and serve.
358,salmon_potatoes_meal_extra_358,salmon,potatoes,zucchini,garlic sauce,570,50,91,27,53,medium,1. Prepare the salmon by cutting and seasoning it. 2. Cook the potatoes according to package instructions. 3. Chop the zucchini. 4. Heat a pan and cook the salmon until done. 5. Add the zucchini and cook until tender. 6. Stir in the garlic sauce and mix well. 7. Combine with the potatoes and serve.
359,chicken_rice_meal_extra_359,chicken,rice,zucchini,garlic sauce,493,52,42,23,29,easy,1. Prepare the chicken by cutting and seasoning it. 2. Cook the rice according to package instructions. 3. Chop the zucchini. 4. Heat a pan and cook the chicken until done. 5. Add the zucchini and cook until tender. 6. Stir in the garlic sauce and mix well. 7. Combine with the rice and serve.
360,turkey_rice_meal_extra_360,turkey,rice,carrots,tomato sauce,609,36,76,22,23,medium,1. Prepare the turkey by cutting and seasoning it. 2. Cook the rice according to package instructions. 3. Chop the carrots. 4. Heat a pan and cook the turkey until done. 5. Add the carrots and cook until tender. 6. Stir in the tomato sauce and mix well. 7. Combine with the rice and serve.
361,pork_pasta_meal_extra_361,pork,pasta,peppers,teriyaki,580,44,63,14,14,hard,1. Prepare the pork by cutting and seasoning it. 2. Cook the pasta according to package instructions. 3. Chop the peppers. 4. Heat a pan and cook the pork until done. 5. Add the peppers and cook until tender. 6. Stir in the teriyaki and mix well. 7. Combine with the pasta and serve.
362,beef_pasta_meal_extra_362,beef,pasta,broccoli,soy sauce,893,24,73,17,13,medium,1. Prepare the beef by cutting and seasoning it. 2. Cook the pasta according to package instructions. 3. Chop the broccoli. 4. Heat a pan and cook the beef until done. 5. Add the broccoli and cook until tender. 6. Stir in the soy sauce and mix well. 7. Combine with the pasta and serve.
363,pork_rice_meal_extra_363,pork,rice,zucchini,soy sauce,819,29,65,35,33,hard,1. Prepare the pork by cutting and seasoning it. 2. Cook the rice according to package instructions. 3. Chop the zucchini. 4. Heat a pan and cook the pork until done. 5. Add the zucchini and cook until tender. 6. Stir in the soy sauce and mix well. 7. Combine with the rice and serve.
364,shrimp_rice_meal_extra_364,shrimp,rice,spinach,tomato sauce,871,40,61,28,30,hard,1. Prepare the shrimp by cutting and seasoning it. 2. Cook the rice according to package instructions. 3. Chop the spinach. 4. Heat a pan and cook the shrimp until done. 5. Add the spinach and cook until tender. 6. Stir in the tomato sauce and mix well. 7. Combine with the rice and serve.
365,chicken_noodles_meal_extra_365,chicken,noodles,green beans,pesto,599,48,95,12,16,hard,1. Prepare the chicken by cutting and seasoning it. 2. Cook the noodles according to package instructions. 3. Chop the green beans. 4. Heat a pan and cook the chicken until done. 5. Add the green beans and cook until tender. 6. Stir in the pesto and mix well. 7. Combine with the noodles and serve.
366,shrimp_rice_meal_extra_366,shrimp,rice,carrots,cream sauce,445,32,61,28,60,medium,1. Prepare the shrimp by cutting and seasoning it. 2. Cook the rice according to package instructions. 3. Chop the carrots. 4. Heat a pan and cook the shrimp until done. 5. Add the carrots and cook until tender. 6. Stir in the cream sauce and mix well. 7. Combine with the rice and serve.
367,salmon_rice_meal_extra_367,salmon,rice,green beans,pesto,703,51,66,16,31,medium,1. Prepare the salmon by cutting and seasoning it. 2. Cook the rice according to package instructions. 3. Chop the green beans. 4. Heat a pan and cook the salmon until done. 5. Add the green beans and cook until tender. 6. Stir in the pesto and mix well. 7. Combine with the rice and serve.
368,tofu_quinoa_meal_extra_368,tofu,quinoa,carrots,tomato sauce,703,34,91,28,35,hard,1. Prepare the tofu by cutting and seasoning it. 2. Cook the quinoa according to package instructions. 3. Chop the carrots. 4. Heat a pan and cook the tofu until done. 5. Add the carrots and cook until tender. 6. Stir in the tomato sauce and mix well. 7. Combine with the quinoa and serve.
369,turkey_rice_meal_extra_369,turkey,rice,peppers,soy sauce,530,22,96,34,32,medium,1. Prepare the turkey by cutting and seasoning it. 2. Cook the rice according to package instructions. 3. Chop the peppers. 4. Heat a pan and cook the turkey until done. 5. Add the peppers and cook until tender. 6. Stir in the soy sauce and mix well. 7. Combine with the rice and serve.
370,turkey_rice_meal_extra_370,turkey,rice,green beans,pesto,557,46,44,32,47,easy,1. Prepare the turkey by cutting and seasoning it. 2. Cook the rice according to package instructions. 3. Chop the green beans. 4. Heat a pan and cook the turkey until done. 5. Add the green beans and cook until tender. 6. Stir in the pesto and mix well. 7. Combine with the rice and serve.
371,chicken_noodles_meal_extra_371,chicken,noodles,spinach,teriyaki,416,44,78,30,44,medium,1. Prepare the chicken by cutting and seasoning it. 2. Cook the noodles according to package instructions. 3. Chop the spinach. 4. Heat a pan and cook the chicken until done. 5. Add the spinach and cook until tender. 6. Stir in the teriyaki and mix well. 7. Combine with the noodles and serve.
372,beef_rice_meal_extra_372,beef,rice,carrots,teriyaki,602,51,75,26,30,easy,1. Prepare the beef by cutting and seasoning it. 2. Cook the rice according to package instructions. 3. Chop the carrots. 4. Heat a pan and cook the beef until done. 5. Add the carrots and cook until tender. 6. Stir in the teriyaki and mix well. 7. Combine with the rice and serve.
373,pork_quinoa_meal_extra_373,pork,quinoa,spinach,soy sauce,875,52,71,22,56,medium,1. Prepare the pork by cutting and seasoning it. 2. Cook the quinoa according to package instructions. 3. Chop the spinach. 4. Heat a pan and cook the pork until done. 5. Add the spinach and cook until tender. 6. Stir in the soy sauce and mix well. 7. Combine with the quinoa and serve.
374,turkey_potatoes_meal_extra_374,turkey,potatoes,broccoli,garlic sauce,889,54,54,30,16,hard,1. Prepare the turkey by cutting and seasoning it. 2. Cook the potatoes according to package instructions. 3. Chop the broccoli. 4. Heat a pan and cook the turkey until done. 5. Add the broccoli and cook until tender. 6. Stir in the garlic sauce and mix well. 7. Combine with the potatoes and serve.
375,shrimp_noodles_meal_extra_375,shrimp,noodles,carrots,tomato sauce,541,21,71,13,52,medium,1. Prepare the shrimp by cutting and seasoning it. 2. Cook the noodles according to package instructions. 3. Chop the carrots. 4. Heat a pan and cook the shrimp until done. 5. Add the carrots and cook until tender. 6. Stir in the tomato sauce and mix well. 7. Combine with the noodles and serve.
376,chicken_potatoes_meal_extra_376,chicken,potatoes,carrots,soy sauce,409,47,48,14,48,easy,1. Prepare the chicken by cutting and seasoning it. 2. Cook the potatoes according to package instructions. 3. Chop the carrots. 4. Heat a pan and cook the chicken until done. 5. Add the carrots and cook until tender. 6. Stir in the soy sauce and mix well. 7. Combine with the potatoes and serve.
377,turkey_potatoes_meal_extra_377,turkey,potatoes,broccoli,soy sauce,679,21,65,28,17,easy,1. Prepare the turkey by cutting and seasoning it. 2. Cook the potatoes according to package instructions. 3. Chop the broccoli. 4. Heat a pan and cook the turkey until done. 5. Add the broccoli and cook until tender. 6. Stir in the soy sauce and mix well. 7. Combine with the potatoes and serve.
378,tofu_pasta_meal_extra_378,tofu,pasta,spinach,tomato sauce,631,47,96,22,51,easy,1. Prepare the tofu by cutting and seasoning it. 2. Cook the pasta according to package instructions. 3. Chop the spinach. 4. Heat a pan and cook the tofu until done. 5. Add the spinach and cook until tender. 6. Stir in the tomato sauce and mix well. 7. Combine with the pasta and serve.
379,lentils_potatoes_meal_extra_379,lentils,potatoes,green beans,garlic sauce,788,23,98,35,47,hard,1. Prepare the lentils by cutting and seasoning it. 2. Cook the potatoes according to package instructions. 3. Chop the green beans. 4. Heat a pan and cook the lentils until done. 5. Add the green beans and cook until tender. 6. Stir in the garlic sauce and mix well. 7. Combine with the potatoes and serve.
380,tofu_quinoa_meal_extra_380,tofu,quinoa,spinach,teriyaki,719,48,72,11,20,medium,1. Prepare the tofu by cutting and seasoning it. 2. Cook the quinoa according to package instructions. 3. Chop the spinach. 4. Heat a pan and cook the tofu until done. 5. Add the spinach and cook until tender. 6. Stir in the teriyaki and mix well. 7. Combine with the quinoa and serve.
381,shrimp_quinoa_meal_extra_381,shrimp,quinoa,spinach,soy sauce,472,29,94,33,12,medium,1. Prepare the shrimp by cutting and seasoning it. 2. Cook the quinoa according to package instructions. 3. Chop the spinach. 4. Heat a pan and cook the shrimp until done. 5. Add the spinach and cook until tender. 6. Stir in the soy sauce and mix well. 7. Combine with the quinoa and serve.
382,beef_quinoa_meal_extra_382,beef,quinoa,carrots,pesto,456,59,96,28,18,medium,1. Prepare the beef by cutting and seasoning it. 2. Cook the quinoa according to package instructions. 3. Chop the carrots. 4. Heat a pan and cook the beef until done. 5. Add the carrots and cook until tender. 6. Stir in the pesto and mix well. 7. Combine with the quinoa and serve.
383,lentils_pasta_meal_extra_383,lentils,pasta,peppers,soy sauce,543,40,65,18,57,medium,1. Prepare the lentils by cutting and seasoning it. 2. Cook the pasta according to package instructions. 3. Chop the peppers. 4. Heat a pan and cook the lentils until done. 5. Add the peppers and cook until tender. 6. Stir in the soy sauce and mix well. 7. Combine with the pasta and serve.
384,tofu_rice_meal_extra_384,tofu,rice,carrots,teriyaki,623,37,82,23,40,hard,1. Prepare the tofu by cutting and seasoning it. 2. Cook the rice according to package instructions. 3. Chop the carrots. 4. Heat a pan and cook the tofu until done. 5. Add the carrots and cook until tender. 6. Stir in the teriyaki and mix well. 7. Combine with the rice and serve.
385,salmon_rice_meal_extra_385,salmon,rice,zucchini,garlic sauce,672,36,72,18,16,hard,1. Prepare the salmon by cutting and seasoning it. 2. Cook the rice according to package instructions. 3. Chop the zucchini. 4. Heat a pan and cook the salmon until done. 5. Add the zucchini and cook until tender. 6. Stir in the garlic sauce and mix well. 7. Combine with the rice and serve.
386,tofu_quinoa_meal_extra_386,tofu,quinoa,peppers,tomato sauce,595,48,88,33,49,hard,1. Prepare the tofu by cutting and seasoning it. 2. Cook the quinoa according to package instructions. 3. Chop the peppers. 4. Heat a pan and cook the tofu until done. 5. Add the peppers and cook until tender. 6. Stir in the tomato sauce and mix well. 7. Combine with the quinoa and serve.
387,tofu_noodles_meal_extra_387,tofu,noodles,carrots,tomato sauce,741,33,81,31,31,hard,1. Prepare the tofu by cutting and seasoning it. 2. Cook the noodles according to package instructions. 3. Chop the carrots. 4. Heat a pan and cook the tofu until done. 5. Add the carrots and cook until tender. 6. Stir in the tomato sauce and mix well. 7. Combine with the noodles and serve.
388,pork_noodles_meal_extra_388,pork,noodles,zucchini,tomato sauce,747,32,70,19,47,easy,1. Prepare the pork by cutting and seasoning it. 2. Cook the noodles according to package instructions. 3. Chop the zucchini. 4. Heat a pan and cook the pork until done. 5. Add the zucchini and cook until tender. 6. Stir in the tomato sauce and mix well. 7. Combine with the noodles and serve.
389,turkey_rice_meal_extra_389,turkey,rice,green beans,garlic sauce,438,54,50,27,17,hard,1. Prepare the turkey by cutting and seasoning it. 2. Cook the rice according to package instructions. 3. Chop the green beans. 4. Heat a pan and cook the turkey until done. 5. Add the green beans and cook until tender. 6. Stir in the garlic sauce and mix well. 7. Combine with the rice and serve.
390,tofu_quinoa_meal_extra_390,tofu,quinoa,carrots,garlic sauce,720,22,57,23,41,hard,1. Prepare the tofu by cutting and seasoning it. 2. Cook the quinoa according to package instructions. 3. Chop the carrots. 4. Heat a pan and cook the tofu until done. 5. Add the carrots and cook until tender. 6. Stir in the garlic sauce and mix well. 7. Combine with the quinoa and serve.
391,lentils_noodles_meal_extra_391,lentils,noodles,zucchini,tomato sauce,616,24,40,16,11,easy,1. Prepare the lentils by cutting and seasoning it. 2. Cook the noodles according to package instructions. 3. Chop the zucchini. 4. Heat a pan and cook the lentils until done. 5. Add the zucchini and cook until tender. 6. Stir in the tomato sauce and mix well. 7. Combine with the noodles and serve.
392,pork_rice_meal_extra_392,pork,rice,green beans,teriyaki,771,21,45,23,38,easy,1. Prepare the pork by cutting and seasoning it. 2. Cook the rice according to package instructions. 3. Chop the green beans. 4. Heat a pan and cook the pork until done. 5. Add the green beans and cook until tender. 6. Stir in the teriyaki and mix well. 7. Combine with the rice and serve.
393,lentils_quinoa_meal_extra_393,lentils,quinoa,broccoli,tomato sauce,839,52,57,23,21,medium,1. Prepare the lentils by cutting and seasoning it. 2. Cook the quinoa according to package instructions. 3. Chop the broccoli. 4. Heat a pan and cook the lentils until done. 5. Add the broccoli and cook until tender. 6. Stir in the tomato sauce and mix well. 7. Combine with the quinoa and serve.
394,turkey_potatoes_meal_extra_394,turkey,potatoes,spinach,teriyaki,410,60,85,15,30,medium,1. Prepare the turkey by cutting and seasoning it. 2. Cook the potatoes according to package instructions. 3. Chop the spinach. 4. Heat a pan and cook the turkey until done. 5. Add the spinach and cook until tender. 6. Stir in the teriyaki and mix well. 7. Combine with the potatoes and serve.
395,lentils_potatoes_meal_extra_395,lentils,potatoes,zucchini,soy sauce,844,31,93,24,14,easy,1. Prepare the lentils by cutting and seasoning it. 2. Cook the potatoes according to package instructions. 3. Chop the zucchini. 4. Heat a pan and cook the lentils until done. 5. Add the zucchini and cook until tender. 6. Stir in the soy sauce and mix well. 7. Combine with the potatoes and serve.
396,chicken_quinoa_meal_extra_396,chicken,quinoa,zucchini,soy sauce,628,33,68,21,35,hard,1. Prepare the chicken by cutting and seasoning it. 2. Cook the quinoa according to package instructions. 3. Chop the zucchini. 4. Heat a pan and cook the chicken until done. 5. Add the zucchini and cook until tender. 6. Stir in the soy sauce and mix well. 7. Combine with the quinoa and serve.
397,salmon_quinoa_meal_extra_397,salmon,quinoa,broccoli,garlic sauce,665,30,54,35,60,hard,1. Prepare the salmon by cutting and seasoning it. 2. Cook the quinoa according to package instructions. 3. Chop the broccoli. 4. Heat a pan and cook the salmon until done. 5. Add the broccoli and cook until tender. 6. Stir in the garlic sauce and mix well. 7. Combine with the quinoa and serve.
398,shrimp_quinoa_meal_extra_398,shrimp,quinoa,zucchini,teriyaki,798,23,92,11,25,hard,1. Prepare the shrimp by cutting and seasoning it. 2. Cook the quinoa according to package instructions. 3. Chop the zucchini. 4. Heat a pan and cook the shrimp until done. 5. Add the zucchini and cook until tender. 6. Stir in the teriyaki and mix well. 7. Combine with the quinoa and serve.
399,tofu_quinoa_meal_extra_399,tofu,quinoa,carrots,teriyaki,548,27,74,17,44,easy,1. Prepare the tofu by cutting and seasoning it. 2. Cook the quinoa according to package instructions. 3. Chop the carrots. 4. Heat a pan and cook the tofu until done. 5. Add the carrots and cook until tender. 6. Stir in the teriyaki and mix well. 7. Combine with the quinoa and serve.
400,beef_rice_meal_extra_400,beef,rice,green beans,garlic sauce,659,54,61,26,36,hard,1. Prepare the beef by cutting and seasoning it. 2. Cook the rice according to package instructions. 3. Chop the green beans. 4. Heat a pan and cook the beef until done. 5. Add the green beans and cook until tender. 6. Stir in the garlic sauce and mix well. 7. Combine with the rice and serve.
401,pork_pasta_meal_extra_401,pork,pasta,zucchini,soy sauce,841,57,84,35,40,medium,1. Prepare the pork by cutting and seasoning it. 2. Cook the pasta according to package instructions. 3. Chop the zucchini. 4. Heat a pan and cook the pork until done. 5. Add the zucchini and cook until tender. 6. Stir in the soy sauce and mix well. 7. Combine with the pasta and serve.
402,salmon_rice_meal_extra_402,salmon,rice,carrots,tomato sauce,700,41,84,31,59,easy,1. Prepare the salmon by cutting and seasoning it. 2. Cook the rice according to package instructions. 3. Chop the carrots. 4. Heat a pan and cook the salmon until done. 5. Add the carrots and cook until tender. 6. Stir in the tomato sauce and mix well. 7. Combine with the rice and serve.
403,beef_quinoa_meal_extra_403,beef,quinoa,green beans,soy sauce,566,43,79,29,52,medium,1. Prepare the beef by cutting and seasoning it. 2. Cook the quinoa according to package instructions. 3. Chop the green beans. 4. Heat a pan and cook the beef until done. 5. Add the green beans and cook until tender. 6. Stir in the soy sauce and mix well. 7. Combine with the quinoa and serve.
404,tofu_noodles_meal_extra_404,tofu,noodles,spinach,soy sauce,793,40,43,29,20,easy,1. Prepare the tofu by cutting and seasoning it. 2. Cook the noodles according to package instructions. 3. Chop the spinach. 4. Heat a pan and cook the tofu until done. 5. Add the spinach and cook until tender. 6. Stir in the soy sauce and mix well. 7. Combine with the noodles and serve.
405,turkey_rice_meal_extra_405,turkey,rice,spinach,garlic sauce,466,58,99,24,60,easy,1. Prepare the turkey by cutting and seasoning it. 2. Cook the rice according to package instructions. 3. Chop the spinach. 4. Heat a pan and cook the turkey until done. 5. Add the spinach and cook until tender. 6. Stir in the garlic sauce and mix well. 7. Combine with the rice and serve.
406,pork_rice_meal_extra_406,pork,rice,spinach,soy sauce,615,58,43,16,37,medium,1. Prepare the pork by cutting and seasoning it. 2. Cook the rice according to package instructions. 3. Chop the spinach. 4. Heat a pan and cook the pork until done. 5. Add the spinach and cook until tender. 6. Stir in the soy sauce and mix well. 7. Combine with the rice and serve.
407,salmon_noodles_meal_extra_407,salmon,noodles,broccoli,cream sauce,602,20,52,32,51,medium,1. Prepare the salmon by cutting and seasoning it. 2. Cook the noodles according to package instructions. 3. Chop the broccoli. 4. Heat a pan and cook the salmon until done. 5. Add the broccoli and cook until tender. 6. Stir in the cream sauce and mix well. 7. Combine with the noodles and serve.
408,chicken_noodles_meal_extra_408,chicken,noodles,zucchini,soy sauce,564,54,89,29,30,easy,1. Prepare the chicken by cutting and seasoning it. 2. Cook the noodles according to package instructions. 3. Chop the zucchini. 4. Heat a pan and cook the chicken until done. 5. Add the zucchini and cook until tender. 6. Stir in the soy sauce and mix well. 7. Combine with the noodles and serve.
409,shrimp_rice_meal_extra_409,shrimp,rice,spinach,pesto,412,55,65,34,53,medium,1. Prepare the shrimp by cutting and seasoning it. 2. Cook the rice according to package instructions. 3. Chop the spinach. 4. Heat a pan and cook the shrimp until done. 5. Add the spinach and cook until tender. 6. Stir in the pesto and mix well. 7. Combine with the rice and serve.
410,beef_noodles_meal_extra_410,beef,noodles,peppers,soy sauce,420,21,85,15,50,hard,1. Prepare the beef by cutting and seasoning it. 2. Cook the noodles according to package instructions. 3. Chop the peppers. 4. Heat a pan and cook the beef until done. 5. Add the peppers and cook until tender. 6. Stir in the soy sauce and mix well. 7. Combine with the noodles and serve.
411,turkey_noodles_meal_extra_411,turkey,noodles,zucchini,garlic sauce,716,44,93,30,57,medium,1. Prepare the turkey by cutting and seasoning it. 2. Cook the noodles according to package instructions. 3. Chop the zucchini. 4. Heat a pan and cook the turkey until done. 5. Add the zucchini and cook until tender. 6. Stir in the garlic sauce and mix well. 7. Combine with the noodles and serve.
412,lentils_noodles_meal_extra_412,lentils,noodles,zucchini,cream sauce,632,42,96,35,58,easy,1. Prepare the lentils by cutting and seasoning it. 2. Cook the noodles according to package instructions. 3. Chop the zucchini. 4. Heat a pan and cook the lentils until done. 5. Add the zucchini and cook until tender. 6. Stir in the cream sauce and mix well. 7. Combine with the noodles and serve.
413,lentils_potatoes_meal_extra_413,lentils,potatoes,spinach,cream sauce,470,27,52,10,48,easy,1. Prepare the lentils by cutting and seasoning it. 2. Cook the potatoes according to package instructions. 3. Chop the spinach. 4. Heat a pan and cook the lentils until done. 5. Add the spinach and cook until tender. 6. Stir in the cream sauce and mix well. 7. Combine with the potatoes and serve.
414,pork_pasta_meal_extra_414,pork,pasta,carrots,soy sauce,482,40,74,14,21,easy,1. Prepare the pork by cutting and seasoning it. 2. Cook the pasta according to package instructions. 3. Chop the carrots. 4. Heat a pan and cook the pork until done. 5. Add the carrots and cook until tender. 6. Stir in the soy sauce and mix well. 7. Combine with the pasta and serve.
415,chicken_noodles_meal_extra_415,chicken,noodles,green beans,teriyaki,774,33,87,16,46,medium,1. Prepare the chicken by cutting and seasoning it. 2. Cook the noodles according to package instructions. 3. Chop the green beans. 4. Heat a pan and cook the chicken until done. 5. Add the green beans and cook until tender. 6. Stir in the teriyaki and mix well. 7. Combine with the noodles and serve.
416,pork_rice_meal_extra_416,pork,rice,peppers,teriyaki,432,31,84,26,47,hard,1. Prepare the pork by cutting and seasoning it. 2. Cook the rice according to package instructions. 3. Chop the peppers. 4. Heat a pan and cook the pork until done. 5. Add the peppers and cook until tender. 6. Stir in the teriyaki and mix well. 7. Combine with the rice and serve.
417,chicken_potatoes_meal_extra_417,chicken,potatoes,green beans,soy sauce,585,45,66,13,26,easy,1. Prepare the chicken by cutting and seasoning it. 2. Cook the potatoes according to package instructions. 3. Chop the green beans. 4. Heat a pan and cook the chicken until done. 5. Add the green beans and cook until tender. 6. Stir in the soy sauce and mix well. 7. Combine with the potatoes and serve.
418,chicken_pasta_meal_extra_418,chicken,pasta,broccoli,garlic sauce,617,27,58,17,28,medium,1. Prepare the chicken by cutting and seasoning it. 2. Cook the pasta according to package instructions. 3. Chop the broccoli. 4. Heat a pan and cook the chicken until done. 5. Add the broccoli and cook until tender. 6. Stir in the garlic sauce and mix well. 7. Combine with the pasta and serve.
419,chicken_noodles_meal_extra_419,chicken,noodles,peppers,cream sauce,807,45,60,13,36,medium,1. Prepare the chicken by cutting and seasoning it. 2. Cook the noodles according to package instructions. 3. Chop the peppers. 4. Heat a pan and cook the chicken until done. 5. Add the peppers and cook until tender. 6. Stir in the cream sauce and mix well. 7. Combine with the noodles and serve.
420,tofu_pasta_meal_extra_420,tofu,pasta,carrots,tomato sauce,528,59,77,35,35,hard,1. Prepare the tofu by cutting and seasoning it. 2. Cook the pasta according to package instructions. 3. Chop the carrots. 4. Heat a pan and cook the tofu until done. 5. Add the carrots and cook until tender. 6. Stir in the tomato sauce and mix well. 7. Combine with the pasta and serve.
421,pork_quinoa_meal_extra_421,pork,quinoa,broccoli,pesto,622,38,90,19,51,medium,1. Prepare the pork by cutting and seasoning it. 2. Cook the quinoa according to package instructions. 3. Chop the broccoli. 4. Heat a pan and cook the pork until done. 5. Add the broccoli and cook until tender. 6. Stir in the pesto and mix well. 7. Combine with the quinoa and serve.
422,chicken_noodles_meal_extra_422,chicken,noodles,zucchini,cream sauce,700,58,93,30,38,hard,1. Prepare the chicken by cutting and seasoning it. 2. Cook the noodles according to package instructions. 3. Chop the zucchini. 4. Heat a pan and cook the chicken until done. 5. Add the zucchini and cook until tender. 6. Stir in the cream sauce and mix well. 7. Combine with the noodles and serve.
423,shrimp_noodles_meal_extra_423,shrimp,noodles,carrots,cream sauce,608,32,91,10,48,medium,1. Prepare the shrimp by cutting and seasoning it. 2. Cook the noodles according to package instructions. 3. Chop the carrots. 4. Heat a pan and cook the shrimp until done. 5. Add the carrots and cook until tender. 6. Stir in the cream sauce and mix well. 7. Combine with the noodles and serve.
424,lentils_noodles_meal_extra_424,lentils,noodles,carrots,soy sauce,505,35,90,33,11,medium,1. Prepare the lentils by cutting and seasoning it. 2. Cook the noodles according to package instructions. 3. Chop the carrots. 4. Heat a pan and cook the lentils until done. 5. Add the carrots and cook until tender. 6. Stir in the soy sauce and mix well. 7. Combine with the noodles and serve.
425,tofu_rice_meal_extra_425,tofu,rice,carrots,cream sauce,490,59,47,17,16,medium,1. Prepare the tofu by cutting and seasoning it. 2. Cook the rice according to package instructions. 3. Chop the carrots. 4. Heat a pan and cook the tofu until done. 5. Add the carrots and cook until tender. 6. Stir in the cream sauce and mix well. 7. Combine with the rice and serve.
426,shrimp_rice_meal_extra_426,shrimp,rice,zucchini,tomato sauce,491,50,44,16,34,easy,1. Prepare the shrimp by cutting and seasoning it. 2. Cook the rice according to package instructions. 3. Chop the zucchini. 4. Heat a pan and cook the shrimp until done. 5. Add the zucchini and cook until tender. 6. Stir in the tomato sauce and mix well. 7. Combine with the rice and serve.
427,beef_potatoes_meal_extra_427,beef,potatoes,broccoli,cream sauce,715,48,99,15,45,easy,1. Prepare the beef by cutting and seasoning it. 2. Cook the potatoes according to package instructions. 3. Chop the broccoli. 4. Heat a pan and cook the beef until done. 5. Add the broccoli and cook until tender. 6. Stir in the cream sauce and mix well. 7. Combine with the potatoes and serve.
428,salmon_noodles_meal_extra_428,salmon,noodles,zucchini,soy sauce,592,34,59,14,16,medium,1. Prepare the salmon by cutting and seasoning it. 2. Cook the noodles according to package instructions. 3. Chop the zucchini. 4. Heat a pan and cook the salmon until done. 5. Add the zucchini and cook until tender. 6. Stir in the soy sauce and mix well. 7. Combine with the noodles and serve.
429,salmon_quinoa_meal_extra_429,salmon,quinoa,zucchini,cream sauce,562,48,90,29,37,hard,1. Prepare the salmon by cutting and seasoning it. 2. Cook the quinoa according to package instructions. 3. Chop the zucchini. 4. Heat a pan and cook the salmon until done. 5. Add the zucchini and cook until tender. 6. Stir in the cream sauce and mix well. 7. Combine with the quinoa and serve.
430,beef_noodles_meal_extra_430,beef,noodles,carrots,pesto,856,59,66,34,24,easy,1. Prepare the beef by cutting and seasoning it. 2. Cook the noodles according to package instructions. 3. Chop the carrots. 4. Heat a pan and cook the beef until done. 5. Add the carrots and cook until tender. 6. Stir in the pesto and mix well. 7. Combine with the noodles and serve.
431,shrimp_potatoes_meal_extra_431,shrimp,potatoes,zucchini,soy sauce,707,60,41,32,27,hard,1. Prepare the shrimp by cutting and seasoning it. 2. Cook the potatoes according to package instructions. 3. Chop the zucchini. 4. Heat a pan and cook the shrimp until done. 5. Add the zucchini and cook until tender. 6. Stir in the soy sauce and mix well. 7. Combine with the potatoes and serve.
432,salmon_rice_meal_extra_432,salmon,rice,zucchini,cream sauce,536,40,48,27,51,medium,1. Prepare the salmon by cutting and seasoning it. 2. Cook the rice according to package instructions. 3. Chop the zucchini. 4. Heat a pan and cook the salmon until done. 5. Add the zucchini and cook until tender. 6. Stir in the cream sauce and mix well. 7. Combine with the rice and serve.
433,lentils_pasta_meal_extra_433,lentils,pasta,zucchini,tomato sauce,821,34,43,30,31,hard,1. Prepare the lentils by cutting and seasoning it. 2. Cook the pasta according to package instructions. 3. Chop the zucchini. 4. Heat a pan and cook the lentils until done. 5. Add the zucchini and cook until tender. 6. Stir in the tomato sauce and mix well. 7. Combine with the pasta and serve.
434,turkey_rice_meal_extra_434,turkey,rice,zucchini,soy sauce,846,34,72,13,40,medium,1. Prepare the turkey by cutting and seasoning it. 2. Cook the rice according to package instructions. 3. Chop the zucchini. 4. Heat a pan and cook the turkey until done. 5. Add the zucchini and cook until tender. 6. Stir in the soy sauce and mix well. 7. Combine with the rice and serve.
435,lentils_quinoa_meal_extra_435,lentils,quinoa,broccoli,soy sauce,425,53,98,33,17,medium,1. Prepare the lentils by cutting and seasoning it. 2. Cook the quinoa according to package instructions. 3. Chop the broccoli. 4. Heat a pan and cook the lentils until done. 5. Add the broccoli and cook until tender. 6. Stir in the soy sauce and mix well. 7. Combine with the quinoa and serve.
436,salmon_pasta_meal_extra_436,salmon,pasta,spinach,cream sauce,881,48,89,21,31,hard,1. Prepare the salmon by cutting and seasoning it. 2. Cook the pasta according to package instructions. 3. Chop the spinach. 4. Heat a pan and cook the salmon until done. 5. Add the spinach and cook until tender. 6. Stir in the cream sauce and mix well. 7. Combine with the pasta and serve.
437,lentils_noodles_meal_extra_437,lentils,noodles,peppers,pesto,544,57,55,21,26,hard,1. Prepare the lentils by cutting and seasoning it. 2. Cook the noodles according to package instructions. 3. Chop the peppers. 4. Heat a pan and cook the lentils until done. 5. Add the peppers and cook until tender. 6. Stir in the pesto and mix well. 7. Combine with the noodles and serve.
438,chicken_quinoa_meal_extra_438,chicken,quinoa,carrots,soy sauce,467,35,42,26,52,medium,1. Prepare the chicken by cutting and seasoning it. 2. Cook the quinoa according to package instructions. 3. Chop the carrots. 4. Heat a pan and cook the chicken until done. 5. Add the carrots and cook until tender. 6. Stir in the soy sauce and mix well. 7. Combine with the quinoa and serve.
439,shrimp_pasta_meal_extra_439,shrimp,pasta,broccoli,garlic sauce,869,46,72,31,36,easy,1. Prepare the shrimp by cutting and seasoning it. 2. Cook the pasta according to package instructions. 3. Chop the broccoli. 4. Heat a pan and cook the shrimp until done. 5. Add the broccoli and cook until tender. 6. Stir in the garlic sauce and mix well. 7. Combine with the pasta and serve.
440,lentils_quinoa_meal_extra_440,lentils,quinoa,peppers,soy sauce,518,52,47,11,11,easy,1. Prepare the lentils by cutting and seasoning it. 2. Cook the quinoa according to package instructions. 3. Chop the peppers. 4. Heat a pan and cook the lentils until done. 5. Add the peppers and cook until tender. 6. Stir in the soy sauce and mix well. 7. Combine with the quinoa and serve.
441,beef_quinoa_meal_extra_441,beef,quinoa,broccoli,pesto,862,46,92,17,35,easy,1. Prepare the beef by cutting and seasoning it. 2. Cook the quinoa according to package instructions. 3. Chop the broccoli. 4. Heat a pan and cook the beef until done. 5. Add the broccoli and cook until tender. 6. Stir in the pesto and mix well. 7. Combine with the quinoa and serve.
442,chicken_rice_meal_extra_442,chicken,rice,zucchini,cream sauce,729,45,82,24,41,medium,1. Prepare the chicken by cutting and seasoning it. 2. Cook the rice according to package instructions. 3. Chop the zucchini. 4. Heat a pan and cook the chicken until done. 5. Add the zucchini and cook until tender. 6. Stir in the cream sauce and mix well. 7. Combine with the rice and serve.
443,shrimp_rice_meal_extra_443,shrimp,rice,green beans,cream sauce,720,55,69,22,45,medium,1. Prepare the shrimp by cutting and seasoning it. 2. Cook the rice according to package instructions. 3. Chop the green beans. 4. Heat a pan and cook the shrimp until done. 5. Add the green beans and cook until tender. 6. Stir in the cream sauce and mix well. 7. Combine with the rice and serve.
444,tofu_rice_meal_extra_444,tofu,rice,green beans,teriyaki,831,58,59,22,56,easy,1. Prepare the tofu by cutting and seasoning it. 2. Cook the rice according to package instructions. 3. Chop the green beans. 4. Heat a pan and cook the tofu until done. 5. Add the green beans and cook until tender. 6. Stir in the teriyaki and mix well. 7. Combine with the rice and serve.
445,tofu_pasta_meal_extra_445,tofu,pasta,carrots,teriyaki,723,57,70,18,13,medium,1. Prepare the tofu by cutting and seasoning it. 2. Cook the pasta according to package instructions. 3. Chop the carrots. 4. Heat a pan and cook the tofu until done. 5. Add the carrots and cook until tender. 6. Stir in the teriyaki and mix well. 7. Combine with the pasta and serve.
446,pork_pasta_meal_extra_446,pork,pasta,peppers,cream sauce,513,23,84,11,50,hard,1. Prepare the pork by cutting and seasoning it. 2. Cook the pasta according to package instructions. 3. Chop the peppers. 4. Heat a pan and cook the pork until done. 5. Add the peppers and cook until tender. 6. Stir in the cream sauce and mix well. 7. Combine with the pasta and serve.
447,lentils_pasta_meal_extra_447,lentils,pasta,green beans,soy sauce,523,39,71,16,23,medium,1. Prepare the lentils by cutting and seasoning it. 2. Cook the pasta according to package instructions. 3. Chop the green beans. 4. Heat a pan and cook the lentils until done. 5. Add the green beans and cook until tender. 6. Stir in the soy sauce and mix well. 7. Combine with the pasta and serve.
448,shrimp_quinoa_meal_extra_448,shrimp,quinoa,carrots,tomato sauce,639,49,83,27,56,easy,1. Prepare the shrimp by cutting and seasoning it. 2. Cook the quinoa according to package instructions. 3. Chop the carrots. 4. Heat a pan and cook the shrimp until done. 5. Add the carrots and cook until tender. 6. Stir in the tomato sauce and mix well. 7. Combine with the quinoa and serve.
449,turkey_rice_meal_extra_449,turkey,rice,spinach,pesto,871,43,78,33,47,medium,1. Prepare the turkey by cutting and seasoning it. 2. Cook the rice according to package instructions. 3. Chop the spinach. 4. Heat a pan and cook the turkey until done. 5. Add the spinach and cook until tender. 6. Stir in the pesto and mix well. 7. Combine with the rice and serve.
450,turkey_potatoes_meal_extra_450,turkey,potatoes,green beans,pesto,655,34,81,28,21,hard,1. Prepare the turkey by cutting and seasoning it. 2. Cook the potatoes according to package instructions. 3. Chop the green beans. 4. Heat a pan and cook the turkey until done. 5. Add the green beans and cook until tender. 6. Stir in the pesto and mix well. 7. Combine with the potatoes and serve.
451,lentils_pasta_meal_extra_451,lentils,pasta,peppers,cream sauce,846,22,97,15,46,easy,1. Prepare the lentils by cutting and seasoning it. 2. Cook the pasta according to package instructions. 3. Chop the peppers. 4. Heat a pan and cook the lentils until done. 5. Add the peppers and cook until tender. 6. Stir in the cream sauce and mix well. 7. Combine with the pasta and serve.
452,turkey_potatoes_meal_extra_452,turkey,potatoes,broccoli,pesto,846,24,46,27,30,hard,1. Prepare the turkey by cutting and seasoning it. 2. Cook the potatoes according to package instructions. 3. Chop the broccoli. 4. Heat a pan and cook the turkey until done. 5. Add the broccoli and cook until tender. 6. Stir in the pesto and mix well. 7. Combine with the potatoes and serve.
453,salmon_quinoa_meal_extra_453,salmon,quinoa,green beans,cream sauce,436,43,71,24,15,easy,1. Prepare the salmon by cutting and seasoning it. 2. Cook the quinoa according to package instructions. 3. Chop the green beans. 4. Heat a pan and cook the salmon until done. 5. Add the green beans and cook until tender. 6. Stir in the cream sauce and mix well. 7. Combine with the quinoa and serve.
454,tofu_potatoes_meal_extra_454,tofu,potatoes,broccoli,soy sauce,452,59,72,35,44,easy,1. Prepare the tofu by cutting and seasoning it. 2. Cook the potatoes according to package instructions. 3. Chop the broccoli. 4. Heat a pan and cook the tofu until done. 5. Add the broccoli and cook until tender. 6. Stir in the soy sauce and mix well. 7. Combine with the potatoes and serve.
455,salmon_potatoes_meal_extra_455,salmon,potatoes,carrots,cream sauce,798,54,60,11,45,easy,1. Prepare the salmon by cutting and seasoning it. 2. Cook the potatoes according to package instructions. 3. Chop the carrots. 4. Heat a pan and cook the salmon until done. 5. Add the carrots and cook until tender. 6. Stir in the cream sauce and mix well. 7. Combine with the potatoes and serve.
456,chicken_rice_meal_extra_456,chicken,rice,broccoli,tomato sauce,712,30,58,18,38,hard,1. Prepare the chicken by cutting and seasoning it. 2. Cook the rice according to package instructions. 3. Chop the broccoli. 4. Heat a pan and cook the chicken until done. 5. Add the broccoli and cook until tender. 6. Stir in the tomato sauce and mix well. 7. Combine with the rice and serve.
457,turkey_pasta_meal_extra_457,turkey,pasta,spinach,teriyaki,444,25,89,24,12,hard,1. Prepare the turkey by cutting and seasoning it. 2. Cook the pasta according to package instructions. 3. Chop the spinach. 4. Heat a pan and cook the turkey until done. 5. Add the spinach and cook until tender. 6. Stir in the teriyaki and mix well. 7. Combine with the pasta and serve.
458,turkey_pasta_meal_extra_458,turkey,pasta,carrots,tomato sauce,795,55,57,10,37,medium,1. Prepare the turkey by cutting and seasoning it. 2. Cook the pasta according to package instructions. 3. Chop the carrots. 4. Heat a pan and cook the turkey until done. 5. Add the carrots and cook until tender. 6. Stir in the tomato sauce and mix well. 7. Combine with the pasta and serve.
459,lentils_quinoa_meal_extra_459,lentils,quinoa,broccoli,pesto,436,46,52,21,50,medium,1. Prepare the lentils by cutting and seasoning it. 2. Cook the quinoa according to package instructions. 3. Chop the broccoli. 4. Heat a pan and cook the lentils until done. 5. Add the broccoli and cook until tender. 6. Stir in the pesto and mix well. 7. Combine with the quinoa and serve.
460,lentils_pasta_meal_extra_460,lentils,pasta,spinach,soy sauce,673,53,82,15,29,medium,1. Prepare the lentils by cutting and seasoning it. 2. Cook the pasta according to package instructions. 3. Chop the spinach. 4. Heat a pan and cook the lentils until done. 5. Add the spinach and cook until tender. 6. Stir in the soy sauce and mix well. 7. Combine with the pasta and serve.
461,beef_pasta_meal_extra_461,beef,pasta,broccoli,pesto,750,54,48,15,31,hard,1. Prepare the beef by cutting and seasoning it. 2. Cook the pasta according to package instructions. 3. Chop the broccoli. 4. Heat a pan and cook the beef until done. 5. Add the broccoli and cook until tender. 6. Stir in the pesto and mix well. 7. Combine with the pasta and serve.
462,chicken_noodles_meal_extra_462,chicken,noodles,peppers,soy sauce,523,25,52,25,59,easy,1. Prepare the chicken by cutting and seasoning it. 2. Cook the noodles according to package instructions. 3. Chop the peppers. 4. Heat a pan and cook the chicken until done. 5. Add the peppers and cook until tender. 6. Stir in the soy sauce and mix well. 7. Combine with the noodles and serve.
463,lentils_quinoa_meal_extra_463,lentils,quinoa,green beans,tomato sauce,615,26,65,19,20,easy,1. Prepare the lentils by cutting and seasoning it. 2. Cook the quinoa according to package instructions. 3. Chop the green beans. 4. Heat a pan and cook the lentils until done. 5. Add the green beans and cook until tender. 6. Stir in the tomato sauce and mix well. 7. Combine with the quinoa and serve.
464,turkey_noodles_meal_extra_464,turkey,noodles,green beans,cream sauce,891,45,49,12,43,medium,1. Prepare the turkey by cutting and seasoning it. 2. Cook the noodles according to package instructions. 3. Chop the green beans. 4. Heat a pan and cook the turkey until done. 5. Add the green beans and cook until tender. 6. Stir in the cream sauce and mix well. 7. Combine with the noodles and serve.
465,tofu_potatoes_meal_extra_465,tofu,potatoes,broccoli,cream sauce,755,56,49,17,28,easy,1. Prepare the tofu by cutting and seasoning it. 2. Cook the potatoes according to package instructions. 3. Chop the broccoli. 4. Heat a pan and cook the tofu until done. 5. Add the broccoli and cook until tender. 6. Stir in the cream sauce and mix well. 7. Combine with the potatoes and serve.
466,lentils_rice_meal_extra_466,lentils,rice,green beans,pesto,736,31,50,32,24,easy,1. Prepare the lentils by cutting and seasoning it. 2. Cook the rice according to package instructions. 3. Chop the green beans. 4. Heat a pan and cook the lentils until done. 5. Add the green beans and cook until tender. 6. Stir in the pesto and mix well. 7. Combine with the rice and serve.
467,tofu_quinoa_meal_extra_467,tofu,quinoa,carrots,cream sauce,421,54,74,23,50,hard,1. Prepare the tofu by cutting and seasoning it. 2. Cook the quinoa according to package instructions. 3. Chop the carrots. 4. Heat a pan and cook the tofu until done. 5. Add the carrots and cook until tender. 6. Stir in the cream sauce and mix well. 7. Combine with the quinoa and serve.
468,chicken_pasta_meal_extra_468,chicken,pasta,carrots,pesto,726,48,65,19,43,hard,1. Prepare the chicken by cutting and seasoning it. 2. Cook the pasta according to package instructions. 3. Chop the carrots. 4. Heat a pan and cook the chicken until done. 5. Add the carrots and cook until tender. 6. Stir in the pesto and mix well. 7. Combine with the pasta and serve.
469,lentils_potatoes_meal_extra_469,lentils,potatoes,peppers,pesto,565,47,90,28,48,medium,1. Prepare the lentils by cutting and seasoning it. 2. Cook the potatoes according to package instructions. 3. Chop the peppers. 4. Heat a pan and cook the lentils until done. 5. Add the peppers and cook until tender. 6. Stir in the pesto and mix well. 7. Combine with the potatoes and serve.
470,pork_noodles_meal_extra_470,pork,noodles,spinach,soy sauce,681,26,97,25,48,medium,1. Prepare the pork by cutting and seasoning it. 2. Cook the noodles according to package instructions. 3. Chop the spinach. 4. Heat a pan and cook the pork until done. 5. Add the spinach and cook until tender. 6. Stir in the soy sauce and mix well. 7. Combine with the noodles and serve.
471,pork_noodles_meal_extra_471,pork,noodles,zucchini,cream sauce,589,27,69,30,45,medium,1. Prepare the pork by cutting and seasoning it. 2. Cook the noodles according to package instructions. 3. Chop the zucchini. 4. Heat a pan and cook the pork until done. 5. Add the zucchini and cook until tender. 6. Stir in the cream sauce and mix well. 7. Combine with the noodles and serve.
472,beef_noodles_meal_extra_472,beef,noodles,green beans,tomato sauce,807,22,61,35,37,easy,1. Prepare the beef by cutting and seasoning it. 2. Cook the noodles according to package instructions. 3. Chop the green beans. 4. Heat a pan and cook the beef until done. 5. Add the green beans and cook until tender. 6. Stir in the tomato sauce and mix well. 7. Combine with the noodles and serve.
473,salmon_quinoa_meal_extra_473,salmon,quinoa,carrots,cream sauce,579,28,57,12,12,hard,1. Prepare the salmon by cutting and seasoning it. 2. Cook the quinoa according to package instructions. 3. Chop the carrots. 4. Heat a pan and cook the salmon until done. 5. Add the carrots and cook until tender. 6. Stir in the cream sauce and mix well. 7. Combine with the quinoa and serve.
474,shrimp_noodles_meal_extra_474,shrimp,noodles,broccoli,tomato sauce,715,23,56,19,44,medium,1. Prepare the shrimp by cutting and seasoning it. 2. Cook the noodles according to package instructions. 3. Chop the broccoli. 4. Heat a pan and cook the shrimp until done. 5. Add the broccoli and cook until tender. 6. Stir in the tomato sauce and mix well. 7. Combine with the noodles and serve.
475,salmon_noodles_meal_extra_475,salmon,noodles,broccoli,soy sauce,462,54,46,20,50,easy,1. Prepare the salmon by cutting and seasoning it. 2. Cook the noodles according to package instructions. 3. Chop the broccoli. 4. Heat a pan and cook the salmon until done. 5. Add the broccoli and cook until tender. 6. Stir in the soy sauce and mix well. 7. Combine with the noodles and serve.
476,chicken_potatoes_meal_extra_476,chicken,potatoes,green beans,teriyaki,760,35,89,34,39,easy,1. Prepare the chicken by cutting and seasoning it. 2. Cook the potatoes according to package instructions. 3. Chop the green beans. 4. Heat a pan and cook the chicken until done. 5. Add the green beans and cook until tender. 6. Stir in the teriyaki and mix well. 7. Combine with the potatoes and serve.
477,tofu_rice_meal_extra_477,tofu,rice,broccoli,teriyaki,771,42,81,15,58,medium,1. Prepare the tofu by cutting and seasoning it. 2. Cook the rice according to package instructions. 3. Chop the broccoli. 4. Heat a pan and cook the tofu until done. 5. Add the broccoli and cook until tender. 6. Stir in the teriyaki and mix well. 7. Combine with the rice and serve.
478,salmon_potatoes_meal_extra_478,salmon,potatoes,peppers,garlic sauce,469,60,44,18,40,medium,1. Prepare the salmon by cutting and seasoning it. 2. Cook the potatoes according to package instructions. 3. Chop the peppers. 4. Heat a pan and cook the salmon until done. 5. Add the peppers and cook until tender. 6. Stir in the garlic sauce and mix well. 7. Combine with the potatoes and serve.
479,shrimp_potatoes_meal_extra_479,shrimp,potatoes,spinach,garlic sauce,425,40,49,13,31,hard,1. Prepare the shrimp by cutting and seasoning it. 2. Cook the potatoes according to package instructions. 3. Chop the spinach. 4. Heat a pan and cook the shrimp until done. 5. Add the spinach and cook until tender. 6. Stir in the garlic sauce and mix well. 7. Combine with the potatoes and serve.
480,tofu_pasta_meal_extra_480,tofu,pasta,broccoli,tomato sauce,422,24,76,17,25,easy,1. Prepare the tofu by cutting and seasoning it. 2. Cook the pasta according to package instructions. 3. Chop the broccoli. 4. Heat a pan and cook the tofu until done. 5. Add the broccoli and cook until tender. 6. Stir in the tomato sauce and mix well. 7. Combine with the pasta and serve.
481,lentils_rice_meal_extra_481,lentils,rice,broccoli,pesto,534,32,75,15,60,medium,1. Prepare the lentils by cutting and seasoning it. 2. Cook the rice according to package instructions. 3. Chop the broccoli. 4. Heat a pan and cook the lentils until done. 5. Add the broccoli and cook until tender. 6. Stir in the pesto and mix well. 7. Combine with the rice and serve.
482,beef_pasta_meal_extra_482,beef,pasta,broccoli,soy sauce,701,32,47,31,32,medium,1. Prepare the beef by cutting and seasoning it. 2. Cook the pasta according to package instructions. 3. Chop the broccoli. 4. Heat a pan and cook the beef until done. 5. Add the broccoli and cook until tender. 6. Stir in the soy sauce and mix well. 7. Combine with the pasta and serve.
483,beef_potatoes_meal_extra_483,beef,potatoes,broccoli,pesto,477,36,76,17,25,hard,1. Prepare the beef by cutting and seasoning it. 2. Cook the potatoes according to package instructions. 3. Chop the broccoli. 4. Heat a pan and cook the beef until done. 5. Add the broccoli and cook until tender. 6. Stir in the pesto and mix well. 7. Combine with the potatoes and serve.
484,chicken_noodles_meal_extra_484,chicken,noodles,carrots,teriyaki,711,33,85,23,53,easy,1. Prepare the chicken by cutting and seasoning it. 2. Cook the noodles according to package instructions. 3. Chop the carrots. 4. Heat a pan and cook the chicken until done. 5. Add the carrots and cook until tender. 6. Stir in the teriyaki and mix well. 7. Combine with the noodles and serve.
485,salmon_pasta_meal_extra_485,salmon,pasta,peppers,garlic sauce,566,42,74,32,53,hard,1. Prepare the salmon by cutting and seasoning it. 2. Cook the pasta according to package instructions. 3. Chop the peppers. 4. Heat a pan and cook the salmon until done. 5. Add the peppers and cook until tender. 6. Stir in the garlic sauce and mix well. 7. Combine with the pasta and serve.
486,chicken_potatoes_meal_extra_486,chicken,potatoes,zucchini,cream sauce,858,23,92,26,47,medium,1. Prepare the chicken by cutting and seasoning it. 2. Cook the potatoes according to package instructions. 3. Chop the zucchini. 4. Heat a pan and cook the chicken until done. 5. Add the zucchini and cook until tender. 6. Stir in the cream sauce and mix well. 7. Combine with the potatoes and serve.
487,shrimp_noodles_meal_extra_487,shrimp,noodles,peppers,garlic sauce,415,36,51,27,12,hard,1. Prepare the shrimp by cutting and seasoning it. 2. Cook the noodles according to package instructions. 3. Chop the peppers. 4. Heat a pan and cook the shrimp until done. 5. Add the peppers and cook until tender. 6. Stir in the garlic sauce and mix well. 7. Combine with the noodles and serve.
488,salmon_rice_meal_extra_488,salmon,rice,green beans,soy sauce,513,21,49,32,47,easy,1. Prepare the salmon by cutting and seasoning it. 2. Cook the rice according to package instructions. 3. Chop the green beans. 4. Heat a pan and cook the salmon until done. 5. Add the green beans and cook until tender. 6. Stir in the soy sauce and mix well. 7. Combine with the rice and serve.
489,turkey_rice_meal_extra_489,turkey,rice,carrots,tomato sauce,633,40,75,32,50,easy,1. Prepare the turkey by cutting and seasoning it. 2. Cook the rice according to package instructions. 3. Chop the carrots. 4. Heat a pan and cook the turkey until done. 5. Add the carrots and cook until tender. 6. Stir in the tomato sauce and mix well. 7. Combine with the rice and serve.
490,beef_pasta_meal_extra_490,beef,pasta,carrots,tomato sauce,593,23,87,13,48,easy,1. Prepare the beef by cutting and seasoning it. 2. Cook the pasta according to package instructions. 3. Chop the carrots. 4. Heat a pan and cook the beef until done. 5. Add the carrots and cook until tender. 6. Stir in the tomato sauce and mix well. 7. Combine with the pasta and serve.
491,tofu_noodles_meal_extra_491,tofu,noodles,zucchini,tomato sauce,878,37,85,21,33,medium,1. Prepare the tofu by cutting and seasoning it. 2. Cook the noodles according to package instructions. 3. Chop the zucchini. 4. Heat a pan and cook the tofu until done. 5. Add the zucchini and cook until tender. 6. Stir in the tomato sauce and mix well. 7. Combine with the noodles and serve.
492,beef_pasta_meal_extra_492,beef,pasta,zucchini,pesto,487,30,91,31,38,hard,1. Prepare the beef by cutting and seasoning it. 2. Cook the pasta according to package instructions. 3. Chop the zucchini. 4. Heat a pan and cook the beef until done. 5. Add the zucchini and cook until tender. 6. Stir in the pesto and mix well. 7. Combine with the pasta and serve.
493,beef_potatoes_meal_extra_493,beef,potatoes,broccoli,tomato sauce,421,59,84,31,22,easy,1. Prepare the beef by cutting and seasoning it. 2. Cook the potatoes according to package instructions. 3. Chop the broccoli. 4. Heat a pan and cook the beef until done. 5. Add the broccoli and cook until tender. 6. Stir in the tomato sauce and mix well. 7. Combine with the potatoes and serve.
494,lentils_noodles_meal_extra_494,lentils,noodles,broccoli,soy sauce,583,39,58,13,25,easy,1. Prepare the lentils by cutting and seasoning it. 2. Cook the noodles according to package instructions. 3. Chop the broccoli. 4. Heat a pan and cook the lentils until done. 5. Add the broccoli and cook until tender. 6. Stir in the soy sauce and mix well. 7. Combine with the noodles and serve.
495,chicken_rice_meal_extra_495,chicken,rice,zucchini,cream sauce,856,54,70,11,27,hard,1. Prepare the chicken by cutting and seasoning it. 2. Cook the rice according to package instructions. 3. Chop the zucchini. 4. Heat a pan and cook the chicken until done. 5. Add the zucchini and cook until tender. 6. Stir in the cream sauce and mix well. 7. Combine with the rice and serve.
496,lentils_rice_meal_extra_496,lentils,rice,spinach,garlic sauce,690,52,81,24,46,medium,1. Prepare the lentils by cutting and seasoning it. 2. Cook the rice according to package instructions. 3. Chop the spinach. 4. Heat a pan and cook the lentils until done. 5. Add the spinach and cook until tender. 6. Stir in the garlic sauce and mix well. 7. Combine with the rice and serve.
497,beef_quinoa_meal_extra_497,beef,quinoa,zucchini,cream sauce,712,20,90,20,21,hard,1. Prepare the beef by cutting and seasoning it. 2. Cook the quinoa according to package instructions. 3. Chop the zucchini. 4. Heat a pan and cook the beef until done. 5. Add the zucchini and cook until tender. 6. Stir in the cream sauce and mix well. 7. Combine with the quinoa and serve.
498,shrimp_noodles_meal_extra_498,shrimp,noodles,broccoli,teriyaki,883,30,64,25,19,medium,1. Prepare the shrimp by cutting and seasoning it. 2. Cook the noodles according to package instructions. 3. Chop the broccoli. 4. Heat a pan and cook the shrimp until done. 5. Add the broccoli and cook until tender. 6. Stir in the teriyaki and mix well. 7. Combine with the noodles and serve.
499,tofu_noodles_meal_extra_499,tofu,noodles,peppers,garlic sauce,484,51,42,24,50,easy,1. Prepare the tofu by cutting and seasoning it. 2. Cook the noodles according to package instructions. 3. Chop the peppers. 4. Heat a pan and cook the tofu until done. 5. Add the peppers and cook until tender. 6. Stir in the garlic sauce and mix well. 7. Combine with the noodles and serve.
500,shrimp_pasta_meal_extra_500,shrimp,pasta,spinach,cream sauce,442,42,52,28,31,hard,1. Prepare the shrimp by cutting and seasoning it. 2. Cook the pasta according to package instructions. 3. Chop the spinach. 4. Heat a pan and cook the shrimp until done. 5. Add the spinach and cook until tender. 6. Stir in the cream sauce and mix well. 7. Combine with the pasta and serve.
501,shrimp_pasta_meal_extra_501,shrimp,pasta,peppers,cream sauce,459,29,84,18,21,easy,1. Prepare the shrimp by cutting and seasoning it. 2. Cook the pasta according to package instructions. 3. Chop the peppers. 4. Heat a pan and cook the shrimp until done. 5. Add the peppers and cook until tender. 6. Stir in the cream sauce and mix well. 7. Combine with the pasta and serve.
502,turkey_rice_meal_extra_502,turkey,rice,carrots,soy sauce,546,58,71,25,48,medium,1. Prepare the turkey by cutting and seasoning it. 2. Cook the rice according to package instructions. 3. Chop the carrots. 4. Heat a pan and cook the turkey until done. 5. Add the carrots and cook until tender. 6. Stir in the soy sauce and mix well. 7. Combine with the rice and serve.
503,lentils_pasta_meal_extra_503,lentils,pasta,spinach,tomato sauce,823,26,62,16,48,medium,1. Prepare the lentils by cutting and seasoning it. 2. Cook the pasta according to package instructions. 3. Chop the spinach. 4. Heat a pan and cook the lentils until done. 5. Add the spinach and cook until tender. 6. Stir in the tomato sauce and mix well. 7. Combine with the pasta and serve.
504,salmon_rice_meal_extra_504,salmon,rice,carrots,tomato sauce,736,32,60,18,33,easy,1. Prepare the salmon by cutting and seasoning it. 2. Cook the rice according to package instructions. 3. Chop the carrots. 4. Heat a pan and cook the salmon until done. 5. Add the carrots and cook until tender. 6. Stir in the tomato sauce and mix well. 7. Combine with the rice and serve.
505,salmon_potatoes_meal_extra_505,salmon,potatoes,green beans,cream sauce,616,44,75,25,37,easy,1. Prepare the salmon by cutting and seasoning it. 2. Cook the potatoes according to package instructions. 3. Chop the green beans. 4. Heat a pan and cook the salmon until done. 5. Add the green beans and cook until tender. 6. Stir in the cream sauce and mix well. 7. Combine with the potatoes and serve.
506,pork_quinoa_meal_extra_506,pork,quinoa,zucchini,soy sauce,822,47,98,19,35,hard,1. Prepare the pork by cutting and seasoning it. 2. Cook the quinoa according to package instructions. 3. Chop the zucchini. 4. Heat a pan and cook the pork until done. 5. Add the zucchini and cook until tender. 6. Stir in the soy sauce and mix well. 7. Combine with the quinoa and serve.
507,turkey_noodles_meal_extra_507,turkey,noodles,carrots,pesto,559,27,53,13,37,hard,1. Prepare the turkey by cutting and seasoning it. 2. Cook the noodles according to package instructions. 3. Chop the carrots. 4. Heat a pan and cook the turkey until done. 5. Add the carrots and cook until tender. 6. Stir in the pesto and mix well. 7. Combine with the noodles and serve.
508,salmon_potatoes_meal_extra_508,salmon,potatoes,peppers,garlic sauce,779,40,96,21,39,easy,1. Prepare the salmon by cutting and seasoning it. 2. Cook the potatoes according to package instructions. 3. Chop the peppers. 4. Heat a pan and cook the salmon until done. 5. Add the peppers and cook until tender. 6. Stir in the garlic sauce and mix well. 7. Combine with the potatoes and serve.
509,tofu_potatoes_meal_extra_509,tofu,potatoes,spinach,pesto,407,54,67,10,21,easy,1. Prepare the tofu by cutting and seasoning it. 2. Cook the potatoes according to package instructions. 3. Chop the spinach. 4. Heat a pan and cook the tofu until done. 5. Add the spinach and cook until tender. 6. Stir in the pesto and mix well. 7. Combine with the potatoes and serve.
510,pork_noodles_meal_extra_510,pork,noodles,spinach,soy sauce,861,37,79,14,28,medium,1. Prepare the pork by cutting and seasoning it. 2. Cook the noodles according to package instructions. 3. Chop the spinach. 4. Heat a pan and cook the pork until done. 5. Add the spinach and cook until tender. 6. Stir in the soy sauce and mix well. 7. Combine with the noodles and serve.
511,tofu_potatoes_meal_extra_511,tofu,potatoes,peppers,tomato sauce,687,34,63,27,42,medium,1. Prepare the tofu by cutting and seasoning it. 2. Cook the potatoes according to package instructions. 3. Chop the peppers. 4. Heat a pan and cook the tofu until done. 5. Add the peppers and cook until tender. 6. Stir in the tomato sauce and mix well. 7. Combine with the potatoes and serve.
512,pork_pasta_meal_extra_512,pork,pasta,peppers,soy sauce,616,32,47,19,29,hard,1. Prepare the pork by cutting and seasoning it. 2. Cook the pasta according to package instructions. 3. Chop the peppers. 4. Heat a pan and cook the pork until done. 5. Add the peppers and cook until tender. 6. Stir in the soy sauce and mix well. 7. Combine with the pasta and serve.
513,beef_quinoa_meal_extra_513,beef,quinoa,zucchini,teriyaki,437,31,47,11,34,medium,1. Prepare the beef by cutting and seasoning it. 2. Cook the quinoa according to package instructions. 3. Chop the zucchini. 4. Heat a pan and cook the beef until done. 5. Add the zucchini and cook until tender. 6. Stir in the teriyaki and mix well. 7. Combine with the quinoa and serve.
514,chicken_potatoes_meal_extra_514,chicken,potatoes,green beans,teriyaki,824,45,92,24,21,medium,1. Prepare the chicken by cutting and seasoning it. 2. Cook the potatoes according to package instructions. 3. Chop the green beans. 4. Heat a pan and cook the chicken until done. 5. Add the green beans and cook until tender. 6. Stir in the teriyaki and mix well. 7. Combine with the potatoes and serve.
515,shrimp_potatoes_meal_extra_515,shrimp,potatoes,green beans,pesto,472,57,73,35,11,hard,1. Prepare the shrimp by cutting and seasoning it. 2. Cook the potatoes according to package instructions. 3. Chop the green beans. 4. Heat a pan and cook the shrimp until done. 5. Add the green beans and cook until tender. 6. Stir in the pesto and mix well. 7. Combine with the potatoes and serve.
516,lentils_potatoes_meal_extra_516,lentils,potatoes,carrots,soy sauce,658,52,42,14,44,medium,1. Prepare the lentils by cutting and seasoning it. 2. Cook the potatoes according to package instructions. 3. Chop the carrots. 4. Heat a pan and cook the lentils until done. 5. Add the carrots and cook until tender. 6. Stir in the soy sauce and mix well. 7. Combine with the potatoes and serve.
517,turkey_potatoes_meal_extra_517,turkey,potatoes,carrots,cream sauce,748,25,43,11,21,hard,1. Prepare the turkey by cutting and seasoning it. 2. Cook the potatoes according to package instructions. 3. Chop the carrots. 4. Heat a pan and cook the turkey until done. 5. Add the carrots and cook until tender. 6. Stir in the cream sauce and mix well. 7. Combine with the potatoes and serve.
518,tofu_rice_meal_extra_518,tofu,rice,carrots,teriyaki,640,34,90,33,47,medium,1. Prepare the tofu by cutting and seasoning it. 2. Cook the rice according to package instructions. 3. Chop the carrots. 4. Heat a pan and cook the tofu until done. 5. Add the carrots and cook until tender. 6. Stir in the teriyaki and mix well. 7. Combine with the rice and serve.
519,chicken_quinoa_meal_extra_519,chicken,quinoa,carrots,garlic sauce,545,49,94,21,45,easy,1. Prepare the chicken by cutting and seasoning it. 2. Cook the quinoa according to package instructions. 3. Chop the carrots. 4. Heat a pan and cook the chicken until done. 5. Add the carrots and cook until tender. 6. Stir in the garlic sauce and mix well. 7. Combine with the quinoa and serve.
520,turkey_quinoa_meal_extra_520,turkey,quinoa,zucchini,soy sauce,557,36,58,29,60,easy,1. Prepare the turkey by cutting and seasoning it. 2. Cook the quinoa according to package instructions. 3. Chop the zucchini. 4. Heat a pan and cook the turkey until done. 5. Add the zucchini and cook until tender. 6. Stir in the soy sauce and mix well. 7. Combine with the quinoa and serve.
521,lentils_pasta_meal_extra_521,lentils,pasta,carrots,garlic sauce,896,56,73,30,27,hard,1. Prepare the lentils by cutting and seasoning it. 2. Cook the pasta according to package instructions. 3. Chop the carrots. 4. Heat a pan and cook the lentils until done. 5. Add the carrots and cook until tender. 6. Stir in the garlic sauce and mix well. 7. Combine with the pasta and serve.
522,turkey_potatoes_meal_extra_522,turkey,potatoes,zucchini,teriyaki,548,51,100,12,54,medium,1. Prepare the turkey by cutting and seasoning it. 2. Cook the potatoes according to package instructions. 3. Chop the zucchini. 4. Heat a pan and cook the turkey until done. 5. Add the zucchini and cook until tender. 6. Stir in the teriyaki and mix well. 7. Combine with the potatoes and serve.
523,lentils_noodles_meal_extra_523,lentils,noodles,carrots,garlic sauce,582,60,58,25,11,medium,1. Prepare the lentils by cutting and seasoning it. 2. Cook the noodles according to package instructions. 3. Chop the carrots. 4. Heat a pan and cook the lentils until done. 5. Add the carrots and cook until tender. 6. Stir in the garlic sauce and mix well. 7. Combine with the noodles and serve.
524,pork_rice_meal_extra_524,pork,rice,carrots,soy sauce,878,25,92,29,36,medium,1. Prepare the pork by cutting and seasoning it. 2. Cook the rice according to package instructions. 3. Chop the carrots. 4. Heat a pan and cook the pork until done. 5. Add the carrots and cook until tender. 6. Stir in the soy sauce and mix well. 7. Combine with the rice and serve.
525,salmon_pasta_meal_extra_525,salmon,pasta,broccoli,cream sauce,692,46,44,13,54,easy,1. Prepare the salmon by cutting and seasoning it. 2. Cook the pasta according to package instructions. 3. Chop the broccoli. 4. Heat a pan and cook the salmon until done. 5. Add the broccoli and cook until tender. 6. Stir in the cream sauce and mix well. 7. Combine with the pasta and serve.
526,pork_noodles_meal_extra_526,pork,noodles,spinach,teriyaki,767,39,43,15,24,medium,1. Prepare the pork by cutting and seasoning it. 2. Cook the noodles according to package instructions. 3. Chop the spinach. 4. Heat a pan and cook the pork until done. 5. Add the spinach and cook until tender. 6. Stir in the teriyaki and mix well. 7. Combine with the noodles and serve.
527,tofu_quinoa_meal_extra_527,tofu,quinoa,peppers,teriyaki,466,53,45,10,52,easy,1. Prepare the tofu by cutting and seasoning it. 2. Cook the quinoa according to package instructions. 3. Chop the peppers. 4. Heat a pan and cook the tofu until done. 5. Add the peppers and cook until tender. 6. Stir in the teriyaki and mix well. 7. Combine with the quinoa and serve.
528,shrimp_noodles_meal_extra_528,shrimp,noodles,broccoli,soy sauce,528,44,59,33,37,medium,1. Prepare the shrimp by cutting and seasoning it. 2. Cook the noodles according to package instructions. 3. Chop the broccoli. 4. Heat a pan and cook the shrimp until done. 5. Add the broccoli and cook until tender. 6. Stir in the soy sauce and mix well. 7. Combine with the noodles and serve.
529,lentils_noodles_meal_extra_529,lentils,noodles,green beans,teriyaki,511,44,82,11,48,medium,1. Prepare the lentils by cutting and seasoning it. 2. Cook the noodles according to package instructions. 3. Chop the green beans. 4. Heat a pan and cook the lentils until done. 5. Add the green beans and cook until tender. 6. Stir in the teriyaki and mix well. 7. Combine with the noodles and serve.
530,salmon_potatoes_meal_extra_530,salmon,potatoes,zucchini,pesto,806,59,82,12,22,medium,1. Prepare the salmon by cutting and seasoning it. 2. Cook the potatoes according to package instructions. 3. Chop the zucchini. 4. Heat a pan and cook the salmon until done. 5. Add the zucchini and cook until tender. 6. Stir in the pesto and mix well. 7. Combine with the potatoes and serve.
531,tofu_quinoa_meal_extra_531,tofu,quinoa,spinach,cream sauce,423,20,42,23,59,hard,1. Prepare the tofu by cutting and seasoning it. 2. Cook the quinoa according to package instructions. 3. Chop the spinach. 4. Heat a pan and cook the tofu until done. 5. Add the spinach and cook until tender. 6. Stir in the cream sauce and mix well. 7. Combine with the quinoa and serve.
532,lentils_potatoes_meal_extra_532,lentils,potatoes,spinach,pesto,637,58,46,19,13,easy,1. Prepare the lentils by cutting and seasoning it. 2. Cook the potatoes according to package instructions. 3. Chop the spinach. 4. Heat a pan and cook the lentils until done. 5. Add the spinach and cook until tender. 6. Stir in the pesto and mix well. 7. Combine with the potatoes and serve.
533,lentils_potatoes_meal_extra_533,lentils,potatoes,broccoli,tomato sauce,445,37,41,20,51,hard,1. Prepare the lentils by cutting and seasoning it. 2. Cook the potatoes according to package instructions. 3. Chop the broccoli. 4. Heat a pan and cook the lentils until done. 5. Add the broccoli and cook until tender. 6. Stir in the tomato sauce and mix well. 7. Combine with the potatoes and serve.
534,beef_noodles_meal_extra_534,beef,noodles,spinach,soy sauce,430,45,72,14,50,medium,1. Prepare the beef by cutting and seasoning it. 2. Cook the noodles according to package instructions. 3. Chop the spinach. 4. Heat a pan and cook the beef until done. 5. Add the spinach and cook until tender. 6. Stir in the soy sauce and mix well. 7. Combine with the noodles and serve.
535,lentils_rice_meal_extra_535,lentils,rice,broccoli,cream sauce,417,40,56,20,32,easy,1. Prepare the lentils by cutting and seasoning it. 2. Cook the rice according to package instructions. 3. Chop the broccoli. 4. Heat a pan and cook the lentils until done. 5. Add the broccoli and cook until tender. 6. Stir in the cream sauce and mix well. 7. Combine with the rice and serve.
536,salmon_rice_meal_extra_536,salmon,rice,spinach,cream sauce,451,47,70,31,44,hard,1. Prepare the salmon by cutting and seasoning it. 2. Cook the rice according to package instructions. 3. Chop the spinach. 4. Heat a pan and cook the salmon until done. 5. Add the spinach and cook until tender. 6. Stir in the cream sauce and mix well. 7. Combine with the rice and serve.
537,pork_pasta_meal_extra_537,pork,pasta,green beans,teriyaki,416,47,72,14,22,hard,1. Prepare the pork by cutting and seasoning it. 2. Cook the pasta according to package instructions. 3. Chop the green beans. 4. Heat a pan and cook the pork until done. 5. Add the green beans and cook until tender. 6. Stir in the teriyaki and mix well. 7. Combine with the pasta and serve.
538,shrimp_pasta_meal_extra_538,shrimp,pasta,spinach,pesto,657,41,100,23,27,hard,1. Prepare the shrimp by cutting and seasoning it. 2. Cook the pasta according to package instructions. 3. Chop the spinach. 4. Heat a pan and cook the shrimp until done. 5. Add the spinach and cook until tender. 6. Stir in the pesto and mix well. 7. Combine with the pasta and serve.
539,pork_rice_meal_extra_539,pork,rice,zucchini,cream sauce,442,58,97,26,14,hard,1. Prepare the pork by cutting and seasoning it. 2. Cook the rice according to package instructions. 3. Chop the zucchini. 4. Heat a pan and cook the pork until done. 5. Add the zucchini and cook until tender. 6. Stir in the cream sauce and mix well. 7. Combine with the rice and serve.
540,salmon_potatoes_meal_extra_540,salmon,potatoes,green beans,teriyaki,774,50,81,12,47,easy,1. Prepare the salmon by cutting and seasoning it. 2. Cook the potatoes according to package instructions. 3. Chop the green beans. 4. Heat a pan and cook the salmon until done. 5. Add the green beans and cook until tender. 6. Stir in the teriyaki and mix well. 7. Combine with the potatoes and serve.
541,tofu_rice_meal_extra_541,tofu,rice,broccoli,tomato sauce,761,37,77,18,21,medium,1. Prepare the tofu by cutting and seasoning it. 2. Cook the rice according to package instructions. 3. Chop the broccoli. 4. Heat a pan and cook the tofu until done. 5. Add the broccoli and cook until tender. 6. Stir in the tomato sauce and mix well. 7. Combine with the rice and serve.
542,shrimp_rice_meal_extra_542,shrimp,rice,peppers,tomato sauce,638,39,95,25,46,easy,1. Prepare the shrimp by cutting and seasoning it. 2. Cook the rice according to package instructions. 3. Chop the peppers. 4. Heat a pan and cook the shrimp until done. 5. Add the peppers and cook until tender. 6. Stir in the tomato sauce and mix well. 7. Combine with the rice and serve.
543,tofu_noodles_meal_extra_543,tofu,noodles,peppers,soy sauce,897,26,82,26,16,medium,1. Prepare the tofu by cutting and seasoning it. 2. Cook the noodles according to package instructions. 3. Chop the peppers. 4. Heat a pan and cook the tofu until done. 5. Add the peppers and cook until tender. 6. Stir in the soy sauce and mix well. 7. Combine with the noodles and serve.
544,turkey_pasta_meal_extra_544,turkey,pasta,green beans,tomato sauce,681,46,59,19,42,medium,1. Prepare the turkey by cutting and seasoning it. 2. Cook the pasta according to package instructions. 3. Chop the green beans. 4. Heat a pan and cook the turkey until done. 5. Add the green beans and cook until tender. 6. Stir in the tomato sauce and mix well. 7. Combine with the pasta and serve.
545,tofu_quinoa_meal_extra_545,tofu,quinoa,broccoli,cream sauce,559,35,85,24,35,easy,1. Prepare the tofu by cutting and seasoning it. 2. Cook the quinoa according to package instructions. 3. Chop the broccoli. 4. Heat a pan and cook the tofu until done. 5. Add the broccoli and cook until tender. 6. Stir in the cream sauce and mix well. 7. Combine with the quinoa and serve.
546,lentils_potatoes_meal_extra_546,lentils,potatoes,green beans,soy sauce,553,46,52,32,13,easy,1. Prepare the lentils by cutting and seasoning it. 2. Cook the potatoes according to package instructions. 3. Chop the green beans. 4. Heat a pan and cook the lentils until done. 5. Add the green beans and cook until tender. 6. Stir in the soy sauce and mix well. 7. Combine with the potatoes and serve.
547,tofu_quinoa_meal_extra_547,tofu,quinoa,spinach,tomato sauce,805,44,54,15,45,hard,1. Prepare the tofu by cutting and seasoning it. 2. Cook the quinoa according to package instructions. 3. Chop the spinach. 4. Heat a pan and cook the tofu until done. 5. Add the spinach and cook until tender. 6. Stir in the tomato sauce and mix well. 7. Combine with the quinoa and serve.
548,salmon_pasta_meal_extra_548,salmon,pasta,green beans,cream sauce,414,45,91,30,47,easy,1. Prepare the salmon by cutting and seasoning it. 2. Cook the pasta according to package instructions. 3. Chop the green beans. 4. Heat a pan and cook the salmon until done. 5. Add the green beans and cook until tender. 6. Stir in the cream sauce and mix well. 7. Combine with the pasta and serve.
549,beef_pasta_meal_extra_549,beef,pasta,broccoli,tomato sauce,464,44,90,31,45,easy,1. Prepare the beef by cutting and seasoning it. 2. Cook the pasta according to package instructions. 3. Chop the broccoli. 4. Heat a pan and cook the beef until done. 5. Add the broccoli and cook until tender. 6. Stir in the tomato sauce and mix well. 7. Combine with the pasta and serve.
550,salmon_rice_meal_extra_550,salmon,rice,carrots,garlic sauce,695,22,95,23,21,medium,1. Prepare the salmon by cutting and seasoning it. 2. Cook the rice according to package instructions. 3. Chop the carrots. 4. Heat a pan and cook the salmon until done. 5. Add the carrots and cook until tender. 6. Stir in the garlic sauce and mix well. 7. Combine with the rice and serve.
551,salmon_quinoa_meal_extra_551,salmon,quinoa,peppers,tomato sauce,455,41,54,16,17,easy,1. Prepare the salmon by cutting and seasoning it. 2. Cook the quinoa according to package instructions. 3. Chop the peppers. 4. Heat a pan and cook the salmon until done. 5. Add the peppers and cook until tender. 6. Stir in the tomato sauce and mix well. 7. Combine with the quinoa and serve.
552,turkey_noodles_meal_extra_552,turkey,noodles,spinach,cream sauce,494,45,55,16,32,hard,1. Prepare the turkey by cutting and seasoning it. 2. Cook the noodles according to package instructions. 3. Chop the spinach. 4. Heat a pan and cook the turkey until done. 5. Add the spinach and cook until tender. 6. Stir in the cream sauce and mix well. 7. Combine with the noodles and serve.
553,turkey_noodles_meal_extra_553,turkey,noodles,carrots,tomato sauce,634,24,90,32,34,hard,1. Prepare the turkey by cutting and seasoning it. 2. Cook the noodles according to package instructions. 3. Chop the carrots. 4. Heat a pan and cook the turkey until done. 5. Add the carrots and cook until tender. 6. Stir in the tomato sauce and mix well. 7. Combine with the noodles and serve.
554,tofu_quinoa_meal_extra_554,tofu,quinoa,green beans,soy sauce,897,55,58,25,10,medium,1. Prepare the tofu by cutting and seasoning it. 2. Cook the quinoa according to package instructions. 3. Chop the green beans. 4. Heat a pan and cook the tofu until done. 5. Add the green beans and cook until tender. 6. Stir in the soy sauce and mix well. 7. Combine with the quinoa and serve.
555,salmon_quinoa_meal_extra_555,salmon,quinoa,zucchini,garlic sauce,721,34,57,21,18,easy,1. Prepare the salmon by cutting and seasoning it. 2. Cook the quinoa according to package instructions. 3. Chop the zucchini. 4. Heat a pan and cook the salmon until done. 5. Add the zucchini and cook until tender. 6. Stir in the garlic sauce and mix well. 7. Combine with the quinoa and serve.
556,turkey_rice_meal_extra_556,turkey,rice,carrots,cream sauce,691,35,95,33,25,hard,1. Prepare the turkey by cutting and seasoning it. 2. Cook the rice according to package instructions. 3. Chop the carrots. 4. Heat a pan and cook the turkey until done. 5. Add the carrots and cook until tender. 6. Stir in the cream sauce and mix well. 7. Combine with the rice and serve.
557,shrimp_noodles_meal_extra_557,shrimp,noodles,peppers,cream sauce,622,43,84,34,34,easy,1. Prepare the shrimp by cutting and seasoning it. 2. Cook the noodles according to package instructions. 3. Chop the peppers. 4. Heat a pan and cook the shrimp until done. 5. Add the peppers and cook until tender. 6. Stir in the cream sauce and mix well. 7. Combine with the noodles and serve.
558,lentils_noodles_meal_extra_558,lentils,noodles,peppers,garlic sauce,572,50,54,14,43,hard,1. Prepare the lentils by cutting and seasoning it. 2. Cook the noodles according to package instructions. 3. Chop the peppers. 4. Heat a pan and cook the lentils until done. 5. Add the peppers and cook until tender. 6. Stir in the garlic sauce and mix well. 7. Combine with the noodles and serve.
559,turkey_quinoa_meal_extra_559,turkey,quinoa,spinach,teriyaki,892,36,66,33,55,medium,1. Prepare the turkey by cutting and seasoning it. 2. Cook the quinoa according to package instructions. 3. Chop the spinach. 4. Heat a pan and cook the turkey until done. 5. Add the spinach and cook until tender. 6. Stir in the teriyaki and mix well. 7. Combine with the quinoa and serve.
560,shrimp_noodles_meal_extra_560,shrimp,noodles,spinach,cream sauce,582,25,77,32,39,medium,1. Prepare the shrimp by cutting and seasoning it. 2. Cook the noodles according to package instructions. 3. Chop the spinach. 4. Heat a pan and cook the shrimp until done. 5. Add the spinach and cook until tender. 6. Stir in the cream sauce and mix well. 7. Combine with the noodles and serve.
561,turkey_noodles_meal_extra_561,turkey,noodles,spinach,pesto,480,37,58,31,47,medium,1. Prepare the turkey by cutting and seasoning it. 2. Cook the noodles according to package instructions. 3. Chop the spinach. 4. Heat a pan and cook the turkey until done. 5. Add the spinach and cook until tender. 6. Stir in the pesto and mix well. 7. Combine with the noodles and serve.
562,salmon_pasta_meal_extra_562,salmon,pasta,spinach,soy sauce,552,47,88,12,28,medium,1. Prepare the salmon by cutting and seasoning it. 2. Cook the pasta according to package instructions. 3. Chop the spinach. 4. Heat a pan and cook the salmon until done. 5. Add the spinach and cook until tender. 6. Stir in the soy sauce and mix well. 7. Combine with the pasta and serve.
563,beef_quinoa_meal_extra_563,beef,quinoa,spinach,tomato sauce,443,37,90,31,46,medium,1. Prepare the beef by cutting and seasoning it. 2. Cook the quinoa according to package instructions. 3. Chop the spinach. 4. Heat a pan and cook the beef until done. 5. Add the spinach and cook until tender. 6. Stir in the tomato sauce and mix well. 7. Combine with the quinoa and serve.
564,lentils_pasta_meal_extra_564,lentils,pasta,broccoli,cream sauce,742,59,75,25,11,medium,1. Prepare the lentils by cutting and seasoning it. 2. Cook the pasta according to package instructions. 3. Chop the broccoli. 4. Heat a pan and cook the lentils until done. 5. Add the broccoli and cook until tender. 6. Stir in the cream sauce and mix well. 7. Combine with the pasta and serve.
565,pork_rice_meal_extra_565,pork,rice,carrots,soy sauce,852,33,91,24,50,hard,1. Prepare the pork by cutting and seasoning it. 2. Cook the rice according to package instructions. 3. Chop the carrots. 4. Heat a pan and cook the pork until done. 5. Add the carrots and cook until tender. 6. Stir in the soy sauce and mix well. 7. Combine with the rice and serve.
566,turkey_potatoes_meal_extra_566,turkey,potatoes,broccoli,pesto,897,58,64,33,48,hard,1. Prepare the turkey by cutting and seasoning it. 2. Cook the potatoes according to package instructions. 3. Chop the broccoli. 4. Heat a pan and cook the turkey until done. 5. Add the broccoli and cook until tender. 6. Stir in the pesto and mix well. 7. Combine with the potatoes and serve.
567,lentils_quinoa_meal_extra_567,lentils,quinoa,spinach,soy sauce,687,46,89,18,45,easy,1. Prepare the lentils by cutting and seasoning it. 2. Cook the quinoa according to package instructions. 3. Chop the spinach. 4. Heat a pan and cook the lentils until done. 5. Add the spinach and cook until tender. 6. Stir in the soy sauce and mix well. 7. Combine with the quinoa and serve.
568,chicken_noodles_meal_extra_568,chicken,noodles,carrots,tomato sauce,872,46,79,11,25,hard,1. Prepare the chicken by cutting and seasoning it. 2. Cook the noodles according to package instructions. 3. Chop the carrots. 4. Heat a pan and cook the chicken until done. 5. Add the carrots and cook until tender. 6. Stir in the tomato sauce and mix well. 7. Combine with the noodles and serve.
569,lentils_noodles_meal_extra_569,lentils,noodles,spinach,cream sauce,554,33,64,10,36,medium,1. Prepare the lentils by cutting and seasoning it. 2. Cook the noodles according to package instructions. 3. Chop the spinach. 4. Heat a pan and cook the lentils until done. 5. Add the spinach and cook until tender. 6. Stir in the cream sauce and mix well. 7. Combine with the noodles and serve.
570,salmon_quinoa_meal_extra_570,salmon,quinoa,broccoli,pesto,603,45,52,18,45,easy,1. Prepare the salmon by cutting and seasoning it. 2. Cook the quinoa according to package instructions. 3. Chop the broccoli. 4. Heat a pan and cook the salmon until done. 5. Add the broccoli and cook until tender. 6. Stir in the pesto and mix well. 7. Combine with the quinoa and serve.
571,tofu_noodles_meal_extra_571,tofu,noodles,spinach,cream sauce,582,58,65,19,18,medium,1. Prepare the tofu by cutting and seasoning it. 2. Cook the noodles according to package instructions. 3. Chop the spinach. 4. Heat a pan and cook the tofu until done. 5. Add the spinach and cook until tender. 6. Stir in the cream sauce and mix well. 7. Combine with the noodles and serve.
572,lentils_noodles_meal_extra_572,lentils,noodles,spinach,tomato sauce,863,28,52,19,36,hard,1. Prepare the lentils by cutting and seasoning it. 2. Cook the noodles according to package instructions. 3. Chop the spinach. 4. Heat a pan and cook the lentils until done. 5. Add the spinach and cook until tender. 6. Stir in the tomato sauce and mix well. 7. Combine with the noodles and serve.
573,chicken_noodles_meal_extra_573,chicken,noodles,peppers,garlic sauce,638,58,78,34,46,medium,1. Prepare the chicken by cutting and seasoning it. 2. Cook the noodles according to package instructions. 3. Chop the peppers. 4. Heat a pan and cook the chicken until done. 5. Add the peppers and cook until tender. 6. Stir in the garlic sauce and mix well. 7. Combine with the noodles and serve.
574,salmon_rice_meal_extra_574,salmon,rice,zucchini,cream sauce,532,21,95,10,56,medium,1. Prepare the salmon by cutting and seasoning it. 2. Cook the rice according to package instructions. 3. Chop the zucchini. 4. Heat a pan and cook the salmon until done. 5. Add the zucchini and cook until tender. 6. Stir in the cream sauce and mix well. 7. Combine with the rice and serve.
575,shrimp_noodles_meal_extra_575,shrimp,noodles,peppers,teriyaki,826,34,77,10,60,medium,1. Prepare the shrimp by cutting and seasoning it. 2. Cook the noodles according to package instructions. 3. Chop the peppers. 4. Heat a pan and cook the shrimp until done. 5. Add the peppers and cook until tender. 6. Stir in the teriyaki and mix well. 7. Combine with the noodles and serve.
576,pork_potatoes_meal_extra_576,pork,potatoes,broccoli,garlic sauce,493,37,94,26,21,easy,1. Prepare the pork by cutting and seasoning it. 2. Cook the potatoes according to package instructions. 3. Chop the broccoli. 4. Heat a pan and cook the pork until done. 5. Add the broccoli and cook until tender. 6. Stir in the garlic sauce and mix well. 7. Combine with the potatoes and serve.
577,tofu_pasta_meal_extra_577,tofu,pasta,zucchini,soy sauce,541,30,63,22,40,hard,1. Prepare the tofu by cutting and seasoning it. 2. Cook the pasta according to package instructions. 3. Chop the zucchini. 4. Heat a pan and cook the tofu until done. 5. Add the zucchini and cook until tender. 6. Stir in the soy sauce and mix well. 7. Combine with the pasta and serve.
578,shrimp_potatoes_meal_extra_578,shrimp,potatoes,zucchini,cream sauce,592,45,42,28,33,easy,1. Prepare the shrimp by cutting and seasoning it. 2. Cook the potatoes according to package instructions. 3. Chop the zucchini. 4. Heat a pan and cook the shrimp until done. 5. Add the zucchini and cook until tender. 6. Stir in the cream sauce and mix well. 7. Combine with the potatoes and serve.
579,salmon_quinoa_meal_extra_579,salmon,quinoa,spinach,tomato sauce,867,43,90,34,55,hard,1. Prepare the salmon by cutting and seasoning it. 2. Cook the quinoa according to package instructions. 3. Chop the spinach. 4. Heat a pan and cook the salmon until done. 5. Add the spinach and cook until tender. 6. Stir in the tomato sauce and mix well. 7. Combine with the quinoa and serve.
580,pork_rice_meal_extra_580,pork,rice,spinach,cream sauce,500,58,63,26,31,easy,1. Prepare the pork by cutting and seasoning it. 2. Cook the rice according to package instructions. 3. Chop the spinach. 4. Heat a pan and cook the pork until done. 5. Add the spinach and cook until tender. 6. Stir in the cream sauce and mix well. 7. Combine with the rice and serve.
581,chicken_rice_meal_extra_581,chicken,rice,green beans,garlic sauce,807,55,70,27,39,medium,1. Prepare the chicken by cutting and seasoning it. 2. Cook the rice according to package instructions. 3. Chop the green beans. 4. Heat a pan and cook the chicken until done. 5. Add the green beans and cook until tender. 6. Stir in the garlic sauce and mix well. 7. Combine with the rice and serve.
582,tofu_quinoa_meal_extra_582,tofu,quinoa,zucchini,soy sauce,750,51,60,27,32,medium,1. Prepare the tofu by cutting and seasoning it. 2. Cook the quinoa according to package instructions. 3. Chop the zucchini. 4. Heat a pan and cook the tofu until done. 5. Add the zucchini and cook until tender. 6. Stir in the soy sauce and mix well. 7. Combine with the quinoa and serve.
583,pork_quinoa_meal_extra_583,pork,quinoa,carrots,soy sauce,879,39,85,21,34,medium,1. Prepare the pork by cutting and seasoning it. 2. Cook the quinoa according to package instructions. 3. Chop the carrots. 4. Heat a pan and cook the pork until done. 5. Add the carrots and cook until tender. 6. Stir in the soy sauce and mix well. 7. Combine with the quinoa and serve.
584,tofu_pasta_meal_extra_584,tofu,pasta,carrots,garlic sauce,519,34,52,28,37,hard,1. Prepare the tofu by cutting and seasoning it. 2. Cook the pasta according to package instructions. 3. Chop the carrots. 4. Heat a pan and cook the tofu until done. 5. Add the carrots and cook until tender. 6. Stir in the garlic sauce and mix well. 7. Combine with the pasta and serve.
585,pork_potatoes_meal_extra_585,pork,potatoes,broccoli,cream sauce,708,42,76,35,56,medium,1. Prepare the pork by cutting and seasoning it. 2. Cook the potatoes according to package instructions. 3. Chop the broccoli. 4. Heat a pan and cook the pork until done. 5. Add the broccoli and cook until tender. 6. Stir in the cream sauce and mix well. 7. Combine with the potatoes and serve.
586,shrimp_pasta_meal_extra_586,shrimp,pasta,green beans,tomato sauce,583,60,60,25,57,hard,1. Prepare the shrimp by cutting and seasoning it. 2. Cook the pasta according to package instructions. 3. Chop the green beans. 4. Heat a pan and cook the shrimp until done. 5. Add the green beans and cook until tender. 6. Stir in the tomato sauce and mix well. 7. Combine with the pasta and serve.
587,salmon_pasta_meal_extra_587,salmon,pasta,carrots,pesto,867,48,47,17,32,medium,1. Prepare the salmon by cutting and seasoning it. 2. Cook the pasta according to package instructions. 3. Chop the carrots. 4. Heat a pan and cook the salmon until done. 5. Add the carrots and cook until tender. 6. Stir in the pesto and mix well. 7. Combine with the pasta and serve.
588,beef_rice_meal_extra_588,beef,rice,carrots,teriyaki,442,36,66,20,22,easy,1. Prepare the beef by cutting and seasoning it. 2. Cook the rice according to package instructions. 3. Chop the carrots. 4. Heat a pan and cook the beef until done. 5. Add the carrots and cook until tender. 6. Stir in the teriyaki and mix well. 7. Combine with the rice and serve.
589,turkey_potatoes_meal_extra_589,turkey,potatoes,spinach,garlic sauce,701,33,52,27,11,medium,1. Prepare the turkey by cutting and seasoning it. 2. Cook the potatoes according to package instructions. 3. Chop the spinach. 4. Heat a pan and cook the turkey until done. 5. Add the spinach and cook until tender. 6. Stir in the garlic sauce and mix well. 7. Combine with the potatoes and serve.
590,turkey_quinoa_meal_extra_590,turkey,quinoa,green beans,soy sauce,547,28,74,30,32,hard,1. Prepare the turkey by cutting and seasoning it. 2. Cook the quinoa according to package instructions. 3. Chop the green beans. 4. Heat a pan and cook the turkey until done. 5. Add the green beans and cook until tender. 6. Stir in the soy sauce and mix well. 7. Combine with the quinoa and serve.
591,shrimp_rice_meal_extra_591,shrimp,rice,green beans,tomato sauce,701,41,50,16,51,easy,1. Prepare the shrimp by cutting and seasoning it. 2. Cook the rice according to package instructions. 3. Chop the green beans. 4. Heat a pan and cook the shrimp until done. 5. Add the green beans and cook until tender. 6. Stir in the tomato sauce and mix well. 7. Combine with the rice and serve.
592,beef_noodles_meal_extra_592,beef,noodles,peppers,cream sauce,642,42,58,17,51,hard,1. Prepare the beef by cutting and seasoning it. 2. Cook the noodles according to package instructions. 3. Chop the peppers. 4. Heat a pan and cook the beef until done. 5. Add the peppers and cook until tender. 6. Stir in the cream sauce and mix well. 7. Combine with the noodles and serve.
593,salmon_rice_meal_extra_593,salmon,rice,zucchini,soy sauce,755,52,41,25,58,hard,1. Prepare the salmon by cutting and seasoning it. 2. Cook the rice according to package instructions. 3. Chop the zucchini. 4. Heat a pan and cook the salmon until done. 5. Add the zucchini and cook until tender. 6. Stir in the soy sauce and mix well. 7. Combine with the rice and serve.
594,lentils_quinoa_meal_extra_594,lentils,quinoa,peppers,garlic sauce,430,54,85,14,59,easy,1. Prepare the lentils by cutting and seasoning it. 2. Cook the quinoa according to package instructions. 3. Chop the peppers. 4. Heat a pan and cook the lentils until done. 5. Add the peppers and cook until tender. 6. Stir in the garlic sauce and mix well. 7. Combine with the quinoa and serve.
595,tofu_quinoa_meal_extra_595,tofu,quinoa,peppers,teriyaki,554,22,68,35,10,easy,1. Prepare the tofu by cutting and seasoning it. 2. Cook the quinoa according to package instructions. 3. Chop the peppers. 4. Heat a pan and cook the tofu until done. 5. Add the peppers and cook until tender. 6. Stir in the teriyaki and mix well. 7. Combine with the quinoa and serve.
596,shrimp_potatoes_meal_extra_596,shrimp,potatoes,carrots,teriyaki,437,39,42,23,29,medium,1. Prepare the shrimp by cutting and seasoning it. 2. Cook the potatoes according to package instructions. 3. Chop the carrots. 4. Heat a pan and cook the shrimp until done. 5. Add the carrots and cook until tender. 6. Stir in the teriyaki and mix well. 7. Combine with the potatoes and serve.
597,lentils_rice_meal_extra_597,lentils,rice,zucchini,pesto,726,34,90,17,30,easy,1. Prepare the lentils by cutting and seasoning it. 2. Cook the rice according to package instructions. 3. Chop the zucchini. 4. Heat a pan and cook the lentils until done. 5. Add the zucchini and cook until tender. 6. Stir in the pesto and mix well. 7. Combine with the rice and serve.
598,pork_quinoa_meal_extra_598,pork,quinoa,spinach,pesto,702,33,54,21,48,hard,1. Prepare the pork by cutting and seasoning it. 2. Cook the quinoa according to package instructions. 3. Chop the spinach. 4. Heat a pan and cook the pork until done. 5. Add the spinach and cook until tender. 6. Stir in the pesto and mix well. 7. Combine with the quinoa and serve.
599,chicken_potatoes_meal_extra_599,chicken,potatoes,zucchini,cream sauce,876,20,84,28,46,hard,1. Prepare the chicken by cutting and seasoning it. 2. Cook the potatoes according to package instructions. 3. Chop the zucchini. 4. Heat a pan and cook the chicken until done. 5. Add the zucchini and cook until tender. 6. Stir in the cream sauce and mix well. 7. Combine with the potatoes and serve.
600,lentils_noodles_meal_extra_600,lentils,noodles,peppers,tomato sauce,699,58,57,12,11,easy,1. Prepare the lentils by cutting and seasoning it. 2. Cook the noodles according to package instructions. 3. Chop the peppers. 4. Heat a pan and cook the lentils until done. 5. Add the peppers and cook until tender. 6. Stir in the tomato sauce and mix well. 7. Combine with the noodles and serve.
601,beef_noodles_meal_extra_601,beef,noodles,peppers,tomato sauce,479,28,45,11,11,medium,1. Prepare the beef by cutting and seasoning it. 2. Cook the noodles according to package instructions. 3. Chop the peppers. 4. Heat a pan and cook the beef until done. 5. Add the peppers and cook until tender. 6. Stir in the tomato sauce and mix well. 7. Combine with the noodles and serve.
602,shrimp_quinoa_meal_extra_602,shrimp,quinoa,zucchini,pesto,845,54,80,26,56,medium,1. Prepare the shrimp by cutting and seasoning it. 2. Cook the quinoa according to package instructions. 3. Chop the zucchini. 4. Heat a pan and cook the shrimp until done. 5. Add the zucchini and cook until tender. 6. Stir in the pesto and mix well. 7. Combine with the quinoa and serve.
603,tofu_rice_meal_extra_603,tofu,rice,carrots,garlic sauce,535,49,80,35,24,hard,1. Prepare the tofu by cutting and seasoning it. 2. Cook the rice according to package instructions. 3. Chop the carrots. 4. Heat a pan and cook the tofu until done. 5. Add the carrots and cook until tender. 6. Stir in the garlic sauce and mix well. 7. Combine with the rice and serve.
604,shrimp_quinoa_meal_extra_604,shrimp,quinoa,peppers,pesto,745,56,57,13,11,medium,1. Prepare the shrimp by cutting and seasoning it. 2. Cook the quinoa according to package instructions. 3. Chop the peppers. 4. Heat a pan and cook the shrimp until done. 5. Add the peppers and cook until tender. 6. Stir in the pesto and mix well. 7. Combine with the quinoa and serve.
605,pork_quinoa_meal_extra_605,pork,quinoa,broccoli,garlic sauce,551,57,62,28,29,hard,1. Prepare the pork by cutting and seasoning it. 2. Cook the quinoa according to package instructions. 3. Chop the broccoli. 4. Heat a pan and cook the pork until done. 5. Add the broccoli and cook until tender. 6. Stir in the garlic sauce and mix well. 7. Combine with the quinoa and serve.
606,salmon_pasta_meal_extra_606,salmon,pasta,zucchini,garlic sauce,474,49,74,24,25,medium,1. Prepare the salmon by cutting and seasoning it. 2. Cook the pasta according to package instructions. 3. Chop the zucchini. 4. Heat a pan and cook the salmon until done. 5. Add the zucchini and cook until tender. 6. Stir in the garlic sauce and mix well. 7. Combine with the pasta and serve.
607,beef_quinoa_meal_extra_607,beef,quinoa,carrots,tomato sauce,593,53,62,29,33,easy,1. Prepare the beef by cutting and seasoning it. 2. Cook the quinoa according to package instructions. 3. Chop the carrots. 4. Heat a pan and cook the beef until done. 5. Add the carrots and cook until tender. 6. Stir in the tomato sauce and mix well. 7. Combine with the quinoa and serve.
608,tofu_quinoa_meal_extra_608,tofu,quinoa,zucchini,garlic sauce,435,22,85,11,49,hard,1. Prepare the tofu by cutting and seasoning it. 2. Cook the quinoa according to package instructions. 3. Chop the zucchini. 4. Heat a pan and cook the tofu until done. 5. Add the zucchini and cook until tender. 6. Stir in the garlic sauce and mix well. 7. Combine with the quinoa and serve.
609,beef_rice_meal_extra_609,beef,rice,spinach,soy sauce,629,43,70,14,59,easy,1. Prepare the beef by cutting and seasoning it. 2. Cook the rice according to package instructions. 3. Chop the spinach. 4. Heat a pan and cook the beef until done. 5. Add the spinach and cook until tender. 6. Stir in the soy sauce and mix well. 7. Combine with the rice and serve.
610,pork_potatoes_meal_extra_610,pork,potatoes,zucchini,tomato sauce,580,23,77,23,14,medium,1. Prepare the pork by cutting and seasoning it. 2. Cook the potatoes according to package instructions. 3. Chop the zucchini. 4. Heat a pan and cook the pork until done. 5. Add the zucchini and cook until tender. 6. Stir in the tomato sauce and mix well. 7. Combine with the potatoes and serve.
611,chicken_quinoa_meal_extra_611,chicken,quinoa,green beans,cream sauce,542,36,97,15,15,easy,1. Prepare the chicken by cutting and seasoning it. 2. Cook the quinoa according to package instructions. 3. Chop the green beans. 4. Heat a pan and cook the chicken until done. 5. Add the green beans and cook until tender. 6. Stir in the cream sauce and mix well. 7. Combine with the quinoa and serve.
612,salmon_quinoa_meal_extra_612,salmon,quinoa,zucchini,teriyaki,889,45,53,27,53,medium,1. Prepare the salmon by cutting and seasoning it. 2. Cook the quinoa according to package instructions. 3. Chop the zucchini. 4. Heat a pan and cook the salmon until done. 5. Add the zucchini and cook until tender. 6. Stir in the teriyaki and mix well. 7. Combine with the quinoa and serve.
613,shrimp_pasta_meal_extra_613,shrimp,pasta,spinach,soy sauce,772,28,59,35,26,easy,1. Prepare the shrimp by cutting and seasoning it. 2. Cook the pasta according to package instructions. 3. Chop the spinach. 4. Heat a pan and cook the shrimp until done. 5. Add the spinach and cook until tender. 6. Stir in the soy sauce and mix well. 7. Combine with the pasta and serve.
614,lentils_potatoes_meal_extra_614,lentils,potatoes,carrots,teriyaki,400,41,42,20,41,medium,1. Prepare the lentils by cutting and seasoning it. 2. Cook the potatoes according to package instructions. 3. Chop the carrots. 4. Heat a pan and cook the lentils until done. 5. Add the carrots and cook until tender. 6. Stir in the teriyaki and mix well. 7. Combine with the potatoes and serve.
615,shrimp_potatoes_meal_extra_615,shrimp,potatoes,carrots,pesto,568,34,97,10,21,easy,1. Prepare the shrimp by cutting and seasoning it. 2. Cook the potatoes according to package instructions. 3. Chop the carrots. 4. Heat a pan and cook the shrimp until done. 5. Add the carrots and cook until tender. 6. Stir in the pesto and mix well. 7. Combine with the potatoes and serve.
616,tofu_pasta_meal_extra_616,tofu,pasta,green beans,soy sauce,583,35,81,32,40,hard,1. Prepare the tofu by cutting and seasoning it. 2. Cook the pasta according to package instructions. 3. Chop the green beans. 4. Heat a pan and cook the tofu until done. 5. Add the green beans and cook until tender. 6. Stir in the soy sauce and mix well. 7. Combine with the pasta and serve.
617,shrimp_rice_meal_extra_617,shrimp,rice,carrots,tomato sauce,655,56,67,15,21,hard,1. Prepare the shrimp by cutting and seasoning it. 2. Cook the rice according to package instructions. 3. Chop the carrots. 4. Heat a pan and cook the shrimp until done. 5. Add the carrots and cook until tender. 6. Stir in the tomato sauce and mix well. 7. Combine with the rice and serve.
618,chicken_potatoes_meal_extra_618,chicken,potatoes,peppers,pesto,858,34,63,22,49,hard,1. Prepare the chicken by cutting and seasoning it. 2. Cook the potatoes according to package instructions. 3. Chop the peppers. 4. Heat a pan and cook the chicken until done. 5. Add the peppers and cook until tender. 6. Stir in the pesto and mix well. 7. Combine with the potatoes and serve.
619,pork_noodles_meal_extra_619,pork,noodles,broccoli,soy sauce,482,50,52,27,22,easy,1. Prepare the pork by cutting and seasoning it. 2. Cook the noodles according to package instructions. 3. Chop the broccoli. 4. Heat a pan and cook the pork until done. 5. Add the broccoli and cook until tender. 6. Stir in the soy sauce and mix well. 7. Combine with the noodles and serve.
620,turkey_pasta_meal_extra_620,turkey,pasta,spinach,tomato sauce,773,21,63,33,36,easy,1. Prepare the turkey by cutting and seasoning it. 2. Cook the pasta according to package instructions. 3. Chop the spinach. 4. Heat a pan and cook the turkey until done. 5. Add the spinach and cook until tender. 6. Stir in the tomato sauce and mix well. 7. Combine with the pasta and serve.
621,pork_pasta_meal_extra_621,pork,pasta,broccoli,tomato sauce,628,48,40,21,29,hard,1. Prepare the pork by cutting and seasoning it. 2. Cook the pasta according to package instructions. 3. Chop the broccoli. 4. Heat a pan and cook the pork until done. 5. Add the broccoli and cook until tender. 6. Stir in the tomato sauce and mix well. 7. Combine with the pasta and serve.
622,shrimp_quinoa_meal_extra_622,shrimp,quinoa,carrots,teriyaki,703,60,56,13,39,easy,1. Prepare the shrimp by cutting and seasoning it. 2. Cook the quinoa according to package instructions. 3. Chop the carrots. 4. Heat a pan and cook the shrimp until done. 5. Add the carrots and cook until tender. 6. Stir in the teriyaki and mix well. 7. Combine with the quinoa and serve.
623,chicken_noodles_meal_extra_623,chicken,noodles,broccoli,tomato sauce,507,44,66,19,31,medium,1. Prepare the chicken by cutting and seasoning it. 2. Cook the noodles according to package instructions. 3. Chop the broccoli. 4. Heat a pan and cook the chicken until done. 5. Add the broccoli and cook until tender. 6. Stir in the tomato sauce and mix well. 7. Combine with the noodles and serve.
624,shrimp_noodles_meal_extra_624,shrimp,noodles,broccoli,soy sauce,520,56,59,34,44,hard,1. Prepare the shrimp by cutting and seasoning it. 2. Cook the noodles according to package instructions. 3. Chop the broccoli. 4. Heat a pan and cook the shrimp until done. 5. Add the broccoli and cook until tender. 6. Stir in the soy sauce and mix well. 7. Combine with the noodles and serve.
625,lentils_noodles_meal_extra_625,lentils,noodles,zucchini,cream sauce,440,24,58,12,49,medium,1. Prepare the lentils by cutting and seasoning it. 2. Cook the noodles according to package instructions. 3. Chop the zucchini. 4. Heat a pan and cook the lentils until done. 5. Add the zucchini and cook until tender. 6. Stir in the cream sauce and mix well. 7. Combine with the noodles and serve.
626,turkey_potatoes_meal_extra_626,turkey,potatoes,green beans,teriyaki,530,58,61,16,50,easy,1. Prepare the turkey by cutting and seasoning it. 2. Cook the potatoes according to package instructions. 3. Chop the green beans. 4. Heat a pan and cook the turkey until done. 5. Add the green beans and cook until tender. 6. Stir in the teriyaki and mix well. 7. Combine with the potatoes and serve.
627,shrimp_potatoes_meal_extra_627,shrimp,potatoes,broccoli,garlic sauce,665,29,84,35,57,hard,1. Prepare the shrimp by cutting and seasoning it. 2. Cook the potatoes according to package instructions. 3. Chop the broccoli. 4. Heat a pan and cook the shrimp until done. 5. Add the broccoli and cook until tender. 6. Stir in the garlic sauce and mix well. 7. Combine with the potatoes and serve.
628,shrimp_pasta_meal_extra_628,shrimp,pasta,spinach,pesto,733,22,60,11,41,medium,1. Prepare the shrimp by cutting and seasoning it. 2. Cook the pasta according to package instructions. 3. Chop the spinach. 4. Heat a pan and cook the shrimp until done. 5. Add the spinach and cook until tender. 6. Stir in the pesto and mix well. 7. Combine with the pasta and serve.
629,pork_potatoes_meal_extra_629,pork,potatoes,broccoli,tomato sauce,808,43,54,24,60,medium,1. Prepare the pork by cutting and seasoning it. 2. Cook the potatoes according to package instructions. 3. Chop the broccoli. 4. Heat a pan and cook the pork until done. 5. Add the broccoli and cook until tender. 6. Stir in the tomato sauce and mix well. 7. Combine with the potatoes and serve.
630,shrimp_rice_meal_extra_630,shrimp,rice,green beans,tomato sauce,692,22,40,26,13,medium,1. Prepare the shrimp by cutting and seasoning it. 2. Cook the rice according to package instructions. 3. Chop the green beans. 4. Heat a pan and cook the shrimp until done. 5. Add the green beans and cook until tender. 6. Stir in the tomato sauce and mix well. 7. Combine with the rice and serve.
631,tofu_rice_meal_extra_631,tofu,rice,broccoli,teriyaki,622,38,88,27,45,medium,1. Prepare the tofu by cutting and seasoning it. 2. Cook the rice according to package instructions. 3. Chop the broccoli. 4. Heat a pan and cook the tofu until done. 5. Add the broccoli and cook until tender. 6. Stir in the teriyaki and mix well. 7. Combine with the rice and serve.
632,shrimp_noodles_meal_extra_632,shrimp,noodles,broccoli,cream sauce,811,50,83,24,37,hard,1. Prepare the shrimp by cutting and seasoning it. 2. Cook the noodles according to package instructions. 3. Chop the broccoli. 4. Heat a pan and cook the shrimp until done. 5. Add the broccoli and cook until tender. 6. Stir in the cream sauce and mix well. 7. Combine with the noodles and serve.
633,beef_potatoes_meal_extra_633,beef,potatoes,carrots,pesto,861,20,80,14,33,medium,1. Prepare the beef by cutting and seasoning it. 2. Cook the potatoes according to package instructions. 3. Chop the carrots. 4. Heat a pan and cook the beef until done. 5. Add the carrots and cook until tender. 6. Stir in the pesto and mix well. 7. Combine with the potatoes and serve.
634,shrimp_rice_meal_extra_634,shrimp,rice,spinach,pesto,550,40,58,22,23,medium,1. Prepare the shrimp by cutting and seasoning it. 2. Cook the rice according to package instructions. 3. Chop the spinach. 4. Heat a pan and cook the shrimp until done. 5. Add the spinach and cook until tender. 6. Stir in the pesto and mix well. 7. Combine with the rice and serve.
635,lentils_potatoes_meal_extra_635,lentils,potatoes,green beans,cream sauce,738,50,78,24,37,medium,1. Prepare the lentils by cutting and seasoning it. 2. Cook the potatoes according to package instructions. 3. Chop the green beans. 4. Heat a pan and cook the lentils until done. 5. Add the green beans and cook until tender. 6. Stir in the cream sauce and mix well. 7. Combine with the potatoes and serve.
636,shrimp_rice_meal_extra_636,shrimp,rice,carrots,tomato sauce,625,22,79,30,37,hard,1. Prepare the shrimp by cutting and seasoning it. 2. Cook the rice according to package instructions. 3. Chop the carrots. 4. Heat a pan and cook the shrimp until done. 5. Add the carrots and cook until tender. 6. Stir in the tomato sauce and mix well. 7. Combine with the rice and serve.
637,lentils_noodles_meal_extra_637,lentils,noodles,carrots,soy sauce,561,22,67,34,35,hard,1. Prepare the lentils by cutting and seasoning it. 2. Cook the noodles according to package instructions. 3. Chop the carrots. 4. Heat a pan and cook the lentils until done. 5. Add the carrots and cook until tender. 6. Stir in the soy sauce and mix well. 7. Combine with the noodles and serve.
638,shrimp_pasta_meal_extra_638,shrimp,pasta,peppers,tomato sauce,891,42,60,17,13,hard,1. Prepare the shrimp by cutting and seasoning it. 2. Cook the pasta according to package instructions. 3. Chop the peppers. 4. Heat a pan and cook the shrimp until done. 5. Add the peppers and cook until tender. 6. Stir in the tomato sauce and mix well. 7. Combine with the pasta and serve.
639,chicken_quinoa_meal_extra_639,chicken,quinoa,broccoli,pesto,699,27,95,26,35,medium,1. Prepare the chicken by cutting and seasoning it. 2. Cook the quinoa according to package instructions. 3. Chop the broccoli. 4. Heat a pan and cook the chicken until done. 5. Add the broccoli and cook until tender. 6. Stir in the pesto and mix well. 7. Combine with the quinoa and serve.
640,chicken_quinoa_meal_extra_640,chicken,quinoa,peppers,cream sauce,482,50,67,16,17,medium,1. Prepare the chicken by cutting and seasoning it. 2. Cook the quinoa according to package instructions. 3. Chop the peppers. 4. Heat a pan and cook the chicken until done. 5. Add the peppers and cook until tender. 6. Stir in the cream sauce and mix well. 7. Combine with the quinoa and serve.
641,turkey_potatoes_meal_extra_641,turkey,potatoes,carrots,tomato sauce,501,23,83,33,37,hard,1. Prepare the turkey by cutting and seasoning it. 2. Cook the potatoes according to package instructions. 3. Chop the carrots. 4. Heat a pan and cook the turkey until done. 5. Add the carrots and cook until tender. 6. Stir in the tomato sauce and mix well. 7. Combine with the potatoes and serve.
642,tofu_pasta_meal_extra_642,tofu,pasta,peppers,teriyaki,440,27,68,28,37,easy,1. Prepare the tofu by cutting and seasoning it. 2. Cook the pasta according to package instructions. 3. Chop the peppers. 4. Heat a pan and cook the tofu until done. 5. Add the peppers and cook until tender. 6. Stir in the teriyaki and mix well. 7. Combine with the pasta and serve.
643,tofu_quinoa_meal_extra_643,tofu,quinoa,green beans,garlic sauce,646,59,96,18,24,easy,1. Prepare the tofu by cutting and seasoning it. 2. Cook the quinoa according to package instructions. 3. Chop the green beans. 4. Heat a pan and cook the tofu until done. 5. Add the green beans and cook until tender. 6. Stir in the garlic sauce and mix well. 7. Combine with the quinoa and serve.
644,tofu_pasta_meal_extra_644,tofu,pasta,carrots,soy sauce,507,41,97,29,30,hard,1. Prepare the tofu by cutting and seasoning it. 2. Cook the pasta according to package instructions. 3. Chop the carrots. 4. Heat a pan and cook the tofu until done. 5. Add the carrots and cook until tender. 6. Stir in the soy sauce and mix well. 7. Combine with the pasta and serve.
645,salmon_rice_meal_extra_645,salmon,rice,spinach,teriyaki,417,24,58,17,37,easy,1. Prepare the salmon by cutting and seasoning it. 2. Cook the rice according to package instructions. 3. Chop the spinach. 4. Heat a pan and cook the salmon until done. 5. Add the spinach and cook until tender. 6. Stir in the teriyaki and mix well. 7. Combine with the rice and serve.
646,beef_potatoes_meal_extra_646,beef,potatoes,carrots,pesto,469,30,100,32,17,hard,1. Prepare the beef by cutting and seasoning it. 2. Cook the potatoes according to package instructions. 3. Chop the carrots. 4. Heat a pan and cook the beef until done. 5. Add the carrots and cook until tender. 6. Stir in the pesto and mix well. 7. Combine with the potatoes and serve.
647,salmon_quinoa_meal_extra_647,salmon,quinoa,peppers,tomato sauce,900,47,52,19,29,hard,1. Prepare the salmon by cutting and seasoning it. 2. Cook the quinoa according to package instructions. 3. Chop the peppers. 4. Heat a pan and cook the salmon until done. 5. Add the peppers and cook until tender. 6. Stir in the tomato sauce and mix well. 7. Combine with the quinoa and serve.
648,turkey_potatoes_meal_extra_648,turkey,potatoes,green beans,soy sauce,656,25,74,32,13,easy,1. Prepare the turkey by cutting and seasoning it. 2. Cook the potatoes according to package instructions. 3. Chop the green beans. 4. Heat a pan and cook the turkey until done. 5. Add the green beans and cook until tender. 6. Stir in the soy sauce and mix well. 7. Combine with the potatoes and serve.
649,tofu_potatoes_meal_extra_649,tofu,potatoes,zucchini,garlic sauce,747,58,91,31,57,medium,1. Prepare the tofu by cutting and seasoning it. 2. Cook the potatoes according to package instructions. 3. Chop the zucchini. 4. Heat a pan and cook the tofu until done. 5. Add the zucchini and cook until tender. 6. Stir in the garlic sauce and mix well. 7. Combine with the potatoes and serve.
650,beef_noodles_meal_extra_650,beef,noodles,zucchini,garlic sauce,633,40,94,17,12,hard,1. Prepare the beef by cutting and seasoning it. 2. Cook the noodles according to package instructions. 3. Chop the zucchini. 4. Heat a pan and cook the beef until done. 5. Add the zucchini and cook until tender. 6. Stir in the garlic sauce and mix well. 7. Combine with the noodles and serve.
651,beef_rice_meal_extra_651,beef,rice,spinach,pesto,699,42,94,25,43,medium,1. Prepare the beef by cutting and seasoning it. 2. Cook the rice according to package instructions. 3. Chop the spinach. 4. Heat a pan and cook the beef until done. 5. Add the spinach and cook until tender. 6. Stir in the pesto and mix well. 7. Combine with the rice and serve.
652,salmon_potatoes_meal_extra_652,salmon,potatoes,carrots,tomato sauce,736,59,60,34,35,hard,1. Prepare the salmon by cutting and seasoning it. 2. Cook the potatoes according to package instructions. 3. Chop the carrots. 4. Heat a pan and cook the salmon until done. 5. Add the carrots and cook until tender. 6. Stir in the tomato sauce and mix well. 7. Combine with the potatoes and serve.
653,chicken_quinoa_meal_extra_653,chicken,quinoa,broccoli,cream sauce,579,46,75,28,38,medium,1. Prepare the chicken by cutting and seasoning it. 2. Cook the quinoa according to package instructions. 3. Chop the broccoli. 4. Heat a pan and cook the chicken until done. 5. Add the broccoli and cook until tender. 6. Stir in the cream sauce and mix well. 7. Combine with the quinoa and serve.
654,turkey_pasta_meal_extra_654,turkey,pasta,spinach,soy sauce,525,46,91,18,23,hard,1. Prepare the turkey by cutting and seasoning it. 2. Cook the pasta according to package instructions. 3. Chop the spinach. 4. Heat a pan and cook the turkey until done. 5. Add the spinach and cook until tender. 6. Stir in the soy sauce and mix well. 7. Combine with the pasta and serve.
655,lentils_potatoes_meal_extra_655,lentils,potatoes,zucchini,tomato sauce,600,45,45,33,59,medium,1. Prepare the lentils by cutting and seasoning it. 2. Cook the potatoes according to package instructions. 3. Chop the zucchini. 4. Heat a pan and cook the lentils until done. 5. Add the zucchini and cook until tender. 6. Stir in the tomato sauce and mix well. 7. Combine with the potatoes and serve.
656,beef_pasta_meal_extra_656,beef,pasta,zucchini,pesto,509,36,82,12,50,hard,1. Prepare the beef by cutting and seasoning it. 2. Cook the pasta according to package instructions. 3. Chop the zucchini. 4. Heat a pan and cook the beef until done. 5. Add the zucchini and cook until tender. 6. Stir in the pesto and mix well. 7. Combine with the pasta and serve.
657,tofu_pasta_meal_extra_657,tofu,pasta,broccoli,garlic sauce,806,28,92,32,57,easy,1. Prepare the tofu by cutting and seasoning it. 2. Cook the pasta according to package instructions. 3. Chop the broccoli. 4. Heat a pan and cook the tofu until done. 5. Add the broccoli and cook until tender. 6. Stir in the garlic sauce and mix well. 7. Combine with the pasta and serve.
658,tofu_quinoa_meal_extra_658,tofu,quinoa,peppers,garlic sauce,851,28,95,13,22,hard,1. Prepare the tofu by cutting and seasoning it. 2. Cook the quinoa according to package instructions. 3. Chop the peppers. 4. Heat a pan and cook the tofu until done. 5. Add the peppers and cook until tender. 6. Stir in the garlic sauce and mix well. 7. Combine with the quinoa and serve.
659,shrimp_pasta_meal_extra_659,shrimp,pasta,broccoli,pesto,822,30,97,13,35,medium,1. Prepare the shrimp by cutting and seasoning it. 2. Cook the pasta according to package instructions. 3. Chop the broccoli. 4. Heat a pan and cook the shrimp until done. 5. Add the broccoli and cook until tender. 6. Stir in the pesto and mix well. 7. Combine with the pasta and serve.
660,turkey_noodles_meal_extra_660,turkey,noodles,carrots,soy sauce,706,23,94,29,13,easy,1. Prepare the turkey by cutting and seasoning it. 2. Cook the noodles according to package instructions. 3. Chop the carrots. 4. Heat a pan and cook the turkey until done. 5. Add the carrots and cook until tender. 6. Stir in the soy sauce and mix well. 7. Combine with the noodles and serve.
661,salmon_rice_meal_extra_661,salmon,rice,zucchini,soy sauce,836,21,41,21,28,hard,1. Prepare the salmon by cutting and seasoning it. 2. Cook the rice according to package instructions. 3. Chop the zucchini. 4. Heat a pan and cook the salmon until done. 5. Add the zucchini and cook until tender. 6. Stir in the soy sauce and mix well. 7. Combine with the rice and serve.
662,salmon_rice_meal_extra_662,salmon,rice,spinach,tomato sauce,827,44,94,14,40,easy,1. Prepare the salmon by cutting and seasoning it. 2. Cook the rice according to package instructions. 3. Chop the spinach. 4. Heat a pan and cook the salmon until done. 5. Add the spinach and cook until tender. 6. Stir in the tomato sauce and mix well. 7. Combine with the rice and serve.
663,chicken_potatoes_meal_extra_663,chicken,potatoes,spinach,teriyaki,669,28,54,28,41,easy,1. Prepare the chicken by cutting and seasoning it. 2. Cook the potatoes according to package instructions. 3. Chop the spinach. 4. Heat a pan and cook the chicken until done. 5. Add the spinach and cook until tender. 6. Stir in the teriyaki and mix well. 7. Combine with the potatoes and serve.
664,turkey_pasta_meal_extra_664,turkey,pasta,peppers,garlic sauce,493,51,78,25,14,medium,1. Prepare the turkey by cutting and seasoning it. 2. Cook the pasta according to package instructions. 3. Chop the peppers. 4. Heat a pan and cook the turkey until done. 5. Add the peppers and cook until tender. 6. Stir in the garlic sauce and mix well. 7. Combine with the pasta and serve.
665,lentils_pasta_meal_extra_665,lentils,pasta,carrots,cream sauce,512,39,57,34,38,medium,1. Prepare the lentils by cutting and seasoning it. 2. Cook the pasta according to package instructions. 3. Chop the carrots. 4. Heat a pan and cook the lentils until done. 5. Add the carrots and cook until tender. 6. Stir in the cream sauce and mix well. 7. Combine with the pasta and serve.
666,salmon_noodles_meal_extra_666,salmon,noodles,carrots,teriyaki,622,41,59,19,23,hard,1. Prepare the salmon by cutting and seasoning it. 2. Cook the noodles according to package instructions. 3. Chop the carrots. 4. Heat a pan and cook the salmon until done. 5. Add the carrots and cook until tender. 6. Stir in the teriyaki and mix well. 7. Combine with the noodles and serve.
667,lentils_pasta_meal_extra_667,lentils,pasta,spinach,tomato sauce,604,38,68,16,34,easy,1. Prepare the lentils by cutting and seasoning it. 2. Cook the pasta according to package instructions. 3. Chop the spinach. 4. Heat a pan and cook the lentils until done. 5. Add the spinach and cook until tender. 6. Stir in the tomato sauce and mix well. 7. Combine with the pasta and serve.
668,chicken_quinoa_meal_extra_668,chicken,quinoa,broccoli,tomato sauce,529,50,67,11,20,medium,1. Prepare the chicken by cutting and seasoning it. 2. Cook the quinoa according to package instructions. 3. Chop the broccoli. 4. Heat a pan and cook the chicken until done. 5. Add the broccoli and cook until tender. 6. Stir in the tomato sauce and mix well. 7. Combine with the quinoa and serve.
669,shrimp_pasta_meal_extra_669,shrimp,pasta,carrots,tomato sauce,861,44,79,20,14,medium,1. Prepare the shrimp by cutting and seasoning it. 2. Cook the pasta according to package instructions. 3. Chop the carrots. 4. Heat a pan and cook the shrimp until done. 5. Add the carrots and cook until tender. 6. Stir in the tomato sauce and mix well. 7. Combine with the pasta and serve.
670,pork_rice_meal_extra_670,pork,rice,peppers,soy sauce,812,30,41,23,11,hard,1. Prepare the pork by cutting and seasoning it. 2. Cook the rice according to package instructions. 3. Chop the peppers. 4. Heat a pan and cook the pork until done. 5. Add the peppers and cook until tender. 6. Stir in the soy sauce and mix well. 7. Combine with the rice and serve.
671,turkey_potatoes_meal_extra_671,turkey,potatoes,spinach,cream sauce,620,39,40,17,43,easy,1. Prepare the turkey by cutting and seasoning it. 2. Cook the potatoes according to package instructions. 3. Chop the spinach. 4. Heat a pan and cook the turkey until done. 5. Add the spinach and cook until tender. 6. Stir in the cream sauce and mix well. 7. Combine with the potatoes and serve.
672,chicken_rice_meal_extra_672,chicken,rice,green beans,soy sauce,773,30,67,15,16,hard,1. Prepare the chicken by cutting and seasoning it. 2. Cook the rice according to package instructions. 3. Chop the green beans. 4. Heat a pan and cook the chicken until done. 5. Add the green beans and cook until tender. 6. Stir in the soy sauce and mix well. 7. Combine with the rice and serve.
673,turkey_potatoes_meal_extra_673,turkey,potatoes,carrots,tomato sauce,582,52,41,11,17,easy,1. Prepare the turkey by cutting and seasoning it. 2. Cook the potatoes according to package instructions. 3. Chop the carrots. 4. Heat a pan and cook the turkey until done. 5. Add the carrots and cook until tender. 6. Stir in the tomato sauce and mix well. 7. Combine with the potatoes and serve.
674,shrimp_rice_meal_extra_674,shrimp,rice,spinach,teriyaki,657,44,49,28,32,easy,1. Prepare the shrimp by cutting and seasoning it. 2. Cook the rice according to package instructions. 3. Chop the spinach. 4. Heat a pan and cook the shrimp until done. 5. Add the spinach and cook until tender. 6. Stir in the teriyaki and mix well. 7. Combine with the rice and serve.
675,tofu_potatoes_meal_extra_675,tofu,potatoes,zucchini,teriyaki,871,55,47,33,17,hard,1. Prepare the tofu by cutting and seasoning it. 2. Cook the potatoes according to package instructions. 3. Chop the zucchini. 4. Heat a pan and cook the tofu until done. 5. Add the zucchini and cook until tender. 6. Stir in the teriyaki and mix well. 7. Combine with the potatoes and serve.
676,salmon_rice_meal_extra_676,salmon,rice,green beans,garlic sauce,454,42,78,10,46,hard,1. Prepare the salmon by cutting and seasoning it. 2. Cook the rice according to package instructions. 3. Chop the green beans. 4. Heat a pan and cook the salmon until done. 5. Add the green beans and cook until tender. 6. Stir in the garlic sauce and mix well. 7. Combine with the rice and serve.
677,pork_quinoa_meal_extra_677,pork,quinoa,zucchini,tomato sauce,709,31,77,18,36,medium,1. Prepare the pork by cutting and seasoning it. 2. Cook the quinoa according to package instructions. 3. Chop the zucchini. 4. Heat a pan and cook the pork until done. 5. Add the zucchini and cook until tender. 6. Stir in the tomato sauce and mix well. 7. Combine with the quinoa and serve.
678,pork_rice_meal_extra_678,pork,rice,green beans,garlic sauce,744,52,71,32,46,medium,1. Prepare the pork by cutting and seasoning it. 2. Cook the rice according to package instructions. 3. Chop the green beans. 4. Heat a pan and cook the pork until done. 5. Add the green beans and cook until tender. 6. Stir in the garlic sauce and mix well. 7. Combine with the rice and serve.
679,salmon_pasta_meal_extra_679,salmon,pasta,carrots,garlic sauce,792,44,97,21,49,easy,1. Prepare the salmon by cutting and seasoning it. 2. Cook the pasta according to package instructions. 3. Chop the carrots. 4. Heat a pan and cook the salmon until done. 5. Add the carrots and cook until tender. 6. Stir in the garlic sauce and mix well. 7. Combine with the pasta and serve.
680,lentils_pasta_meal_extra_680,lentils,pasta,spinach,soy sauce,708,38,54,33,34,hard,1. Prepare the lentils by cutting and seasoning it. 2. Cook the pasta according to package instructions. 3. Chop the spinach. 4. Heat a pan and cook the lentils until done. 5. Add the spinach and cook until tender. 6. Stir in the soy sauce and mix well. 7. Combine with the pasta and serve.
681,chicken_quinoa_meal_extra_681,chicken,quinoa,spinach,teriyaki,464,24,65,13,17,easy,1. Prepare the chicken by cutting and seasoning it. 2. Cook the quinoa according to package instructions. 3. Chop the spinach. 4. Heat a pan and cook the chicken until done. 5. Add the spinach and cook until tender. 6. Stir in the teriyaki and mix well. 7. Combine with the quinoa and serve.
682,turkey_pasta_meal_extra_682,turkey,pasta,spinach,teriyaki,607,34,42,18,11,hard,1. Prepare the turkey by cutting and seasoning it. 2. Cook the pasta according to package instructions. 3. Chop the spinach. 4. Heat a pan and cook the turkey until done. 5. Add the spinach and cook until tender. 6. Stir in the teriyaki and mix well. 7. Combine with the pasta and serve.
683,tofu_pasta_meal_extra_683,tofu,pasta,peppers,teriyaki,460,48,89,15,26,easy,1. Prepare the tofu by cutting and seasoning it. 2. Cook the pasta according to package instructions. 3. Chop the peppers. 4. Heat a pan and cook the tofu until done. 5. Add the peppers and cook until tender. 6. Stir in the teriyaki and mix well. 7. Combine with the pasta and serve.
684,shrimp_potatoes_meal_extra_684,shrimp,potatoes,spinach,teriyaki,588,56,100,27,25,medium,1. Prepare the shrimp by cutting and seasoning it. 2. Cook the potatoes according to package instructions. 3. Chop the spinach. 4. Heat a pan and cook the shrimp until done. 5. Add the spinach and cook until tender. 6. Stir in the teriyaki and mix well. 7. Combine with the potatoes and serve.
685,tofu_pasta_meal_extra_685,tofu,pasta,peppers,garlic sauce,603,27,91,12,35,easy,1. Prepare the tofu by cutting and seasoning it. 2. Cook the pasta according to package instructions. 3. Chop the peppers. 4. Heat a pan and cook the tofu until done. 5. Add the peppers and cook until tender. 6. Stir in the garlic sauce and mix well. 7. Combine with the pasta and serve.
686,shrimp_potatoes_meal_extra_686,shrimp,potatoes,spinach,garlic sauce,850,26,69,12,58,medium,1. Prepare the shrimp by cutting and seasoning it. 2. Cook the potatoes according to package instructions. 3. Chop the spinach. 4. Heat a pan and cook the shrimp until done. 5. Add the spinach and cook until tender. 6. Stir in the garlic sauce and mix well. 7. Combine with the potatoes and serve.
687,salmon_rice_meal_extra_687,salmon,rice,peppers,teriyaki,651,45,91,28,18,medium,1. Prepare the salmon by cutting and seasoning it. 2. Cook the rice according to package instructions. 3. Chop the peppers. 4. Heat a pan and cook the salmon until done. 5. Add the peppers and cook until tender. 6. Stir in the teriyaki and mix well. 7. Combine with the rice and serve.
688,turkey_potatoes_meal_extra_688,turkey,potatoes,carrots,tomato sauce,672,29,45,20,17,hard,1. Prepare the turkey by cutting and seasoning it. 2. Cook the potatoes according to package instructions. 3. Chop the carrots. 4. Heat a pan and cook the turkey until done. 5. Add the carrots and cook until tender. 6. Stir in the tomato sauce and mix well. 7. Combine with the potatoes and serve.
689,shrimp_quinoa_meal_extra_689,shrimp,quinoa,zucchini,tomato sauce,619,22,60,10,33,medium,1. Prepare the shrimp by cutting and seasoning it. 2. Cook the quinoa according to package instructions. 3. Chop the zucchini. 4. Heat a pan and cook the shrimp until done. 5. Add the zucchini and cook until tender. 6. Stir in the tomato sauce and mix well. 7. Combine with the quinoa and serve.
690,lentils_potatoes_meal_extra_690,lentils,potatoes,zucchini,garlic sauce,796,60,80,23,48,medium,1. Prepare the lentils by cutting and seasoning it. 2. Cook the potatoes according to package instructions. 3. Chop the zucchini. 4. Heat a pan and cook the lentils until done. 5. Add the zucchini and cook until tender. 6. Stir in the garlic sauce and mix well. 7. Combine with the potatoes and serve.
691,lentils_potatoes_meal_extra_691,lentils,potatoes,peppers,cream sauce,858,34,56,28,31,medium,1. Prepare the lentils by cutting and seasoning it. 2. Cook the potatoes according to package instructions. 3. Chop the peppers. 4. Heat a pan and cook the lentils until done. 5. Add the peppers and cook until tender. 6. Stir in the cream sauce and mix well. 7. Combine with the potatoes and serve.
692,beef_noodles_meal_extra_692,beef,noodles,peppers,tomato sauce,812,40,59,27,47,easy,1. Prepare the beef by cutting and seasoning it. 2. Cook the noodles according to package instructions. 3. Chop the peppers. 4. Heat a pan and cook the beef until done. 5. Add the peppers and cook until tender. 6. Stir in the tomato sauce and mix well. 7. Combine with the noodles and serve.
693,chicken_noodles_meal_extra_693,chicken,noodles,green beans,cream sauce,756,37,45,21,30,hard,1. Prepare the chicken by cutting and seasoning it. 2. Cook the noodles according to package instructions. 3. Chop the green beans. 4. Heat a pan and cook the chicken until done. 5. Add the green beans and cook until tender. 6. Stir in the cream sauce and mix well. 7. Combine with the noodles and serve.
694,pork_quinoa_meal_extra_694,pork,quinoa,peppers,teriyaki,442,36,66,25,20,hard,1. Prepare the pork by cutting and seasoning it. 2. Cook the quinoa according to package instructions. 3. Chop the peppers. 4. Heat a pan and cook the pork until done. 5. Add the peppers and cook until tender. 6. Stir in the teriyaki and mix well. 7. Combine with the quinoa and serve.
695,shrimp_pasta_meal_extra_695,shrimp,pasta,peppers,soy sauce,804,56,57,34,19,easy,1. Prepare the shrimp by cutting and seasoning it. 2. Cook the pasta according to package instructions. 3. Chop the peppers. 4. Heat a pan and cook the shrimp until done. 5. Add the peppers and cook until tender. 6. Stir in the soy sauce and mix well. 7. Combine with the pasta and serve.
696,pork_potatoes_meal_extra_696,pork,potatoes,peppers,tomato sauce,442,60,48,19,43,hard,1. Prepare the pork by cutting and seasoning it. 2. Cook the potatoes according to package instructions. 3. Chop the peppers. 4. Heat a pan and cook the pork until done. 5. Add the peppers and cook until tender. 6. Stir in the tomato sauce and mix well. 7. Combine with the potatoes and serve.
697,beef_rice_meal_extra_697,beef,rice,broccoli,soy sauce,784,27,67,29,17,hard,1. Prepare the beef by cutting and seasoning it. 2. Cook the rice according to package instructions. 3. Chop the broccoli. 4. Heat a pan and cook the beef until done. 5. Add the broccoli and cook until tender. 6. Stir in the soy sauce and mix well. 7. Combine with the rice and serve.
698,tofu_quinoa_meal_extra_698,tofu,quinoa,carrots,garlic sauce,636,25,45,22,52,easy,1. Prepare the tofu by cutting and seasoning it. 2. Cook the quinoa according to package instructions. 3. Chop the carrots. 4. Heat a pan and cook the tofu until done. 5. Add the carrots and cook until tender. 6. Stir in the garlic sauce and mix well. 7. Combine with the quinoa and serve.
699,salmon_potatoes_meal_extra_699,salmon,potatoes,zucchini,tomato sauce,839,37,95,29,29,easy,1. Prepare the salmon by cutting and seasoning it. 2. Cook the potatoes according to package instructions. 3. Chop the zucchini. 4. Heat a pan and cook the salmon until done. 5. Add the zucchini and cook until tender. 6. Stir in the tomato sauce and mix well. 7. Combine with the potatoes and serve.
700,pork_quinoa_meal_extra_700,pork,quinoa,broccoli,garlic sauce,553,59,65,12,11,easy,1. Prepare the pork by cutting and seasoning it. 2. Cook the quinoa according to package instructions. 3. Chop the broccoli. 4. Heat a pan and cook the pork until done. 5. Add the broccoli and cook until tender. 6. Stir in the garlic sauce and mix well. 7. Combine with the quinoa and serve.
701,lentils_pasta_meal_extra_701,lentils,pasta,zucchini,soy sauce,486,34,99,30,41,easy,1. Prepare the lentils by cutting and seasoning it. 2. Cook the pasta according to package instructions. 3. Chop the zucchini. 4. Heat a pan and cook the lentils until done. 5. Add the zucchini and cook until tender. 6. Stir in the soy sauce and mix well. 7. Combine with the pasta and serve.
702,chicken_rice_meal_extra_702,chicken,rice,peppers,tomato sauce,850,55,75,20,30,medium,1. Prepare the chicken by cutting and seasoning it. 2. Cook the rice according to package instructions. 3. Chop the peppers. 4. Heat a pan and cook the chicken until done. 5. Add the peppers and cook until tender. 6. Stir in the tomato sauce and mix well. 7. Combine with the rice and serve.
703,turkey_rice_meal_extra_703,turkey,rice,green beans,soy sauce,640,36,87,23,59,easy,1. Prepare the turkey by cutting and seasoning it. 2. Cook the rice according to package instructions. 3. Chop the green beans. 4. Heat a pan and cook the turkey until done. 5. Add the green beans and cook until tender. 6. Stir in the soy sauce and mix well. 7. Combine with the rice and serve.
704,chicken_pasta_meal_extra_704,chicken,pasta,broccoli,cream sauce,572,30,66,26,15,hard,1. Prepare the chicken by cutting and seasoning it. 2. Cook the pasta according to package instructions. 3. Chop the broccoli. 4. Heat a pan and cook the chicken until done. 5. Add the broccoli and cook until tender. 6. Stir in the cream sauce and mix well. 7. Combine with the pasta and serve.
705,pork_pasta_meal_extra_705,pork,pasta,green beans,soy sauce,803,34,60,35,54,medium,1. Prepare the pork by cutting and seasoning it. 2. Cook the pasta according to package instructions. 3. Chop the green beans. 4. Heat a pan and cook the pork until done. 5. Add the green beans and cook until tender. 6. Stir in the soy sauce and mix well. 7. Combine with the pasta and serve.
706,salmon_potatoes_meal_extra_706,salmon,potatoes,green beans,teriyaki,842,32,43,29,19,hard,1. Prepare the salmon by cutting and seasoning it. 2. Cook the potatoes according to package instructions. 3. Chop the green beans. 4. Heat a pan and cook the salmon until done. 5. Add the green beans and cook until tender. 6. Stir in the teriyaki and mix well. 7. Combine with the potatoes and serve.
707,beef_potatoes_meal_extra_707,beef,potatoes,spinach,pesto,496,50,55,18,37,easy,1. Prepare the beef by cutting and seasoning it. 2. Cook the potatoes according to package instructions. 3. Chop the spinach. 4. Heat a pan and cook the beef until done. 5. Add the spinach and cook until tender. 6. Stir in the pesto and mix well. 7. Combine with the potatoes and serve.
708,turkey_rice_meal_extra_708,turkey,rice,green beans,soy sauce,862,28,54,14,18,hard,1. Prepare the turkey by cutting and seasoning it. 2. Cook the rice according to package instructions. 3. Chop the green beans. 4. Heat a pan and cook the turkey until done. 5. Add the green beans and cook until tender. 6. Stir in the soy sauce and mix well. 7. Combine with the rice and serve.
709,pork_quinoa_meal_extra_709,pork,quinoa,carrots,soy sauce,899,47,55,15,27,hard,1. Prepare the pork by cutting and seasoning it. 2. Cook the quinoa according to package instructions. 3. Chop the carrots. 4. Heat a pan and cook the pork until done. 5. Add the carrots and cook until tender. 6. Stir in the soy sauce and mix well. 7. Combine with the quinoa and serve.
710,turkey_pasta_meal_extra_710,turkey,pasta,green beans,cream sauce,894,56,48,33,48,hard,1. Prepare the turkey by cutting and seasoning it. 2. Cook the pasta according to package instructions. 3. Chop the green beans. 4. Heat a pan and cook the turkey until done. 5. Add the green beans and cook until tender. 6. Stir in the cream sauce and mix well. 7. Combine with the pasta and serve.
711,tofu_potatoes_meal_extra_711,tofu,potatoes,spinach,garlic sauce,439,24,49,19,51,hard,1. Prepare the tofu by cutting and seasoning it. 2. Cook the potatoes according to package instructions. 3. Chop the spinach. 4. Heat a pan and cook the tofu until done. 5. Add the spinach and cook until tender. 6. Stir in the garlic sauce and mix well. 7. Combine with the potatoes and serve.
712,turkey_quinoa_meal_extra_712,turkey,quinoa,carrots,tomato sauce,503,28,52,19,26,medium,1. Prepare the turkey by cutting and seasoning it. 2. Cook the quinoa according to package instructions. 3. Chop the carrots. 4. Heat a pan and cook the turkey until done. 5. Add the carrots and cook until tender. 6. Stir in the tomato sauce and mix well. 7. Combine with the quinoa and serve.
713,chicken_rice_meal_extra_713,chicken,rice,peppers,teriyaki,458,58,83,24,43,medium,1. Prepare the chicken by cutting and seasoning it. 2. Cook the rice according to package instructions. 3. Chop the peppers. 4. Heat a pan and cook the chicken until done. 5. Add the peppers and cook until tender. 6. Stir in the teriyaki and mix well. 7. Combine with the rice and serve.
714,beef_noodles_meal_extra_714,beef,noodles,spinach,garlic sauce,505,22,59,10,24,easy,1. Prepare the beef by cutting and seasoning it. 2. Cook the noodles according to package instructions. 3. Chop the spinach. 4. Heat a pan and cook the beef until done. 5. Add the spinach and cook until tender. 6. Stir in the garlic sauce and mix well. 7. Combine with the noodles and serve.
715,pork_quinoa_meal_extra_715,pork,quinoa,broccoli,tomato sauce,809,33,68,11,20,hard,1. Prepare the pork by cutting and seasoning it. 2. Cook the quinoa according to package instructions. 3. Chop the broccoli. 4. Heat a pan and cook the pork until done. 5. Add the broccoli and cook until tender. 6. Stir in the tomato sauce and mix well. 7. Combine with the quinoa and serve.
716,salmon_noodles_meal_extra_716,salmon,noodles,spinach,soy sauce,869,35,53,20,27,hard,1. Prepare the salmon by cutting and seasoning it. 2. Cook the noodles according to package instructions. 3. Chop the spinach. 4. Heat a pan and cook the salmon until done. 5. Add the spinach and cook until tender. 6. Stir in the soy sauce and mix well. 7. Combine with the noodles and serve.
717,salmon_pasta_meal_extra_717,salmon,pasta,zucchini,pesto,587,29,66,32,43,medium,1. Prepare the salmon by cutting and seasoning it. 2. Cook the pasta according to package instructions. 3. Chop the zucchini. 4. Heat a pan and cook the salmon until done. 5. Add the zucchini and cook until tender. 6. Stir in the pesto and mix well. 7. Combine with the pasta and serve.
718,tofu_noodles_meal_extra_718,tofu,noodles,peppers,soy sauce,509,22,45,20,12,medium,1. Prepare the tofu by cutting and seasoning it. 2. Cook the noodles according to package instructions. 3. Chop the peppers. 4. Heat a pan and cook the tofu until done. 5. Add the peppers and cook until tender. 6. Stir in the soy sauce and mix well. 7. Combine with the noodles and serve.
719,turkey_rice_meal_extra_719,turkey,rice,zucchini,pesto,461,31,83,31,15,medium,1. Prepare the turkey by cutting and seasoning it. 2. Cook the rice according to package instructions. 3. Chop the zucchini. 4. Heat a pan and cook the turkey until done. 5. Add the zucchini and cook until tender. 6. Stir in the pesto and mix well. 7. Combine with the rice and serve.
720,shrimp_noodles_meal_extra_720,shrimp,noodles,broccoli,soy sauce,517,57,69,29,59,easy,1. Prepare the shrimp by cutting and seasoning it. 2. Cook the noodles according to package instructions. 3. Chop the broccoli. 4. Heat a pan and cook the shrimp until done. 5. Add the broccoli and cook until tender. 6. Stir in the soy sauce and mix well. 7. Combine with the noodles and serve.
721,shrimp_noodles_meal_extra_721,shrimp,noodles,peppers,soy sauce,499,24,76,31,41,hard,1. Prepare the shrimp by cutting and seasoning it. 2. Cook the noodles according to package instructions. 3. Chop the peppers. 4. Heat a pan and cook the shrimp until done. 5. Add the peppers and cook until tender. 6. Stir in the soy sauce and mix well. 7. Combine with the noodles and serve.
722,shrimp_potatoes_meal_extra_722,shrimp,potatoes,carrots,tomato sauce,552,45,99,24,60,medium,1. Prepare the shrimp by cutting and seasoning it. 2. Cook the potatoes according to package instructions. 3. Chop the carrots. 4. Heat a pan and cook the shrimp until done. 5. Add the carrots and cook until tender. 6. Stir in the tomato sauce and mix well. 7. Combine with the potatoes and serve.
723,lentils_quinoa_meal_extra_723,lentils,quinoa,broccoli,cream sauce,562,44,61,10,55,hard,1. Prepare the lentils by cutting and seasoning it. 2. Cook the quinoa according to package instructions. 3. Chop the broccoli. 4. Heat a pan and cook the lentils until done. 5. Add the broccoli and cook until tender. 6. Stir in the cream sauce and mix well. 7. Combine with the quinoa and serve.
724,tofu_noodles_meal_extra_724,tofu,noodles,broccoli,tomato sauce,744,51,65,33,31,medium,1. Prepare the tofu by cutting and seasoning it. 2. Cook the noodles according to package instructions. 3. Chop the broccoli. 4. Heat a pan and cook the tofu until done. 5. Add the broccoli and cook until tender. 6. Stir in the tomato sauce and mix well. 7. Combine with the noodles and serve.
725,tofu_rice_meal_extra_725,tofu,rice,green beans,tomato sauce,711,25,92,11,30,medium,1. Prepare the tofu by cutting and seasoning it. 2. Cook the rice according to package instructions. 3. Chop the green beans. 4. Heat a pan and cook the tofu until done. 5. Add the green beans and cook until tender. 6. Stir in the tomato sauce and mix well. 7. Combine with the rice and serve.
726,beef_rice_meal_extra_726,beef,rice,broccoli,cream sauce,546,48,73,35,24,medium,1. Prepare the beef by cutting and seasoning it. 2. Cook the rice according to package instructions. 3. Chop the broccoli. 4. Heat a pan and cook the beef until done. 5. Add the broccoli and cook until tender. 6. Stir in the cream sauce and mix well. 7. Combine with the rice and serve.
727,pork_rice_meal_extra_727,pork,rice,broccoli,teriyaki,637,21,69,22,52,easy,1. Prepare the pork by cutting and seasoning it. 2. Cook the rice according to package instructions. 3. Chop the broccoli. 4. Heat a pan and cook the pork until done. 5. Add the broccoli and cook until tender. 6. Stir in the teriyaki and mix well. 7. Combine with the rice and serve.
728,tofu_quinoa_meal_extra_728,tofu,quinoa,carrots,cream sauce,568,52,60,33,33,easy,1. Prepare the tofu by cutting and seasoning it. 2. Cook the quinoa according to package instructions. 3. Chop the carrots. 4. Heat a pan and cook the tofu until done. 5. Add the carrots and cook until tender. 6. Stir in the cream sauce and mix well. 7. Combine with the quinoa and serve.
729,shrimp_rice_meal_extra_729,shrimp,rice,zucchini,pesto,636,37,65,28,12,easy,1. Prepare the shrimp by cutting and seasoning it. 2. Cook the rice according to package instructions. 3. Chop the zucchini. 4. Heat a pan and cook the shrimp until done. 5. Add the zucchini and cook until tender. 6. Stir in the pesto and mix well. 7. Combine with the rice and serve.
730,shrimp_rice_meal_extra_730,shrimp,rice,green beans,pesto,422,40,78,23,45,medium,1. Prepare the shrimp by cutting and seasoning it. 2. Cook the rice according to package instructions. 3. Chop the green beans. 4. Heat a pan and cook the shrimp until done. 5. Add the green beans and cook until tender. 6. Stir in the pesto and mix well. 7. Combine with the rice and serve.
731,pork_pasta_meal_extra_731,pork,pasta,zucchini,tomato sauce,497,32,76,10,54,hard,1. Prepare the pork by cutting and seasoning it. 2. Cook the pasta according to package instructions. 3. Chop the zucchini. 4. Heat a pan and cook the pork until done. 5. Add the zucchini and cook until tender. 6. Stir in the tomato sauce and mix well. 7. Combine with the pasta and serve.
732,shrimp_quinoa_meal_extra_732,shrimp,quinoa,green beans,soy sauce,510,36,87,28,19,medium,1. Prepare the shrimp by cutting and seasoning it. 2. Cook the quinoa according to package instructions. 3. Chop the green beans. 4. Heat a pan and cook the shrimp until done. 5. Add the green beans and cook until tender. 6. Stir in the soy sauce and mix well. 7. Combine with the quinoa and serve.
733,lentils_rice_meal_extra_733,lentils,rice,carrots,cream sauce,629,55,54,21,54,hard,1. Prepare the lentils by cutting and seasoning it. 2. Cook the rice according to package instructions. 3. Chop the carrots. 4. Heat a pan and cook the lentils until done. 5. Add the carrots and cook until tender. 6. Stir in the cream sauce and mix well. 7. Combine with the rice and serve.
734,lentils_quinoa_meal_extra_734,lentils,quinoa,green beans,cream sauce,734,38,81,12,41,medium,1. Prepare the lentils by cutting and seasoning it. 2. Cook the quinoa according to package instructions. 3. Chop the green beans. 4. Heat a pan and cook the lentils until done. 5. Add the green beans and cook until tender. 6. Stir in the cream sauce and mix well. 7. Combine with the quinoa and serve.
735,tofu_rice_meal_extra_735,tofu,rice,broccoli,soy sauce,487,38,81,11,50,easy,1. Prepare the tofu by cutting and seasoning it. 2. Cook the rice according to package instructions. 3. Chop the broccoli. 4. Heat a pan and cook the tofu until done. 5. Add the broccoli and cook until tender. 6. Stir in the soy sauce and mix well. 7. Combine with the rice and serve.
736,tofu_potatoes_meal_extra_736,tofu,potatoes,spinach,soy sauce,736,36,79,21,39,medium,1. Prepare the tofu by cutting and seasoning it. 2. Cook the potatoes according to package instructions. 3. Chop the spinach. 4. Heat a pan and cook the tofu until done. 5. Add the spinach and cook until tender. 6. Stir in the soy sauce and mix well. 7. Combine with the potatoes and serve.
737,salmon_quinoa_meal_extra_737,salmon,quinoa,peppers,tomato sauce,411,54,51,35,53,medium,1. Prepare the salmon by cutting and seasoning it. 2. Cook the quinoa according to package instructions. 3. Chop the peppers. 4. Heat a pan and cook the salmon until done. 5. Add the peppers and cook until tender. 6. Stir in the tomato sauce and mix well. 7. Combine with the quinoa and serve.
738,salmon_noodles_meal_extra_738,salmon,noodles,green beans,soy sauce,440,35,70,29,58,medium,1. Prepare the salmon by cutting and seasoning it. 2. Cook the noodles according to package instructions. 3. Chop the green beans. 4. Heat a pan and cook the salmon until done. 5. Add the green beans and cook until tender. 6. Stir in the soy sauce and mix well. 7. Combine with the noodles and serve.
739,tofu_potatoes_meal_extra_739,tofu,potatoes,peppers,cream sauce,673,60,67,12,18,easy,1. Prepare the tofu by cutting and seasoning it. 2. Cook the potatoes according to package instructions. 3. Chop the peppers. 4. Heat a pan and cook the tofu until done. 5. Add the peppers and cook until tender. 6. Stir in the cream sauce and mix well. 7. Combine with the potatoes and serve.
740,tofu_rice_meal_extra_740,tofu,rice,broccoli,soy sauce,476,49,78,34,27,easy,1. Prepare the tofu by cutting and seasoning it. 2. Cook the rice according to package instructions. 3. Chop the broccoli. 4. Heat a pan and cook the tofu until done. 5. Add the broccoli and cook until tender. 6. Stir in the soy sauce and mix well. 7. Combine with the rice and serve.
741,salmon_pasta_meal_extra_741,salmon,pasta,carrots,soy sauce,897,53,59,17,24,hard,1. Prepare the salmon by cutting and seasoning it. 2. Cook the pasta according to package instructions. 3. Chop the carrots. 4. Heat a pan and cook the salmon until done. 5. Add the carrots and cook until tender. 6. Stir in the soy sauce and mix well. 7. Combine with the pasta and serve.
742,tofu_quinoa_meal_extra_742,tofu,quinoa,carrots,cream sauce,561,29,95,15,60,easy,1. Prepare the tofu by cutting and seasoning it. 2. Cook the quinoa according to package instructions. 3. Chop the carrots. 4. Heat a pan and cook the tofu until done. 5. Add the carrots and cook until tender. 6. Stir in the cream sauce and mix well. 7. Combine with the quinoa and serve.
743,shrimp_noodles_meal_extra_743,shrimp,noodles,zucchini,soy sauce,604,47,98,32,46,easy,1. Prepare the shrimp by cutting and seasoning it. 2. Cook the noodles according to package instructions. 3. Chop the zucchini. 4. Heat a pan and cook the shrimp until done. 5. Add the zucchini and cook until tender. 6. Stir in the soy sauce and mix well. 7. Combine with the noodles and serve.
744,pork_rice_meal_extra_744,pork,rice,peppers,garlic sauce,885,40,46,35,27,medium,1. Prepare the pork by cutting and seasoning it. 2. Cook the rice according to package instructions. 3. Chop the peppers. 4. Heat a pan and cook the pork until done. 5. Add the peppers and cook until tender. 6. Stir in the garlic sauce and mix well. 7. Combine with the rice and serve.
745,salmon_pasta_meal_extra_745,salmon,pasta,spinach,teriyaki,672,50,84,23,57,medium,1. Prepare the salmon by cutting and seasoning it. 2. Cook the pasta according to package instructions. 3. Chop the spinach. 4. Heat a pan and cook the salmon until done. 5. Add the spinach and cook until tender. 6. Stir in the teriyaki and mix well. 7. Combine with the pasta and serve.
746,turkey_quinoa_meal_extra_746,turkey,quinoa,spinach,tomato sauce,736,24,79,18,29,hard,1. Prepare the turkey by cutting and seasoning it. 2. Cook the quinoa according to package instructions. 3. Chop the spinach. 4. Heat a pan and cook the turkey until done. 5. Add the spinach and cook until tender. 6. Stir in the tomato sauce and mix well. 7. Combine with the quinoa and serve.
747,turkey_rice_meal_extra_747,turkey,rice,carrots,teriyaki,631,32,79,28,19,hard,1. Prepare the turkey by cutting and seasoning it. 2. Cook the rice according to package instructions. 3. Chop the carrots. 4. Heat a pan and cook the turkey until done. 5. Add the carrots and cook until tender. 6. Stir in the teriyaki and mix well. 7. Combine with the rice and serve.
748,pork_pasta_meal_extra_748,pork,pasta,green beans,cream sauce,709,23,52,14,18,medium,1. Prepare the pork by cutting and seasoning it. 2. Cook the pasta according to package instructions. 3. Chop the green beans. 4. Heat a pan and cook the pork until done. 5. Add the green beans and cook until tender. 6. Stir in the cream sauce and mix well. 7. Combine with the pasta and serve.
749,beef_potatoes_meal_extra_749,beef,potatoes,zucchini,pesto,602,39,58,35,60,hard,1. Prepare the beef by cutting and seasoning it. 2. Cook the potatoes according to package instructions. 3. Chop the zucchini. 4. Heat a pan and cook the beef until done. 5. Add the zucchini and cook until tender. 6. Stir in the pesto and mix well. 7. Combine with the potatoes and serve.
750,shrimp_quinoa_meal_extra_750,shrimp,quinoa,broccoli,soy sauce,725,20,77,17,47,hard,1. Prepare the shrimp by cutting and seasoning it. 2. Cook the quinoa according to package instructions. 3. Chop the broccoli. 4. Heat a pan and cook the shrimp until done. 5. Add the broccoli and cook until tender. 6. Stir in the soy sauce and mix well. 7. Combine with the quinoa and serve.
751,salmon_noodles_meal_extra_751,salmon,noodles,green beans,tomato sauce,661,47,86,24,25,easy,1. Prepare the salmon by cutting and seasoning it. 2. Cook the noodles according to package instructions. 3. Chop the green beans. 4. Heat a pan and cook the salmon until done. 5. Add the green beans and cook until tender. 6. Stir in the tomato sauce and mix well. 7. Combine with the noodles and serve.
752,lentils_rice_meal_extra_752,lentils,rice,spinach,pesto,692,58,73,12,41,easy,1. Prepare the lentils by cutting and seasoning it. 2. Cook the rice according to package instructions. 3. Chop the spinach. 4. Heat a pan and cook the lentils until done. 5. Add the spinach and cook until tender. 6. Stir in the pesto and mix well. 7. Combine with the rice and serve.
753,turkey_potatoes_meal_extra_753,turkey,potatoes,spinach,cream sauce,588,37,56,26,12,easy,1. Prepare the turkey by cutting and seasoning it. 2. Cook the potatoes according to package instructions. 3. Chop the spinach. 4. Heat a pan and cook the turkey until done. 5. Add the spinach and cook until tender. 6. Stir in the cream sauce and mix well. 7. Combine with the potatoes and serve.
754,pork_rice_meal_extra_754,pork,rice,green beans,tomato sauce,887,55,66,13,16,hard,1. Prepare the pork by cutting and seasoning it. 2. Cook the rice according to package instructions. 3. Chop the green beans. 4. Heat a pan and cook the pork until done. 5. Add the green beans and cook until tender. 6. Stir in the tomato sauce and mix well. 7. Combine with the rice and serve.
755,turkey_noodles_meal_extra_755,turkey,noodles,green beans,tomato sauce,794,47,65,14,14,medium,1. Prepare the turkey by cutting and seasoning it. 2. Cook the noodles according to package instructions. 3. Chop the green beans. 4. Heat a pan and cook the turkey until done. 5. Add the green beans and cook until tender. 6. Stir in the tomato sauce and mix well. 7. Combine with the noodles and serve.
756,pork_rice_meal_extra_756,pork,rice,spinach,tomato sauce,823,48,77,17,16,easy,1. Prepare the pork by cutting and seasoning it. 2. Cook the rice according to package instructions. 3. Chop the spinach. 4. Heat a pan and cook the pork until done. 5. Add the spinach and cook until tender. 6. Stir in the tomato sauce and mix well. 7. Combine with the rice and serve.
757,pork_potatoes_meal_extra_757,pork,potatoes,peppers,cream sauce,641,53,85,18,24,medium,1. Prepare the pork by cutting and seasoning it. 2. Cook the potatoes according to package instructions. 3. Chop the peppers. 4. Heat a pan and cook the pork until done. 5. Add the peppers and cook until tender. 6. Stir in the cream sauce and mix well. 7. Combine with the potatoes and serve.
758,salmon_noodles_meal_extra_758,salmon,noodles,spinach,teriyaki,562,49,82,17,31,easy,1. Prepare the salmon by cutting and seasoning it. 2. Cook the noodles according to package instructions. 3. Chop the spinach. 4. Heat a pan and cook the salmon until done. 5. Add the spinach and cook until tender. 6. Stir in the teriyaki and mix well. 7. Combine with the noodles and serve.
759,beef_pasta_meal_extra_759,beef,pasta,carrots,cream sauce,676,25,82,20,58,easy,1. Prepare the beef by cutting and seasoning it. 2. Cook the pasta according to package instructions. 3. Chop the carrots. 4. Heat a pan and cook the beef until done. 5. Add the carrots and cook until tender. 6. Stir in the cream sauce and mix well. 7. Combine with the pasta and serve.
760,chicken_pasta_meal_extra_760,chicken,pasta,carrots,pesto,698,60,48,16,48,easy,1. Prepare the chicken by cutting and seasoning it. 2. Cook the pasta according to package instructions. 3. Chop the carrots. 4. Heat a pan and cook the chicken until done. 5. Add the carrots and cook until tender. 6. Stir in the pesto and mix well. 7. Combine with the pasta and serve.
761,tofu_noodles_meal_extra_761,tofu,noodles,green beans,pesto,613,41,50,11,13,medium,1. Prepare the tofu by cutting and seasoning it. 2. Cook the noodles according to package instructions. 3. Chop the green beans. 4. Heat a pan and cook the tofu until done. 5. Add the green beans and cook until tender. 6. Stir in the pesto and mix well. 7. Combine with the noodles and serve.
762,lentils_pasta_meal_extra_762,lentils,pasta,zucchini,teriyaki,516,51,42,24,32,easy,1. Prepare the lentils by cutting and seasoning it. 2. Cook the pasta according to package instructions. 3. Chop the zucchini. 4. Heat a pan and cook the lentils until done. 5. Add the zucchini and cook until tender. 6. Stir in the teriyaki and mix well. 7. Combine with the pasta and serve.
763,chicken_pasta_meal_extra_763,chicken,pasta,spinach,cream sauce,550,38,97,22,57,medium,1. Prepare the chicken by cutting and seasoning it. 2. Cook the pasta according to package instructions. 3. Chop the spinach. 4. Heat a pan and cook the chicken until done. 5. Add the spinach and cook until tender. 6. Stir in the cream sauce and mix well. 7. Combine with the pasta and serve.
764,shrimp_quinoa_meal_extra_764,shrimp,quinoa,carrots,cream sauce,428,33,50,22,57,easy,1. Prepare the shrimp by cutting and seasoning it. 2. Cook the quinoa according to package instructions. 3. Chop the carrots. 4. Heat a pan and cook the shrimp until done. 5. Add the carrots and cook until tender. 6. Stir in the cream sauce and mix well. 7. Combine with the quinoa and serve.
765,lentils_noodles_meal_extra_765,lentils,noodles,peppers,pesto,711,37,59,14,40,hard,1. Prepare the lentils by cutting and seasoning it. 2. Cook the noodles according to package instructions. 3. Chop the peppers. 4. Heat a pan and cook the lentils until done. 5. Add the peppers and cook until tender. 6. Stir in the pesto and mix well. 7. Combine with the noodles and serve.
766,pork_quinoa_meal_extra_766,pork,quinoa,zucchini,teriyaki,605,56,50,16,32,easy,1. Prepare the pork by cutting and seasoning it. 2. Cook the quinoa according to package instructions. 3. Chop the zucchini. 4. Heat a pan and cook the pork until done. 5. Add the zucchini and cook until tender. 6. Stir in the teriyaki and mix well. 7. Combine with the quinoa and serve.
767,chicken_pasta_meal_extra_767,chicken,pasta,peppers,cream sauce,880,28,75,33,33,easy,1. Prepare the chicken by cutting and seasoning it. 2. Cook the pasta according to package instructions. 3. Chop the peppers. 4. Heat a pan and cook the chicken until done. 5. Add the peppers and cook until tender. 6. Stir in the cream sauce and mix well. 7. Combine with the pasta and serve.
768,shrimp_noodles_meal_extra_768,shrimp,noodles,green beans,garlic sauce,484,28,97,28,23,hard,1. Prepare the shrimp by cutting and seasoning it. 2. Cook the noodles according to package instructions. 3. Chop the green beans. 4. Heat a pan and cook the shrimp until done. 5. Add the green beans and cook until tender. 6. Stir in the garlic sauce and mix well. 7. Combine with the noodles and serve.
769,pork_quinoa_meal_extra_769,pork,quinoa,broccoli,teriyaki,712,33,68,21,21,medium,1. Prepare the pork by cutting and seasoning it. 2. Cook the quinoa according to package instructions. 3. Chop the broccoli. 4. Heat a pan and cook the pork until done. 5. Add the broccoli and cook until tender. 6. Stir in the teriyaki and mix well. 7. Combine with the quinoa and serve.
770,beef_pasta_meal_extra_770,beef,pasta,zucchini,cream sauce,451,47,69,33,12,medium,1. Prepare the beef by cutting and seasoning it. 2. Cook the pasta according to package instructions. 3. Chop the zucchini. 4. Heat a pan and cook the beef until done. 5. Add the zucchini and cook until tender. 6. Stir in the cream sauce and mix well. 7. Combine with the pasta and serve.
771,shrimp_quinoa_meal_extra_771,shrimp,quinoa,carrots,garlic sauce,560,31,67,33,19,easy,1. Prepare the shrimp by cutting and seasoning it. 2. Cook the quinoa according to package instructions. 3. Chop the carrots. 4. Heat a pan and cook the shrimp until done. 5. Add the carrots and cook until tender. 6. Stir in the garlic sauce and mix well. 7. Combine with the quinoa and serve.
772,beef_rice_meal_extra_772,beef,rice,peppers,soy sauce,882,59,45,23,44,hard,1. Prepare the beef by cutting and seasoning it. 2. Cook the rice according to package instructions. 3. Chop the peppers. 4. Heat a pan and cook the beef until done. 5. Add the peppers and cook until tender. 6. Stir in the soy sauce and mix well. 7. Combine with the rice and serve.
773,chicken_potatoes_meal_extra_773,chicken,potatoes,broccoli,teriyaki,777,45,67,34,10,medium,1. Prepare the chicken by cutting and seasoning it. 2. Cook the potatoes according to package instructions. 3. Chop the broccoli. 4. Heat a pan and cook the chicken until done. 5. Add the broccoli and cook until tender. 6. Stir in the teriyaki and mix well. 7. Combine with the potatoes and serve.
774,tofu_rice_meal_extra_774,tofu,rice,carrots,teriyaki,472,22,80,22,17,medium,1. Prepare the tofu by cutting and seasoning it. 2. Cook the rice according to package instructions. 3. Chop the carrots. 4. Heat a pan and cook the tofu until done. 5. Add the carrots and cook until tender. 6. Stir in the teriyaki and mix well. 7. Combine with the rice and serve.
775,tofu_rice_meal_extra_775,tofu,rice,green beans,cream sauce,676,24,90,13,25,hard,1. Prepare the tofu by cutting and seasoning it. 2. Cook the rice according to package instructions. 3. Chop the green beans. 4. Heat a pan and cook the tofu until done. 5. Add the green beans and cook until tender. 6. Stir in the cream sauce and mix well. 7. Combine with the rice and serve.
776,chicken_noodles_meal_extra_776,chicken,noodles,broccoli,cream sauce,765,46,85,28,11,easy,1. Prepare the chicken by cutting and seasoning it. 2. Cook the noodles according to package instructions. 3. Chop the broccoli. 4. Heat a pan and cook the chicken until done. 5. Add the broccoli and cook until tender. 6. Stir in the cream sauce and mix well. 7. Combine with the noodles and serve.
777,tofu_potatoes_meal_extra_777,tofu,potatoes,spinach,teriyaki,511,44,73,11,13,medium,1. Prepare the tofu by cutting and seasoning it. 2. Cook the potatoes according to package instructions. 3. Chop the spinach. 4. Heat a pan and cook the tofu until done. 5. Add the spinach and cook until tender. 6. Stir in the teriyaki and mix well. 7. Combine with the potatoes and serve.
778,salmon_pasta_meal_extra_778,salmon,pasta,carrots,garlic sauce,875,40,72,24,28,medium,1. Prepare the salmon by cutting and seasoning it. 2. Cook the pasta according to package instructions. 3. Chop the carrots. 4. Heat a pan and cook the salmon until done. 5. Add the carrots and cook until tender. 6. Stir in the garlic sauce and mix well. 7. Combine with the pasta and serve.
779,pork_potatoes_meal_extra_779,pork,potatoes,spinach,teriyaki,874,47,49,16,16,easy,1. Prepare the pork by cutting and seasoning it. 2. Cook the potatoes according to package instructions. 3. Chop the spinach. 4. Heat a pan and cook the pork until done. 5. Add the spinach and cook until tender. 6. Stir in the teriyaki and mix well. 7. Combine with the potatoes and serve.
780,shrimp_noodles_meal_extra_780,shrimp,noodles,green beans,garlic sauce,832,42,62,15,55,easy,1. Prepare the shrimp by cutting and seasoning it. 2. Cook the noodles according to package instructions. 3. Chop the green beans. 4. Heat a pan and cook the shrimp until done. 5. Add the green beans and cook until tender. 6. Stir in the garlic sauce and mix well. 7. Combine with the noodles and serve.
781,shrimp_potatoes_meal_extra_781,shrimp,potatoes,peppers,soy sauce,434,33,44,14,12,hard,1. Prepare the shrimp by cutting and seasoning it. 2. Cook the potatoes according to package instructions. 3. Chop the peppers. 4. Heat a pan and cook the shrimp until done. 5. Add the peppers and cook until tender. 6. Stir in the soy sauce and mix well. 7. Combine with the potatoes and serve.
782,turkey_quinoa_meal_extra_782,turkey,quinoa,peppers,cream sauce,798,41,96,11,24,easy,1. Prepare the turkey by cutting and seasoning it. 2. Cook the quinoa according to package instructions. 3. Chop the peppers. 4. Heat a pan and cook the turkey until done. 5. Add the peppers and cook until tender. 6. Stir in the cream sauce and mix well. 7. Combine with the quinoa and serve.
783,pork_pasta_meal_extra_783,pork,pasta,zucchini,garlic sauce,691,51,66,23,32,hard,1. Prepare the pork by cutting and seasoning it. 2. Cook the pasta according to package instructions. 3. Chop the zucchini. 4. Heat a pan and cook the pork until done. 5. Add the zucchini and cook until tender. 6. Stir in the garlic sauce and mix well. 7. Combine with the pasta and serve.
784,pork_pasta_meal_extra_784,pork,pasta,zucchini,cream sauce,420,25,85,18,57,hard,1. Prepare the pork by cutting and seasoning it. 2. Cook the pasta according to package instructions. 3. Chop the zucchini. 4. Heat a pan and cook the pork until done. 5. Add the zucchini and cook until tender. 6. Stir in the cream sauce and mix well. 7. Combine with the pasta and serve.
785,beef_noodles_meal_extra_785,beef,noodles,broccoli,cream sauce,670,32,71,13,10,medium,1. Prepare the beef by cutting and seasoning it. 2. Cook the noodles according to package instructions. 3. Chop the broccoli. 4. Heat a pan and cook the beef until done. 5. Add the broccoli and cook until tender. 6. Stir in the cream sauce and mix well. 7. Combine with the noodles and serve.
786,beef_rice_meal_extra_786,beef,rice,green beans,garlic sauce,629,53,66,15,30,easy,1. Prepare the beef by cutting and seasoning it. 2. Cook the rice according to package instructions. 3. Chop the green beans. 4. Heat a pan and cook the beef until done. 5. Add the green beans and cook until tender. 6. Stir in the garlic sauce and mix well. 7. Combine with the rice and serve.
787,lentils_potatoes_meal_extra_787,lentils,potatoes,peppers,soy sauce,775,43,89,18,18,easy,1. Prepare the lentils by cutting and seasoning it. 2. Cook the potatoes according to package instructions. 3. Chop the peppers. 4. Heat a pan and cook the lentils until done. 5. Add the peppers and cook until tender. 6. Stir in the soy sauce and mix well. 7. Combine with the potatoes and serve.
788,shrimp_pasta_meal_extra_788,shrimp,pasta,green beans,pesto,513,28,81,31,14,hard,1. Prepare the shrimp by cutting and seasoning it. 2. Cook the pasta according to package instructions. 3. Chop the green beans. 4. Heat a pan and cook the shrimp until done. 5. Add the green beans and cook until tender. 6. Stir in the pesto and mix well. 7. Combine with the pasta and serve.
789,salmon_potatoes_meal_extra_789,salmon,potatoes,carrots,cream sauce,885,26,92,33,37,medium,1. Prepare the salmon by cutting and seasoning it. 2. Cook the potatoes according to package instructions. 3. Chop the carrots. 4. Heat a pan and cook the salmon until done. 5. Add the carrots and cook until tender. 6. Stir in the cream sauce and mix well. 7. Combine with the potatoes and serve.
790,turkey_quinoa_meal_extra_790,turkey,quinoa,broccoli,cream sauce,508,49,96,12,33,medium,1. Prepare the turkey by cutting and seasoning it. 2. Cook the quinoa according to package instructions. 3. Chop the broccoli. 4. Heat a pan and cook the turkey until done. 5. Add the broccoli and cook until tender. 6. Stir in the cream sauce and mix well. 7. Combine with the quinoa and serve.
791,salmon_rice_meal_extra_791,salmon,rice,broccoli,tomato sauce,659,37,66,20,18,medium,1. Prepare the salmon by cutting and seasoning it. 2. Cook the rice according to package instructions. 3. Chop the broccoli. 4. Heat a pan and cook the salmon until done. 5. Add the broccoli and cook until tender. 6. Stir in the tomato sauce and mix well. 7. Combine with the rice and serve.
792,lentils_potatoes_meal_extra_792,lentils,potatoes,zucchini,pesto,421,22,71,13,42,hard,1. Prepare the lentils by cutting and seasoning it. 2. Cook the potatoes according to package instructions. 3. Chop the zucchini. 4. Heat a pan and cook the lentils until done. 5. Add the zucchini and cook until tender. 6. Stir in the pesto and mix well. 7. Combine with the potatoes and serve.
793,beef_pasta_meal_extra_793,beef,pasta,peppers,teriyaki,840,50,64,11,23,hard,1. Prepare the beef by cutting and seasoning it. 2. Cook the pasta according to package instructions. 3. Chop the peppers. 4. Heat a pan and cook the beef until done. 5. Add the peppers and cook until tender. 6. Stir in the teriyaki and mix well. 7. Combine with the pasta and serve.
794,salmon_pasta_meal_extra_794,salmon,pasta,green beans,teriyaki,861,36,76,27,14,hard,1. Prepare the salmon by cutting and seasoning it. 2. Cook the pasta according to package instructions. 3. Chop the green beans. 4. Heat a pan and cook the salmon until done. 5. Add the green beans and cook until tender. 6. Stir in the teriyaki and mix well. 7. Combine with the pasta and serve.
795,salmon_pasta_meal_extra_795,salmon,pasta,spinach,teriyaki,568,50,96,25,50,hard,1. Prepare the salmon by cutting and seasoning it. 2. Cook the pasta according to package instructions. 3. Chop the spinach. 4. Heat a pan and cook the salmon until done. 5. Add the spinach and cook until tender. 6. Stir in the teriyaki and mix well. 7. Combine with the pasta and serve.
796,salmon_rice_meal_extra_796,salmon,rice,zucchini,teriyaki,899,38,96,30,26,easy,1. Prepare the salmon by cutting and seasoning it. 2. Cook the rice according to package instructions. 3. Chop the zucchini. 4. Heat a pan and cook the salmon until done. 5. Add the zucchini and cook until tender. 6. Stir in the teriyaki and mix well. 7. Combine with the rice and serve.
797,tofu_quinoa_meal_extra_797,tofu,quinoa,broccoli,tomato sauce,766,51,87,20,35,hard,1. Prepare the tofu by cutting and seasoning it. 2. Cook the quinoa according to package instructions. 3. Chop the broccoli. 4. Heat a pan and cook the tofu until done. 5. Add the broccoli and cook until tender. 6. Stir in the tomato sauce and mix well. 7. Combine with the quinoa and serve.
798,tofu_pasta_meal_extra_798,tofu,pasta,peppers,teriyaki,682,40,71,20,46,easy,1. Prepare the tofu by cutting and seasoning it. 2. Cook the pasta according to package instructions. 3. Chop the peppers. 4. Heat a pan and cook the tofu until done. 5. Add the peppers and cook until tender. 6. Stir in the teriyaki and mix well. 7. Combine with the pasta and serve.
799,pork_pasta_meal_extra_799,pork,pasta,carrots,cream sauce,499,34,95,34,10,hard,1. Prepare the pork by cutting and seasoning it. 2. Cook the pasta according to package instructions. 3. Chop the carrots. 4. Heat a pan and cook the pork until done. 5. Add the carrots and cook until tender. 6. Stir in the cream sauce and mix well. 7. Combine with the pasta and serve.
800,turkey_noodles_meal_extra_800,turkey,noodles,zucchini,tomato sauce,581,21,44,20,18,hard,1. Prepare the turkey by cutting and seasoning it. 2. Cook the noodles according to package instructions. 3. Chop the zucchini. 4. Heat a pan and cook the turkey until done. 5. Add the zucchini and cook until tender. 6. Stir in the tomato sauce and mix well. 7. Combine with the noodles and serve.
801,tofu_pasta_meal_extra_801,tofu,pasta,broccoli,cream sauce,835,40,68,10,30,easy,1. Prepare the tofu by cutting and seasoning it. 2. Cook the pasta according to package instructions. 3. Chop the broccoli. 4. Heat a pan and cook the tofu until done. 5. Add the broccoli and cook until tender. 6. Stir in the cream sauce and mix well. 7. Combine with the pasta and serve.
802,chicken_noodles_meal_extra_802,chicken,noodles,spinach,soy sauce,479,26,89,32,30,easy,1. Prepare the chicken by cutting and seasoning it. 2. Cook the noodles according to package instructions. 3. Chop the spinach. 4. Heat a pan and cook the chicken until done. 5. Add the spinach and cook until tender. 6. Stir in the soy sauce and mix well. 7. Combine with the noodles and serve.
803,beef_rice_meal_extra_803,beef,rice,spinach,soy sauce,453,60,60,31,26,medium,1. Prepare the beef by cutting and seasoning it. 2. Cook the rice according to package instructions. 3. Chop the spinach. 4. Heat a pan and cook the beef until done. 5. Add the spinach and cook until tender. 6. Stir in the soy sauce and mix well. 7. Combine with the rice and serve.
804,salmon_quinoa_meal_extra_804,salmon,quinoa,zucchini,cream sauce,777,51,67,33,31,medium,1. Prepare the salmon by cutting and seasoning it. 2. Cook the quinoa according to package instructions. 3. Chop the zucchini. 4. Heat a pan and cook the salmon until done. 5. Add the zucchini and cook until tender. 6. Stir in the cream sauce and mix well. 7. Combine with the quinoa and serve.
805,turkey_quinoa_meal_extra_805,turkey,quinoa,peppers,pesto,441,52,66,25,25,medium,1. Prepare the turkey by cutting and seasoning it. 2. Cook the quinoa according to package instructions. 3. Chop the peppers. 4. Heat a pan and cook the turkey until done. 5. Add the peppers and cook until tender. 6. Stir in the pesto and mix well. 7. Combine with the quinoa and serve.
806,shrimp_pasta_meal_extra_806,shrimp,pasta,carrots,garlic sauce,589,52,49,16,30,hard,1. Prepare the shrimp by cutting and seasoning it. 2. Cook the pasta according to package instructions. 3. Chop the carrots. 4. Heat a pan and cook the shrimp until done. 5. Add the carrots and cook until tender. 6. Stir in the garlic sauce and mix well. 7. Combine with the pasta and serve.
807,turkey_quinoa_meal_extra_807,turkey,quinoa,green beans,cream sauce,688,21,85,12,26,easy,1. Prepare the turkey by cutting and seasoning it. 2. Cook the quinoa according to package instructions. 3. Chop the green beans. 4. Heat a pan and cook the turkey until done. 5. Add the green beans and cook until tender. 6. Stir in the cream sauce and mix well. 7. Combine with the quinoa and serve.
808,lentils_potatoes_meal_extra_808,lentils,potatoes,broccoli,teriyaki,833,39,45,24,24,hard,1. Prepare the lentils by cutting and seasoning it. 2. Cook the potatoes according to package instructions. 3. Chop the broccoli. 4. Heat a pan and cook the lentils until done. 5. Add the broccoli and cook until tender. 6. Stir in the teriyaki and mix well. 7. Combine with the potatoes and serve.
809,shrimp_quinoa_meal_extra_809,shrimp,quinoa,broccoli,teriyaki,835,46,61,11,44,easy,1. Prepare the shrimp by cutting and seasoning it. 2. Cook the quinoa according to package instructions. 3. Chop the broccoli. 4. Heat a pan and cook the shrimp until done. 5. Add the broccoli and cook until tender. 6. Stir in the teriyaki and mix well. 7. Combine with the quinoa and serve.
810,turkey_rice_meal_extra_810,turkey,rice,broccoli,garlic sauce,647,37,68,26,42,hard,1. Prepare the turkey by cutting and seasoning it. 2. Cook the rice according to package instructions. 3. Chop the broccoli. 4. Heat a pan and cook the turkey until done. 5. Add the broccoli and cook until tender. 6. Stir in the garlic sauce and mix well. 7. Combine with the rice and serve.
811,tofu_quinoa_meal_extra_811,tofu,quinoa,spinach,teriyaki,609,53,43,14,47,hard,1. Prepare the tofu by cutting and seasoning it. 2. Cook the quinoa according to package instructions. 3. Chop the spinach. 4. Heat a pan and cook the tofu until done. 5. Add the spinach and cook until tender. 6. Stir in the teriyaki and mix well. 7. Combine with the quinoa and serve.
812,chicken_quinoa_meal_extra_812,chicken,quinoa,zucchini,garlic sauce,564,21,48,20,30,easy,1. Prepare the chicken by cutting and seasoning it. 2. Cook the quinoa according to package instructions. 3. Chop the zucchini. 4. Heat a pan and cook the chicken until done. 5. Add the zucchini and cook until tender. 6. Stir in the garlic sauce and mix well. 7. Combine with the quinoa and serve.
813,chicken_pasta_meal_extra_813,chicken,pasta,peppers,teriyaki,633,26,54,35,50,hard,1. Prepare the chicken by cutting and seasoning it. 2. Cook the pasta according to package instructions. 3. Chop the peppers. 4. Heat a pan and cook the chicken until done. 5. Add the peppers and cook until tender. 6. Stir in the teriyaki and mix well. 7. Combine with the pasta and serve.
814,shrimp_noodles_meal_extra_814,shrimp,noodles,spinach,soy sauce,877,27,42,30,60,easy,1. Prepare the shrimp by cutting and seasoning it. 2. Cook the noodles according to package instructions. 3. Chop the spinach. 4. Heat a pan and cook the shrimp until done. 5. Add the spinach and cook until tender. 6. Stir in the soy sauce and mix well. 7. Combine with the noodles and serve.
815,tofu_pasta_meal_extra_815,tofu,pasta,spinach,teriyaki,423,34,62,14,37,hard,1. Prepare the tofu by cutting and seasoning it. 2. Cook the pasta according to package instructions. 3. Chop the spinach. 4. Heat a pan and cook the tofu until done. 5. Add the spinach and cook until tender. 6. Stir in the teriyaki and mix well. 7. Combine with the pasta and serve.
816,salmon_potatoes_meal_extra_816,salmon,potatoes,green beans,soy sauce,743,22,85,19,35,medium,1. Prepare the salmon by cutting and seasoning it. 2. Cook the potatoes according to package instructions. 3. Chop the green beans. 4. Heat a pan and cook the salmon until done. 5. Add the green beans and cook until tender. 6. Stir in the soy sauce and mix well. 7. Combine with the potatoes and serve.
817,shrimp_noodles_meal_extra_817,shrimp,noodles,broccoli,teriyaki,639,33,88,15,26,medium,1. Prepare the shrimp by cutting and seasoning it. 2. Cook the noodles according to package instructions. 3. Chop the broccoli. 4. Heat a pan and cook the shrimp until done. 5. Add the broccoli and cook until tender. 6. Stir in the teriyaki and mix well. 7. Combine with the noodles and serve.
818,salmon_pasta_meal_extra_818,salmon,pasta,peppers,garlic sauce,651,45,93,27,36,hard,1. Prepare the salmon by cutting and seasoning it. 2. Cook the pasta according to package instructions. 3. Chop the peppers. 4. Heat a pan and cook the salmon until done. 5. Add the peppers and cook until tender. 6. Stir in the garlic sauce and mix well. 7. Combine with the pasta and serve.
819,turkey_rice_meal_extra_819,turkey,rice,zucchini,soy sauce,448,46,49,14,60,easy,1. Prepare the turkey by cutting and seasoning it. 2. Cook the rice according to package instructions. 3. Chop the zucchini. 4. Heat a pan and cook the turkey until done. 5. Add the zucchini and cook until tender. 6. Stir in the soy sauce and mix well. 7. Combine with the rice and serve.
820,tofu_noodles_meal_extra_820,tofu,noodles,peppers,pesto,474,53,74,32,59,medium,1. Prepare the tofu by cutting and seasoning it. 2. Cook the noodles according to package instructions. 3. Chop the peppers. 4. Heat a pan and cook the tofu until done. 5. Add the peppers and cook until tender. 6. Stir in the pesto and mix well. 7. Combine with the noodles and serve.
821,pork_quinoa_meal_extra_821,pork,quinoa,green beans,tomato sauce,438,22,83,15,44,medium,1. Prepare the pork by cutting and seasoning it. 2. Cook the quinoa according to package instructions. 3. Chop the green beans. 4. Heat a pan and cook the pork until done. 5. Add the green beans and cook until tender. 6. Stir in the tomato sauce and mix well. 7. Combine with the quinoa and serve.
822,shrimp_rice_meal_extra_822,shrimp,rice,spinach,garlic sauce,712,36,61,34,31,easy,1. Prepare the shrimp by cutting and seasoning it. 2. Cook the rice according to package instructions. 3. Chop the spinach. 4. Heat a pan and cook the shrimp until done. 5. Add the spinach and cook until tender. 6. Stir in the garlic sauce and mix well. 7. Combine with the rice and serve.
823,shrimp_quinoa_meal_extra_823,shrimp,quinoa,broccoli,tomato sauce,760,45,81,13,23,medium,1. Prepare the shrimp by cutting and seasoning it. 2. Cook the quinoa according to package instructions. 3. Chop the broccoli. 4. Heat a pan and cook the shrimp until done. 5. Add the broccoli and cook until tender. 6. Stir in the tomato sauce and mix well. 7. Combine with the quinoa and serve.
824,tofu_potatoes_meal_extra_824,tofu,potatoes,broccoli,tomato sauce,678,48,75,25,34,medium,1. Prepare the tofu by cutting and seasoning it. 2. Cook the potatoes according to package instructions. 3. Chop the broccoli. 4. Heat a pan and cook the tofu until done. 5. Add the broccoli and cook until tender. 6. Stir in the tomato sauce and mix well. 7. Combine with the potatoes and serve.
825,turkey_noodles_meal_extra_825,turkey,noodles,green beans,pesto,678,50,87,10,51,hard,1. Prepare the turkey by cutting and seasoning it. 2. Cook the noodles according to package instructions. 3. Chop the green beans. 4. Heat a pan and cook the turkey until done. 5. Add the green beans and cook until tender. 6. Stir in the pesto and mix well. 7. Combine with the noodles and serve.
826,chicken_pasta_meal_extra_826,chicken,pasta,green beans,pesto,642,27,48,18,29,medium,1. Prepare the chicken by cutting and seasoning it. 2. Cook the pasta according to package instructions. 3. Chop the green beans. 4. Heat a pan and cook the chicken until done. 5. Add the green beans and cook until tender. 6. Stir in the pesto and mix well. 7. Combine with the pasta and serve.
827,shrimp_rice_meal_extra_827,shrimp,rice,peppers,garlic sauce,493,26,83,25,57,medium,1. Prepare the shrimp by cutting and seasoning it. 2. Cook the rice according to package instructions. 3. Chop the peppers. 4. Heat a pan and cook the shrimp until done. 5. Add the peppers and cook until tender. 6. Stir in the garlic sauce and mix well. 7. Combine with the rice and serve.
828,chicken_pasta_meal_extra_828,chicken,pasta,green beans,pesto,846,31,70,15,22,medium,1. Prepare the chicken by cutting and seasoning it. 2. Cook the pasta according to package instructions. 3. Chop the green beans. 4. Heat a pan and cook the chicken until done. 5. Add the green beans and cook until tender. 6. Stir in the pesto and mix well. 7. Combine with the pasta and serve.
829,pork_quinoa_meal_extra_829,pork,quinoa,broccoli,tomato sauce,829,20,90,13,15,medium,1. Prepare the pork by cutting and seasoning it. 2. Cook the quinoa according to package instructions. 3. Chop the broccoli. 4. Heat a pan and cook the pork until done. 5. Add the broccoli and cook until tender. 6. Stir in the tomato sauce and mix well. 7. Combine with the quinoa and serve.
830,lentils_pasta_meal_extra_830,lentils,pasta,peppers,soy sauce,436,33,72,19,40,easy,1. Prepare the lentils by cutting and seasoning it. 2. Cook the pasta according to package instructions. 3. Chop the peppers. 4. Heat a pan and cook the lentils until done. 5. Add the peppers and cook until tender. 6. Stir in the soy sauce and mix well. 7. Combine with the pasta and serve.
831,turkey_potatoes_meal_extra_831,turkey,potatoes,zucchini,soy sauce,793,35,87,10,10,easy,1. Prepare the turkey by cutting and seasoning it. 2. Cook the potatoes according to package instructions. 3. Chop the zucchini. 4. Heat a pan and cook the turkey until done. 5. Add the zucchini and cook until tender. 6. Stir in the soy sauce and mix well. 7. Combine with the potatoes and serve.
832,beef_quinoa_meal_extra_832,beef,quinoa,green beans,garlic sauce,664,22,76,14,49,medium,1. Prepare the beef by cutting and seasoning it. 2. Cook the quinoa according to package instructions. 3. Chop the green beans. 4. Heat a pan and cook the beef until done. 5. Add the green beans and cook until tender. 6. Stir in the garlic sauce and mix well. 7. Combine with the quinoa and serve.
833,beef_pasta_meal_extra_833,beef,pasta,peppers,pesto,544,54,98,18,18,medium,1. Prepare the beef by cutting and seasoning it. 2. Cook the pasta according to package instructions. 3. Chop the peppers. 4. Heat a pan and cook the beef until done. 5. Add the peppers and cook until tender. 6. Stir in the pesto and mix well. 7. Combine with the pasta and serve.
834,chicken_quinoa_meal_extra_834,chicken,quinoa,broccoli,teriyaki,470,52,51,15,34,medium,1. Prepare the chicken by cutting and seasoning it. 2. Cook the quinoa according to package instructions. 3. Chop the broccoli. 4. Heat a pan and cook the chicken until done. 5. Add the broccoli and cook until tender. 6. Stir in the teriyaki and mix well. 7. Combine with the quinoa and serve.
835,beef_potatoes_meal_extra_835,beef,potatoes,spinach,soy sauce,605,32,58,26,57,medium,1. Prepare the beef by cutting and seasoning it. 2. Cook the potatoes according to package instructions. 3. Chop the spinach. 4. Heat a pan and cook the beef until done. 5. Add the spinach and cook until tender. 6. Stir in the soy sauce and mix well. 7. Combine with the potatoes and serve.
836,tofu_pasta_meal_extra_836,tofu,pasta,green beans,teriyaki,829,35,86,19,11,medium,1. Prepare the tofu by cutting and seasoning it. 2. Cook the pasta according to package instructions. 3. Chop the green beans. 4. Heat a pan and cook the tofu until done. 5. Add the green beans and cook until tender. 6. Stir in the teriyaki and mix well. 7. Combine with the pasta and serve.
837,lentils_noodles_meal_extra_837,lentils,noodles,zucchini,tomato sauce,655,37,51,35,10,medium,1. Prepare the lentils by cutting and seasoning it. 2. Cook the noodles according to package instructions. 3. Chop the zucchini. 4. Heat a pan and cook the lentils until done. 5. Add the zucchini and cook until tender. 6. Stir in the tomato sauce and mix well. 7. Combine with the noodles and serve.
838,lentils_pasta_meal_extra_838,lentils,pasta,peppers,soy sauce,783,32,93,28,36,easy,1. Prepare the lentils by cutting and seasoning it. 2. Cook the pasta according to package instructions. 3. Chop the peppers. 4. Heat a pan and cook the lentils until done. 5. Add the peppers and cook until tender. 6. Stir in the soy sauce and mix well. 7. Combine with the pasta and serve.
839,turkey_pasta_meal_extra_839,turkey,pasta,carrots,pesto,645,49,66,27,42,hard,1. Prepare the turkey by cutting and seasoning it. 2. Cook the pasta according to package instructions. 3. Chop the carrots. 4. Heat a pan and cook the turkey until done. 5. Add the carrots and cook until tender. 6. Stir in the pesto and mix well. 7. Combine with the pasta and serve.
840,shrimp_quinoa_meal_extra_840,shrimp,quinoa,spinach,pesto,412,59,71,10,55,hard,1. Prepare the shrimp by cutting and seasoning it. 2. Cook the quinoa according to package instructions. 3. Chop the spinach. 4. Heat a pan and cook the shrimp until done. 5. Add the spinach and cook until tender. 6. Stir in the pesto and mix well. 7. Combine with the quinoa and serve.
841,shrimp_potatoes_meal_extra_841,shrimp,potatoes,green beans,garlic sauce,563,23,87,30,54,hard,1. Prepare the shrimp by cutting and seasoning it. 2. Cook the potatoes according to package instructions. 3. Chop the green beans. 4. Heat a pan and cook the shrimp until done. 5. Add the green beans and cook until tender. 6. Stir in the garlic sauce and mix well. 7. Combine with the potatoes and serve.
842,beef_noodles_meal_extra_842,beef,noodles,broccoli,pesto,672,32,57,11,21,easy,1. Prepare the beef by cutting and seasoning it. 2. Cook the noodles according to package instructions. 3. Chop the broccoli. 4. Heat a pan and cook the beef until done. 5. Add the broccoli and cook until tender. 6. Stir in the pesto and mix well. 7. Combine with the noodles and serve.
843,pork_noodles_meal_extra_843,pork,noodles,spinach,pesto,570,40,81,31,24,easy,1. Prepare the pork by cutting and seasoning it. 2. Cook the noodles according to package instructions. 3. Chop the spinach. 4. Heat a pan and cook the pork until done. 5. Add the spinach and cook until tender. 6. Stir in the pesto and mix well. 7. Combine with the noodles and serve.
844,pork_rice_meal_extra_844,pork,rice,carrots,garlic sauce,509,22,88,32,38,hard,1. Prepare the pork by cutting and seasoning it. 2. Cook the rice according to package instructions. 3. Chop the carrots. 4. Heat a pan and cook the pork until done. 5. Add the carrots and cook until tender. 6. Stir in the garlic sauce and mix well. 7. Combine with the rice and serve.
845,turkey_pasta_meal_extra_845,turkey,pasta,peppers,soy sauce,691,44,81,12,45,medium,1. Prepare the turkey by cutting and seasoning it. 2. Cook the pasta according to package instructions. 3. Chop the peppers. 4. Heat a pan and cook the turkey until done. 5. Add the peppers and cook until tender. 6. Stir in the soy sauce and mix well. 7. Combine with the pasta and serve.
846,tofu_pasta_meal_extra_846,tofu,pasta,carrots,tomato sauce,405,37,41,21,48,hard,1. Prepare the tofu by cutting and seasoning it. 2. Cook the pasta according to package instructions. 3. Chop the carrots. 4. Heat a pan and cook the tofu until done. 5. Add the carrots and cook until tender. 6. Stir in the tomato sauce and mix well. 7. Combine with the pasta and serve.
847,lentils_noodles_meal_extra_847,lentils,noodles,carrots,teriyaki,538,46,89,26,18,easy,1. Prepare the lentils by cutting and seasoning it. 2. Cook the noodles according to package instructions. 3. Chop the carrots. 4. Heat a pan and cook the lentils until done. 5. Add the carrots and cook until tender. 6. Stir in the teriyaki and mix well. 7. Combine with the noodles and serve.
848,lentils_rice_meal_extra_848,lentils,rice,peppers,soy sauce,665,55,79,18,15,medium,1. Prepare the lentils by cutting and seasoning it. 2. Cook the rice according to package instructions. 3. Chop the peppers. 4. Heat a pan and cook the lentils until done. 5. Add the peppers and cook until tender. 6. Stir in the soy sauce and mix well. 7. Combine with the rice and serve.
849,pork_quinoa_meal_extra_849,pork,quinoa,spinach,tomato sauce,564,41,52,10,31,medium,1. Prepare the pork by cutting and seasoning it. 2. Cook the quinoa according to package instructions. 3. Chop the spinach. 4. Heat a pan and cook the pork until done. 5. Add the spinach and cook until tender. 6. Stir in the tomato sauce and mix well. 7. Combine with the quinoa and serve.
850,salmon_rice_meal_extra_850,salmon,rice,green beans,garlic sauce,581,24,53,21,31,hard,1. Prepare the salmon by cutting and seasoning it. 2. Cook the rice according to package instructions. 3. Chop the green beans. 4. Heat a pan and cook the salmon until done. 5. Add the green beans and cook until tender. 6. Stir in the garlic sauce and mix well. 7. Combine with the rice and serve.
851,pork_pasta_meal_extra_851,pork,pasta,peppers,soy sauce,404,38,58,13,54,easy,1. Prepare the pork by cutting and seasoning it. 2. Cook the pasta according to package instructions. 3. Chop the peppers. 4. Heat a pan and cook the pork until done. 5. Add the peppers and cook until tender. 6. Stir in the soy sauce and mix well. 7. Combine with the pasta and serve.
852,lentils_noodles_meal_extra_852,lentils,noodles,zucchini,garlic sauce,442,36,96,28,18,hard,1. Prepare the lentils by cutting and seasoning it. 2. Cook the noodles according to package instructions. 3. Chop the zucchini. 4. Heat a pan and cook the lentils until done. 5. Add the zucchini and cook until tender. 6. Stir in the garlic sauce and mix well. 7. Combine with the noodles and serve.
853,turkey_quinoa_meal_extra_853,turkey,quinoa,carrots,pesto,722,55,85,30,57,easy,1. Prepare the turkey by cutting and seasoning it. 2. Cook the quinoa according to package instructions. 3. Chop the carrots. 4. Heat a pan and cook the turkey until done. 5. Add the carrots and cook until tender. 6. Stir in the pesto and mix well. 7. Combine with the quinoa and serve.
854,shrimp_noodles_meal_extra_854,shrimp,noodles,zucchini,cream sauce,538,32,45,29,56,hard,1. Prepare the shrimp by cutting and seasoning it. 2. Cook the noodles according to package instructions. 3. Chop the zucchini. 4. Heat a pan and cook the shrimp until done. 5. Add the zucchini and cook until tender. 6. Stir in the cream sauce and mix well. 7. Combine with the noodles and serve.
855,lentils_noodles_meal_extra_855,lentils,noodles,peppers,soy sauce,833,45,90,20,35,hard,1. Prepare the lentils by cutting and seasoning it. 2. Cook the noodles according to package instructions. 3. Chop the peppers. 4. Heat a pan and cook the lentils until done. 5. Add the peppers and cook until tender. 6. Stir in the soy sauce and mix well. 7. Combine with the noodles and serve.
856,chicken_noodles_meal_extra_856,chicken,noodles,zucchini,cream sauce,779,23,68,16,53,hard,1. Prepare the chicken by cutting and seasoning it. 2. Cook the noodles according to package instructions. 3. Chop the zucchini. 4. Heat a pan and cook the chicken until done. 5. Add the zucchini and cook until tender. 6. Stir in the cream sauce and mix well. 7. Combine with the noodles and serve.
857,lentils_rice_meal_extra_857,lentils,rice,zucchini,cream sauce,419,57,81,20,26,hard,1. Prepare the lentils by cutting and seasoning it. 2. Cook the rice according to package instructions. 3. Chop the zucchini. 4. Heat a pan and cook the lentils until done. 5. Add the zucchini and cook until tender. 6. Stir in the cream sauce and mix well. 7. Combine with the rice and serve.
858,pork_pasta_meal_extra_858,pork,pasta,carrots,pesto,487,47,69,28,12,hard,1. Prepare the pork by cutting and seasoning it. 2. Cook the pasta according to package instructions. 3. Chop the carrots. 4. Heat a pan and cook the pork until done. 5. Add the carrots and cook until tender. 6. Stir in the pesto and mix well. 7. Combine with the pasta and serve.
859,beef_pasta_meal_extra_859,beef,pasta,broccoli,garlic sauce,736,60,44,32,54,easy,1. Prepare the beef by cutting and seasoning it. 2. Cook the pasta according to package instructions. 3. Chop the broccoli. 4. Heat a pan and cook the beef until done. 5. Add the broccoli and cook until tender. 6. Stir in the garlic sauce and mix well. 7. Combine with the pasta and serve.
860,salmon_rice_meal_extra_860,salmon,rice,spinach,teriyaki,803,58,44,17,20,easy,1. Prepare the salmon by cutting and seasoning it. 2. Cook the rice according to package instructions. 3. Chop the spinach. 4. Heat a pan and cook the salmon until done. 5. Add the spinach and cook until tender. 6. Stir in the teriyaki and mix well. 7. Combine with the rice and serve.
861,pork_quinoa_meal_extra_861,pork,quinoa,peppers,pesto,816,27,53,29,58,medium,1. Prepare the pork by cutting and seasoning it. 2. Cook the quinoa according to package instructions. 3. Chop the peppers. 4. Heat a pan and cook the pork until done. 5. Add the peppers and cook until tender. 6. Stir in the pesto and mix well. 7. Combine with the quinoa and serve.
862,pork_noodles_meal_extra_862,pork,noodles,zucchini,tomato sauce,474,32,91,29,20,medium,1. Prepare the pork by cutting and seasoning it. 2. Cook the noodles according to package instructions. 3. Chop the zucchini. 4. Heat a pan and cook the pork until done. 5. Add the zucchini and cook until tender. 6. Stir in the tomato sauce and mix well. 7. Combine with the noodles and serve.
863,turkey_potatoes_meal_extra_863,turkey,potatoes,carrots,pesto,665,34,46,22,43,easy,1. Prepare the turkey by cutting and seasoning it. 2. Cook the potatoes according to package instructions. 3. Chop the carrots. 4. Heat a pan and cook the turkey until done. 5. Add the carrots and cook until tender. 6. Stir in the pesto and mix well. 7. Combine with the potatoes and serve.
864,pork_rice_meal_extra_864,pork,rice,broccoli,garlic sauce,475,60,86,29,31,medium,1. Prepare the pork by cutting and seasoning it. 2. Cook the rice according to package instructions. 3. Chop the broccoli. 4. Heat a pan and cook the pork until done. 5. Add the broccoli and cook until tender. 6. Stir in the garlic sauce and mix well. 7. Combine with the rice and serve.
865,turkey_rice_meal_extra_865,turkey,rice,zucchini,garlic sauce,730,21,53,25,45,hard,1. Prepare the turkey by cutting and seasoning it. 2. Cook the rice according to package instructions. 3. Chop the zucchini. 4. Heat a pan and cook the turkey until done. 5. Add the zucchini and cook until tender. 6. Stir in the garlic sauce and mix well. 7. Combine with the rice and serve.
866,shrimp_quinoa_meal_extra_866,shrimp,quinoa,broccoli,tomato sauce,423,49,90,21,58,hard,1. Prepare the shrimp by cutting and seasoning it. 2. Cook the quinoa according to package instructions. 3. Chop the broccoli. 4. Heat a pan and cook the shrimp until done. 5. Add the broccoli and cook until tender. 6. Stir in the tomato sauce and mix well. 7. Combine with the quinoa and serve.
867,chicken_rice_meal_extra_867,chicken,rice,carrots,pesto,445,58,77,12,43,easy,1. Prepare the chicken by cutting and seasoning it. 2. Cook the rice according to package instructions. 3. Chop the carrots. 4. Heat a pan and cook the chicken until done. 5. Add the carrots and cook until tender. 6. Stir in the pesto and mix well. 7. Combine with the rice and serve.
868,turkey_rice_meal_extra_868,turkey,rice,spinach,garlic sauce,754,28,94,29,55,easy,1. Prepare the turkey by cutting and seasoning it. 2. Cook the rice according to package instructions. 3. Chop the spinach. 4. Heat a pan and cook the turkey until done. 5. Add the spinach and cook until tender. 6. Stir in the garlic sauce and mix well. 7. Combine with the rice and serve.
869,chicken_rice_meal_extra_869,chicken,rice,zucchini,tomato sauce,685,39,85,14,20,hard,1. Prepare the chicken by cutting and seasoning it. 2. Cook the rice according to package instructions. 3. Chop the zucchini. 4. Heat a pan and cook the chicken until done. 5. Add the zucchini and cook until tender. 6. Stir in the tomato sauce and mix well. 7. Combine with the rice and serve.
870,pork_potatoes_meal_extra_870,pork,potatoes,peppers,tomato sauce,414,54,49,25,33,medium,1. Prepare the pork by cutting and seasoning it. 2. Cook the potatoes according to package instructions. 3. Chop the peppers. 4. Heat a pan and cook the pork until done. 5. Add the peppers and cook until tender. 6. Stir in the tomato sauce and mix well. 7. Combine with the potatoes and serve.
871,pork_rice_meal_extra_871,pork,rice,broccoli,teriyaki,671,31,43,15,22,medium,1. Prepare the pork by cutting and seasoning it. 2. Cook the rice according to package instructions. 3. Chop the broccoli. 4. Heat a pan and cook the pork until done. 5. Add the broccoli and cook until tender. 6. Stir in the teriyaki and mix well. 7. Combine with the rice and serve.
872,beef_potatoes_meal_extra_872,beef,potatoes,green beans,pesto,697,44,97,21,53,medium,1. Prepare the beef by cutting and seasoning it. 2. Cook the potatoes according to package instructions. 3. Chop the green beans. 4. Heat a pan and cook the beef until done. 5. Add the green beans and cook until tender. 6. Stir in the pesto and mix well. 7. Combine with the potatoes and serve.
873,chicken_rice_meal_extra_873,chicken,rice,peppers,teriyaki,887,47,94,26,19,hard,1. Prepare the chicken by cutting and seasoning it. 2. Cook the rice according to package instructions. 3. Chop the peppers. 4. Heat a pan and cook the chicken until done. 5. Add the peppers and cook until tender. 6. Stir in the teriyaki and mix well. 7. Combine with the rice and serve.
874,tofu_pasta_meal_extra_874,tofu,pasta,carrots,teriyaki,799,37,72,33,44,medium,1. Prepare the tofu by cutting and seasoning it. 2. Cook the pasta according to package instructions. 3. Chop the carrots. 4. Heat a pan and cook the tofu until done. 5. Add the carrots and cook until tender. 6. Stir in the teriyaki and mix well. 7. Combine with the pasta and serve.
875,pork_rice_meal_extra_875,pork,rice,broccoli,pesto,446,38,84,33,59,easy,1. Prepare the pork by cutting and seasoning it. 2. Cook the rice according to package instructions. 3. Chop the broccoli. 4. Heat a pan and cook the pork until done. 5. Add the broccoli and cook until tender. 6. Stir in the pesto and mix well. 7. Combine with the rice and serve.
876,shrimp_quinoa_meal_extra_876,shrimp,quinoa,carrots,tomato sauce,403,39,89,24,15,easy,1. Prepare the shrimp by cutting and seasoning it. 2. Cook the quinoa according to package instructions. 3. Chop the carrots. 4. Heat a pan and cook the shrimp until done. 5. Add the carrots and cook until tender. 6. Stir in the tomato sauce and mix well. 7. Combine with the quinoa and serve.
877,chicken_noodles_meal_extra_877,chicken,noodles,green beans,soy sauce,883,60,68,35,38,hard,1. Prepare the chicken by cutting and seasoning it. 2. Cook the noodles according to package instructions. 3. Chop the green beans. 4. Heat a pan and cook the chicken until done. 5. Add the green beans and cook until tender. 6. Stir in the soy sauce and mix well. 7. Combine with the noodles and serve.
878,salmon_noodles_meal_extra_878,salmon,noodles,zucchini,tomato sauce,578,59,44,29,58,hard,1. Prepare the salmon by cutting and seasoning it. 2. Cook the noodles according to package instructions. 3. Chop the zucchini. 4. Heat a pan and cook the salmon until done. 5. Add the zucchini and cook until tender. 6. Stir in the tomato sauce and mix well. 7. Combine with the noodles and serve.
879,pork_noodles_meal_extra_879,pork,noodles,green beans,cream sauce,403,34,90,10,39,hard,1. Prepare the pork by cutting and seasoning it. 2. Cook the noodles according to package instructions. 3. Chop the green beans. 4. Heat a pan and cook the pork until done. 5. Add the green beans and cook until tender. 6. Stir in the cream sauce and mix well. 7. Combine with the noodles and serve.
880,turkey_rice_meal_extra_880,turkey,rice,broccoli,pesto,606,38,49,28,21,hard,1. Prepare the turkey by cutting and seasoning it. 2. Cook the rice according to package instructions. 3. Chop the broccoli. 4. Heat a pan and cook the turkey until done. 5. Add the broccoli and cook until tender. 6. Stir in the pesto and mix well. 7. Combine with the rice and serve.
881,shrimp_potatoes_meal_extra_881,shrimp,potatoes,broccoli,pesto,722,33,44,24,19,medium,1. Prepare the shrimp by cutting and seasoning it. 2. Cook the potatoes according to package instructions. 3. Chop the broccoli. 4. Heat a pan and cook the shrimp until done. 5. Add the broccoli and cook until tender. 6. Stir in the pesto and mix well. 7. Combine with the potatoes and serve.
882,turkey_pasta_meal_extra_882,turkey,pasta,spinach,teriyaki,751,45,52,15,38,easy,1. Prepare the turkey by cutting and seasoning it. 2. Cook the pasta according to package instructions. 3. Chop the spinach. 4. Heat a pan and cook the turkey until done. 5. Add the spinach and cook until tender. 6. Stir in the teriyaki and mix well. 7. Combine with the pasta and serve.
883,turkey_quinoa_meal_extra_883,turkey,quinoa,broccoli,garlic sauce,777,51,48,29,56,medium,1. Prepare the turkey by cutting and seasoning it. 2. Cook the quinoa according to package instructions. 3. Chop the broccoli. 4. Heat a pan and cook the turkey until done. 5. Add the broccoli and cook until tender. 6. Stir in the garlic sauce and mix well. 7. Combine with the quinoa and serve.
884,shrimp_quinoa_meal_extra_884,shrimp,quinoa,peppers,pesto,841,39,82,21,33,hard,1. Prepare the shrimp by cutting and seasoning it. 2. Cook the quinoa according to package instructions. 3. Chop the peppers. 4. Heat a pan and cook the shrimp until done. 5. Add the peppers and cook until tender. 6. Stir in the pesto and mix well. 7. Combine with the quinoa and serve.
885,tofu_potatoes_meal_extra_885,tofu,potatoes,spinach,teriyaki,634,40,87,32,44,easy,1. Prepare the tofu by cutting and seasoning it. 2. Cook the potatoes according to package instructions. 3. Chop the spinach. 4. Heat a pan and cook the tofu until done. 5. Add the spinach and cook until tender. 6. Stir in the teriyaki and mix well. 7. Combine with the potatoes and serve.
886,tofu_potatoes_meal_extra_886,tofu,potatoes,green beans,teriyaki,898,29,46,23,29,hard,1. Prepare the tofu by cutting and seasoning it. 2. Cook the potatoes according to package instructions. 3. Chop the green beans. 4. Heat a pan and cook the tofu until done. 5. Add the green beans and cook until tender. 6. Stir in the teriyaki and mix well. 7. Combine with the potatoes and serve.
887,lentils_pasta_meal_extra_887,lentils,pasta,carrots,tomato sauce,665,26,44,22,19,hard,1. Prepare the lentils by cutting and seasoning it. 2. Cook the pasta according to package instructions. 3. Chop the carrots. 4. Heat a pan and cook the lentils until done. 5. Add the carrots and cook until tender. 6. Stir in the tomato sauce and mix well. 7. Combine with the pasta and serve.
888,chicken_noodles_meal_extra_888,chicken,noodles,spinach,pesto,710,21,49,15,44,hard,1. Prepare the chicken by cutting and seasoning it. 2. Cook the noodles according to package instructions. 3. Chop the spinach. 4. Heat a pan and cook the chicken until done. 5. Add the spinach and cook until tender. 6. Stir in the pesto and mix well. 7. Combine with the noodles and serve.
889,shrimp_quinoa_meal_extra_889,shrimp,quinoa,carrots,tomato sauce,674,56,60,28,23,easy,1. Prepare the shrimp by cutting and seasoning it. 2. Cook the quinoa according to package instructions. 3. Chop the carrots. 4. Heat a pan and cook the shrimp until done. 5. Add the carrots and cook until tender. 6. Stir in the tomato sauce and mix well. 7. Combine with the quinoa and serve.
890,pork_rice_meal_extra_890,pork,rice,peppers,teriyaki,738,59,46,32,14,easy,1. Prepare the pork by cutting and seasoning it. 2. Cook the rice according to package instructions. 3. Chop the peppers. 4. Heat a pan and cook the pork until done. 5. Add the peppers and cook until tender. 6. Stir in the teriyaki and mix well. 7. Combine with the rice and serve.
891,chicken_rice_meal_extra_891,chicken,rice,broccoli,tomato sauce,769,42,67,15,41,hard,1. Prepare the chicken by cutting and seasoning it. 2. Cook the rice according to package instructions. 3. Chop the broccoli. 4. Heat a pan and cook the chicken until done. 5. Add the broccoli and cook until tender. 6. Stir in the tomato sauce and mix well. 7. Combine with the rice and serve.
892,pork_quinoa_meal_extra_892,pork,quinoa,carrots,cream sauce,741,52,84,10,50,medium,1. Prepare the pork by cutting and seasoning it. 2. Cook the quinoa according to package instructions. 3. Chop the carrots. 4. Heat a pan and cook the pork until done. 5. Add the carrots and cook until tender. 6. Stir in the cream sauce and mix well. 7. Combine with the quinoa and serve.
893,lentils_rice_meal_extra_893,lentils,rice,zucchini,garlic sauce,480,43,88,15,46,hard,1. Prepare the lentils by cutting and seasoning it. 2. Cook the rice according to package instructions. 3. Chop the zucchini. 4. Heat a pan and cook the lentils until done. 5. Add the zucchini and cook until tender. 6. Stir in the garlic sauce and mix well. 7. Combine with the rice and serve.
894,turkey_rice_meal_extra_894,turkey,rice,carrots,teriyaki,694,21,45,20,45,easy,1. Prepare the turkey by cutting and seasoning it. 2. Cook the rice according to package instructions. 3. Chop the carrots. 4. Heat a pan and cook the turkey until done. 5. Add the carrots and cook until tender. 6. Stir in the teriyaki and mix well. 7. Combine with the rice and serve.
895,chicken_pasta_meal_extra_895,chicken,pasta,carrots,tomato sauce,507,29,47,30,37,easy,1. Prepare the chicken by cutting and seasoning it. 2. Cook the pasta according to package instructions. 3. Chop the carrots. 4. Heat a pan and cook the chicken until done. 5. Add the carrots and cook until tender. 6. Stir in the tomato sauce and mix well. 7. Combine with the pasta and serve.
896,shrimp_quinoa_meal_extra_896,shrimp,quinoa,peppers,tomato sauce,813,30,59,30,14,hard,1. Prepare the shrimp by cutting and seasoning it. 2. Cook the quinoa according to package instructions. 3. Chop the peppers. 4. Heat a pan and cook the shrimp until done. 5. Add the peppers and cook until tender. 6. Stir in the tomato sauce and mix well. 7. Combine with the quinoa and serve.
897,chicken_pasta_meal_extra_897,chicken,pasta,peppers,cream sauce,886,24,96,10,25,medium,1. Prepare the chicken by cutting and seasoning it. 2. Cook the pasta according to package instructions. 3. Chop the peppers. 4. Heat a pan and cook the chicken until done. 5. Add the peppers and cook until tender. 6. Stir in the cream sauce and mix well. 7. Combine with the pasta and serve.
898,tofu_rice_meal_extra_898,tofu,rice,green beans,teriyaki,402,54,51,23,18,easy,1. Prepare the tofu by cutting and seasoning it. 2. Cook the rice according to package instructions. 3. Chop the green beans. 4. Heat a pan and cook the tofu until done. 5. Add the green beans and cook until tender. 6. Stir in the teriyaki and mix well. 7. Combine with the rice and serve.
899,pork_noodles_meal_extra_899,pork,noodles,carrots,pesto,445,38,76,10,51,hard,1. Prepare the pork by cutting and seasoning it. 2. Cook the noodles according to package instructions. 3. Chop the carrots. 4. Heat a pan and cook the pork until done. 5. Add the carrots and cook until tender. 6. Stir in the pesto and mix well. 7. Combine with the noodles and serve.
900,pork_noodles_meal_extra_900,pork,noodles,peppers,soy sauce,649,43,98,15,28,easy,1. Prepare the pork by cutting and seasoning it. 2. Cook the noodles according to package instructions. 3. Chop the peppers. 4. Heat a pan and cook the pork until done. 5. Add the peppers and cook until tender. 6. Stir in the soy sauce and mix well. 7. Combine with the noodles and serve.
901,lentils_noodles_meal_extra_901,lentils,noodles,zucchini,tomato sauce,804,25,94,34,29,medium,1. Prepare the lentils by cutting and seasoning it. 2. Cook the noodles according to package instructions. 3. Chop the zucchini. 4. Heat a pan and cook the lentils until done. 5. Add the zucchini and cook until tender. 6. Stir in the tomato sauce and mix well. 7. Combine with the noodles and serve.
902,lentils_noodles_meal_extra_902,lentils,noodles,peppers,pesto,795,60,66,34,29,easy,1. Prepare the lentils by cutting and seasoning it. 2. Cook the noodles according to package instructions. 3. Chop the peppers. 4. Heat a pan and cook the lentils until done. 5. Add the peppers and cook until tender. 6. Stir in the pesto and mix well. 7. Combine with the noodles and serve.
903,salmon_noodles_meal_extra_903,salmon,noodles,spinach,garlic sauce,455,44,76,29,45,hard,1. Prepare the salmon by cutting and seasoning it. 2. Cook the noodles according to package instructions. 3. Chop the spinach. 4. Heat a pan and cook the salmon until done. 5. Add the spinach and cook until tender. 6. Stir in the garlic sauce and mix well. 7. Combine with the noodles and serve.
904,lentils_rice_meal_extra_904,lentils,rice,carrots,teriyaki,447,27,97,28,42,easy,1. Prepare the lentils by cutting and seasoning it. 2. Cook the rice according to package instructions. 3. Chop the carrots. 4. Heat a pan and cook the lentils until done. 5. Add the carrots and cook until tender. 6. Stir in the teriyaki and mix well. 7. Combine with the rice and serve.
905,chicken_pasta_meal_extra_905,chicken,pasta,spinach,soy sauce,858,34,76,16,19,medium,1. Prepare the chicken by cutting and seasoning it. 2. Cook the pasta according to package instructions. 3. Chop the spinach. 4. Heat a pan and cook the chicken until done. 5. Add the spinach and cook until tender. 6. Stir in the soy sauce and mix well. 7. Combine with the pasta and serve.
906,turkey_rice_meal_extra_906,turkey,rice,spinach,garlic sauce,540,33,79,35,45,medium,1. Prepare the turkey by cutting and seasoning it. 2. Cook the rice according to package instructions. 3. Chop the spinach. 4. Heat a pan and cook the turkey until done. 5. Add the spinach and cook until tender. 6. Stir in the garlic sauce and mix well. 7. Combine with the rice and serve.
907,salmon_potatoes_meal_extra_907,salmon,potatoes,spinach,soy sauce,751,28,61,29,33,medium,1. Prepare the salmon by cutting and seasoning it. 2. Cook the potatoes according to package instructions. 3. Chop the spinach. 4. Heat a pan and cook the salmon until done. 5. Add the spinach and cook until tender. 6. Stir in the soy sauce and mix well. 7. Combine with the potatoes and serve.
908,pork_potatoes_meal_extra_908,pork,potatoes,peppers,cream sauce,477,39,97,16,39,easy,1. Prepare the pork by cutting and seasoning it. 2. Cook the potatoes according to package instructions. 3. Chop the peppers. 4. Heat a pan and cook the pork until done. 5. Add the peppers and cook until tender. 6. Stir in the cream sauce and mix well. 7. Combine with the potatoes and serve.
909,salmon_potatoes_meal_extra_909,salmon,potatoes,zucchini,cream sauce,757,50,78,12,48,easy,1. Prepare the salmon by cutting and seasoning it. 2. Cook the potatoes according to package instructions. 3. Chop the zucchini. 4. Heat a pan and cook the salmon until done. 5. Add the zucchini and cook until tender. 6. Stir in the cream sauce and mix well. 7. Combine with the potatoes and serve.
910,turkey_noodles_meal_extra_910,turkey,noodles,carrots,cream sauce,479,26,69,18,22,medium,1. Prepare the turkey by cutting and seasoning it. 2. Cook the noodles according to package instructions. 3. Chop the carrots. 4. Heat a pan and cook the turkey until done. 5. Add the carrots and cook until tender. 6. Stir in the cream sauce and mix well. 7. Combine with the noodles and serve.
911,beef_quinoa_meal_extra_911,beef,quinoa,peppers,soy sauce,621,45,82,22,27,hard,1. Prepare the beef by cutting and seasoning it. 2. Cook the quinoa according to package instructions. 3. Chop the peppers. 4. Heat a pan and cook the beef until done. 5. Add the peppers and cook until tender. 6. Stir in the soy sauce and mix well. 7. Combine with the quinoa and serve.
912,beef_quinoa_meal_extra_912,beef,quinoa,carrots,teriyaki,438,43,95,25,39,medium,1. Prepare the beef by cutting and seasoning it. 2. Cook the quinoa according to package instructions. 3. Chop the carrots. 4. Heat a pan and cook the beef until done. 5. Add the carrots and cook until tender. 6. Stir in the teriyaki and mix well. 7. Combine with the quinoa and serve.
913,salmon_pasta_meal_extra_913,salmon,pasta,zucchini,cream sauce,616,24,76,31,41,medium,1. Prepare the salmon by cutting and seasoning it. 2. Cook the pasta according to package instructions. 3. Chop the zucchini. 4. Heat a pan and cook the salmon until done. 5. Add the zucchini and cook until tender. 6. Stir in the cream sauce and mix well. 7. Combine with the pasta and serve.
914,pork_quinoa_meal_extra_914,pork,quinoa,carrots,tomato sauce,460,41,57,15,20,medium,1. Prepare the pork by cutting and seasoning it. 2. Cook the quinoa according to package instructions. 3. Chop the carrots. 4. Heat a pan and cook the pork until done. 5. Add the carrots and cook until tender. 6. Stir in the tomato sauce and mix well. 7. Combine with the quinoa and serve.
915,pork_pasta_meal_extra_915,pork,pasta,peppers,teriyaki,498,39,66,14,45,hard,1. Prepare the pork by cutting and seasoning it. 2. Cook the pasta according to package instructions. 3. Chop the peppers. 4. Heat a pan and cook the pork until done. 5. Add the peppers and cook until tender. 6. Stir in the teriyaki and mix well. 7. Combine with the pasta and serve.
916,tofu_pasta_meal_extra_916,tofu,pasta,zucchini,soy sauce,727,47,47,18,13,hard,1. Prepare the tofu by cutting and seasoning it. 2. Cook the pasta according to package instructions. 3. Chop the zucchini. 4. Heat a pan and cook the tofu until done. 5. Add the zucchini and cook until tender. 6. Stir in the soy sauce and mix well. 7. Combine with the pasta and serve.
917,tofu_noodles_meal_extra_917,tofu,noodles,carrots,teriyaki,601,49,87,10,48,hard,1. Prepare the tofu by cutting and seasoning it. 2. Cook the noodles according to package instructions. 3. Chop the carrots. 4. Heat a pan and cook the tofu until done. 5. Add the carrots and cook until tender. 6. Stir in the teriyaki and mix well. 7. Combine with the noodles and serve.
918,beef_noodles_meal_extra_918,beef,noodles,zucchini,pesto,588,47,63,14,13,medium,1. Prepare the beef by cutting and seasoning it. 2. Cook the noodles according to package instructions. 3. Chop the zucchini. 4. Heat a pan and cook the beef until done. 5. Add the zucchini and cook until tender. 6. Stir in the pesto and mix well. 7. Combine with the noodles and serve.
919,shrimp_pasta_meal_extra_919,shrimp,pasta,peppers,tomato sauce,462,30,82,11,26,hard,1. Prepare the shrimp by cutting and seasoning it. 2. Cook the pasta according to package instructions. 3. Chop the peppers. 4. Heat a pan and cook the shrimp until done. 5. Add the peppers and cook until tender. 6. Stir in the tomato sauce and mix well. 7. Combine with the pasta and serve.
920,shrimp_pasta_meal_extra_920,shrimp,pasta,broccoli,garlic sauce,751,31,42,17,59,hard,1. Prepare the shrimp by cutting and seasoning it. 2. Cook the pasta according to package instructions. 3. Chop the broccoli. 4. Heat a pan and cook the shrimp until done. 5. Add the broccoli and cook until tender. 6. Stir in the garlic sauce and mix well. 7. Combine with the pasta and serve.
921,shrimp_rice_meal_extra_921,shrimp,rice,peppers,soy sauce,814,27,70,17,21,easy,1. Prepare the shrimp by cutting and seasoning it. 2. Cook the rice according to package instructions. 3. Chop the peppers. 4. Heat a pan and cook the shrimp until done. 5. Add the peppers and cook until tender. 6. Stir in the soy sauce and mix well. 7. Combine with the rice and serve.
922,lentils_pasta_meal_extra_922,lentils,pasta,carrots,tomato sauce,494,33,64,18,28,easy,1. Prepare the lentils by cutting and seasoning it. 2. Cook the pasta according to package instructions. 3. Chop the carrots. 4. Heat a pan and cook the lentils until done. 5. Add the carrots and cook until tender. 6. Stir in the tomato sauce and mix well. 7. Combine with the pasta and serve.
923,turkey_pasta_meal_extra_923,turkey,pasta,peppers,teriyaki,881,44,98,18,37,easy,1. Prepare the turkey by cutting and seasoning it. 2. Cook the pasta according to package instructions. 3. Chop the peppers. 4. Heat a pan and cook the turkey until done. 5. Add the peppers and cook until tender. 6. Stir in the teriyaki and mix well. 7. Combine with the pasta and serve.
924,beef_noodles_meal_extra_924,beef,noodles,carrots,teriyaki,460,23,66,19,38,hard,1. Prepare the beef by cutting and seasoning it. 2. Cook the noodles according to package instructions. 3. Chop the carrots. 4. Heat a pan and cook the beef until done. 5. Add the carrots and cook until tender. 6. Stir in the teriyaki and mix well. 7. Combine with the noodles and serve.
925,shrimp_pasta_meal_extra_925,shrimp,pasta,carrots,tomato sauce,553,22,72,34,14,medium,1. Prepare the shrimp by cutting and seasoning it. 2. Cook the pasta according to package instructions. 3. Chop the carrots. 4. Heat a pan and cook the shrimp until done. 5. Add the carrots and cook until tender. 6. Stir in the tomato sauce and mix well. 7. Combine with the pasta and serve.
926,pork_rice_meal_extra_926,pork,rice,peppers,garlic sauce,732,29,100,14,40,easy,1. Prepare the pork by cutting and seasoning it. 2. Cook the rice according to package instructions. 3. Chop the peppers. 4. Heat a pan and cook the pork until done. 5. Add the peppers and cook until tender. 6. Stir in the garlic sauce and mix well. 7. Combine with the rice and serve.
927,chicken_rice_meal_extra_927,chicken,rice,peppers,cream sauce,571,45,40,28,13,medium,1. Prepare the chicken by cutting and seasoning it. 2. Cook the rice according to package instructions. 3. Chop the peppers. 4. Heat a pan and cook the chicken until done. 5. Add the peppers and cook until tender. 6. Stir in the cream sauce and mix well. 7. Combine with the rice and serve.
928,chicken_quinoa_meal_extra_928,chicken,quinoa,green beans,soy sauce,638,36,100,11,58,hard,1. Prepare the chicken by cutting and seasoning it. 2. Cook the quinoa according to package instructions. 3. Chop the green beans. 4. Heat a pan and cook the chicken until done. 5. Add the green beans and cook until tender. 6. Stir in the soy sauce and mix well. 7. Combine with the quinoa and serve.
929,chicken_pasta_meal_extra_929,chicken,pasta,green beans,pesto,851,46,59,16,24,medium,1. Prepare the chicken by cutting and seasoning it. 2. Cook the pasta according to package instructions. 3. Chop the green beans. 4. Heat a pan and cook the chicken until done. 5. Add the green beans and cook until tender. 6. Stir in the pesto and mix well. 7. Combine with the pasta and serve.
930,turkey_potatoes_meal_extra_930,turkey,potatoes,carrots,pesto,887,58,49,32,34,medium,1. Prepare the turkey by cutting and seasoning it. 2. Cook the potatoes according to package instructions. 3. Chop the carrots. 4. Heat a pan and cook the turkey until done. 5. Add the carrots and cook until tender. 6. Stir in the pesto and mix well. 7. Combine with the potatoes and serve.
931,lentils_noodles_meal_extra_931,lentils,noodles,carrots,teriyaki,638,21,50,34,53,easy,1. Prepare the lentils by cutting and seasoning it. 2. Cook the noodles according to package instructions. 3. Chop the carrots. 4. Heat a pan and cook the lentils until done. 5. Add the carrots and cook until tender. 6. Stir in the teriyaki and mix well. 7. Combine with the noodles and serve.
932,tofu_noodles_meal_extra_932,tofu,noodles,spinach,soy sauce,500,32,60,10,39,easy,1. Prepare the tofu by cutting and seasoning it. 2. Cook the noodles according to package instructions. 3. Chop the spinach. 4. Heat a pan and cook the tofu until done. 5. Add the spinach and cook until tender. 6. Stir in the soy sauce and mix well. 7. Combine with the noodles and serve.
933,lentils_noodles_meal_extra_933,lentils,noodles,green beans,tomato sauce,580,27,57,28,43,medium,1. Prepare the lentils by cutting and seasoning it. 2. Cook the noodles according to package instructions. 3. Chop the green beans. 4. Heat a pan and cook the lentils until done. 5. Add the green beans and cook until tender. 6. Stir in the tomato sauce and mix well. 7. Combine with the noodles and serve.
934,salmon_potatoes_meal_extra_934,salmon,potatoes,green beans,tomato sauce,527,27,76,34,13,medium,1. Prepare the salmon by cutting and seasoning it. 2. Cook the potatoes according to package instructions. 3. Chop the green beans. 4. Heat a pan and cook the salmon until done. 5. Add the green beans and cook until tender. 6. Stir in the tomato sauce and mix well. 7. Combine with the potatoes and serve.
935,turkey_potatoes_meal_extra_935,turkey,potatoes,zucchini,soy sauce,497,37,45,32,32,hard,1. Prepare the turkey by cutting and seasoning it. 2. Cook the potatoes according to package instructions. 3. Chop the zucchini. 4. Heat a pan and cook the turkey until done. 5. Add the zucchini and cook until tender. 6. Stir in the soy sauce and mix well. 7. Combine with the potatoes and serve.
936,turkey_pasta_meal_extra_936,turkey,pasta,carrots,pesto,502,49,90,11,30,medium,1. Prepare the turkey by cutting and seasoning it. 2. Cook the pasta according to package instructions. 3. Chop the carrots. 4. Heat a pan and cook the turkey until done. 5. Add the carrots and cook until tender. 6. Stir in the pesto and mix well. 7. Combine with the pasta and serve.
937,beef_potatoes_meal_extra_937,beef,potatoes,zucchini,tomato sauce,616,37,88,33,15,medium,1. Prepare the beef by cutting and seasoning it. 2. Cook the potatoes according to package instructions. 3. Chop the zucchini. 4. Heat a pan and cook the beef until done. 5. Add the zucchini and cook until tender. 6. Stir in the tomato sauce and mix well. 7. Combine with the potatoes and serve.
938,salmon_quinoa_meal_extra_938,salmon,quinoa,green beans,cream sauce,867,57,81,18,24,medium,1. Prepare the salmon by cutting and seasoning it. 2. Cook the quinoa according to package instructions. 3. Chop the green beans. 4. Heat a pan and cook the salmon until done. 5. Add the green beans and cook until tender. 6. Stir in the cream sauce and mix well. 7. Combine with the quinoa and serve.
939,turkey_rice_meal_extra_939,turkey,rice,spinach,cream sauce,474,55,58,23,29,easy,1. Prepare the turkey by cutting and seasoning it. 2. Cook the rice according to package instructions. 3. Chop the spinach. 4. Heat a pan and cook the turkey until done. 5. Add the spinach and cook until tender. 6. Stir in the cream sauce and mix well. 7. Combine with the rice and serve.
940,chicken_rice_meal_extra_940,chicken,rice,green beans,tomato sauce,841,20,54,25,25,easy,1. Prepare the chicken by cutting and seasoning it. 2. Cook the rice according to package instructions. 3. Chop the green beans. 4. Heat a pan and cook the chicken until done. 5. Add the green beans and cook until tender. 6. Stir in the tomato sauce and mix well. 7. Combine with the rice and serve.
941,salmon_quinoa_meal_extra_941,salmon,quinoa,broccoli,cream sauce,539,36,56,15,56,medium,1. Prepare the salmon by cutting and seasoning it. 2. Cook the quinoa according to package instructions. 3. Chop the broccoli. 4. Heat a pan and cook the salmon until done. 5. Add the broccoli and cook until tender. 6. Stir in the cream sauce and mix well. 7. Combine with the quinoa and serve.
942,beef_rice_meal_extra_942,beef,rice,spinach,teriyaki,450,41,84,29,55,hard,1. Prepare the beef by cutting and seasoning it. 2. Cook the rice according to package instructions. 3. Chop the spinach. 4. Heat a pan and cook the beef until done. 5. Add the spinach and cook until tender. 6. Stir in the teriyaki and mix well. 7. Combine with the rice and serve.
943,tofu_quinoa_meal_extra_943,tofu,quinoa,carrots,tomato sauce,535,44,98,24,51,easy,1. Prepare the tofu by cutting and seasoning it. 2. Cook the quinoa according to package instructions. 3. Chop the carrots. 4. Heat a pan and cook the tofu until done. 5. Add the carrots and cook until tender. 6. Stir in the tomato sauce and mix well. 7. Combine with the quinoa and serve.
944,turkey_pasta_meal_extra_944,turkey,pasta,green beans,garlic sauce,420,55,71,29,12,hard,1. Prepare the turkey by cutting and seasoning it. 2. Cook the pasta according to package instructions. 3. Chop the green beans. 4. Heat a pan and cook the turkey until done. 5. Add the green beans and cook until tender. 6. Stir in the garlic sauce and mix well. 7. Combine with the pasta and serve.
945,shrimp_pasta_meal_extra_945,shrimp,pasta,carrots,pesto,890,41,59,11,50,easy,1. Prepare the shrimp by cutting and seasoning it. 2. Cook the pasta according to package instructions. 3. Chop the carrots. 4. Heat a pan and cook the shrimp until done. 5. Add the carrots and cook until tender. 6. Stir in the pesto and mix well. 7. Combine with the pasta and serve.
946,shrimp_rice_meal_extra_946,shrimp,rice,peppers,pesto,493,40,42,11,47,easy,1. Prepare the shrimp by cutting and seasoning it. 2. Cook the rice according to package instructions. 3. Chop the peppers. 4. Heat a pan and cook the shrimp until done. 5. Add the peppers and cook until tender. 6. Stir in the pesto and mix well. 7. Combine with the rice and serve.
947,lentils_potatoes_meal_extra_947,lentils,potatoes,zucchini,teriyaki,560,51,86,19,35,easy,1. Prepare the lentils by cutting and seasoning it. 2. Cook the potatoes according to package instructions. 3. Chop the zucchini. 4. Heat a pan and cook the lentils until done. 5. Add the zucchini and cook until tender. 6. Stir in the teriyaki and mix well. 7. Combine with the potatoes and serve.
948,shrimp_quinoa_meal_extra_948,shrimp,quinoa,broccoli,soy sauce,502,32,79,10,52,hard,1. Prepare the shrimp by cutting and seasoning it. 2. Cook the quinoa according to package instructions. 3. Chop the broccoli. 4. Heat a pan and cook the shrimp until done. 5. Add the broccoli and cook until tender. 6. Stir in the soy sauce and mix well. 7. Combine with the quinoa and serve.
949,turkey_noodles_meal_extra_949,turkey,noodles,peppers,tomato sauce,789,34,58,31,18,easy,1. Prepare the turkey by cutting and seasoning it. 2. Cook the noodles according to package instructions. 3. Chop the peppers. 4. Heat a pan and cook the turkey until done. 5. Add the peppers and cook until tender. 6. Stir in the tomato sauce and mix well. 7. Combine with the noodles and serve.
950,tofu_rice_meal_extra_950,tofu,rice,peppers,soy sauce,424,44,68,28,57,medium,1. Prepare the tofu by cutting and seasoning it. 2. Cook the rice according to package instructions. 3. Chop the peppers. 4. Heat a pan and cook the tofu until done. 5. Add the peppers and cook until tender. 6. Stir in the soy sauce and mix well. 7. Combine with the rice and serve.
951,shrimp_rice_meal_extra_951,shrimp,rice,peppers,tomato sauce,538,49,66,31,12,easy,1. Prepare the shrimp by cutting and seasoning it. 2. Cook the rice according to package instructions. 3. Chop the peppers. 4. Heat a pan and cook the shrimp until done. 5. Add the peppers and cook until tender. 6. Stir in the tomato sauce and mix well. 7. Combine with the rice and serve.
952,beef_quinoa_meal_extra_952,beef,quinoa,zucchini,teriyaki,686,51,78,24,32,medium,1. Prepare the beef by cutting and seasoning it. 2. Cook the quinoa according to package instructions. 3. Chop the zucchini. 4. Heat a pan and cook the beef until done. 5. Add the zucchini and cook until tender. 6. Stir in the teriyaki and mix well. 7. Combine with the quinoa and serve.
953,salmon_quinoa_meal_extra_953,salmon,quinoa,zucchini,pesto,714,42,74,32,37,hard,1. Prepare the salmon by cutting and seasoning it. 2. Cook the quinoa according to package instructions. 3. Chop the zucchini. 4. Heat a pan and cook the salmon until done. 5. Add the zucchini and cook until tender. 6. Stir in the pesto and mix well. 7. Combine with the quinoa and serve.
954,beef_rice_meal_extra_954,beef,rice,carrots,pesto,592,43,81,14,10,easy,1. Prepare the beef by cutting and seasoning it. 2. Cook the rice according to package instructions. 3. Chop the carrots. 4. Heat a pan and cook the beef until done. 5. Add the carrots and cook until tender. 6. Stir in the pesto and mix well. 7. Combine with the rice and serve.
955,shrimp_noodles_meal_extra_955,shrimp,noodles,carrots,cream sauce,532,31,53,34,20,medium,1. Prepare the shrimp by cutting and seasoning it. 2. Cook the noodles according to package instructions. 3. Chop the carrots. 4. Heat a pan and cook the shrimp until done. 5. Add the carrots and cook until tender. 6. Stir in the cream sauce and mix well. 7. Combine with the noodles and serve.
956,chicken_noodles_meal_extra_956,chicken,noodles,carrots,cream sauce,651,21,46,18,19,easy,1. Prepare the chicken by cutting and seasoning it. 2. Cook the noodles according to package instructions. 3. Chop the carrots. 4. Heat a pan and cook the chicken until done. 5. Add the carrots and cook until tender. 6. Stir in the cream sauce and mix well. 7. Combine with the noodles and serve.
957,tofu_quinoa_meal_extra_957,tofu,quinoa,broccoli,tomato sauce,886,44,87,32,15,medium,1. Prepare the tofu by cutting and seasoning it. 2. Cook the quinoa according to package instructions. 3. Chop the broccoli. 4. Heat a pan and cook the tofu until done. 5. Add the broccoli and cook until tender. 6. Stir in the tomato sauce and mix well. 7. Combine with the quinoa and serve.
958,salmon_potatoes_meal_extra_958,salmon,potatoes,green beans,teriyaki,741,25,97,23,38,easy,1. Prepare the salmon by cutting and seasoning it. 2. Cook the potatoes according to package instructions. 3. Chop the green beans. 4. Heat a pan and cook the salmon until done. 5. Add the green beans and cook until tender. 6. Stir in the teriyaki and mix well. 7. Combine with the potatoes and serve.
959,lentils_rice_meal_extra_959,lentils,rice,peppers,teriyaki,617,48,56,14,50,easy,1. Prepare the lentils by cutting and seasoning it. 2. Cook the rice according to package instructions. 3. Chop the peppers. 4. Heat a pan and cook the lentils until done. 5. Add the peppers and cook until tender. 6. Stir in the teriyaki and mix well. 7. Combine with the rice and serve.
960,turkey_potatoes_meal_extra_960,turkey,potatoes,spinach,cream sauce,624,44,49,13,26,hard,1. Prepare the turkey by cutting and seasoning it. 2. Cook the potatoes according to package instructions. 3. Chop the spinach. 4. Heat a pan and cook the turkey until done. 5. Add the spinach and cook until tender. 6. Stir in the cream sauce and mix well. 7. Combine with the potatoes and serve.
961,pork_quinoa_meal_extra_961,pork,quinoa,carrots,tomato sauce,496,54,64,30,52,hard,1. Prepare the pork by cutting and seasoning it. 2. Cook the quinoa according to package instructions. 3. Chop the carrots. 4. Heat a pan and cook the pork until done. 5. Add the carrots and cook until tender. 6. Stir in the tomato sauce and mix well. 7. Combine with the quinoa and serve.
962,chicken_noodles_meal_extra_962,chicken,noodles,peppers,soy sauce,710,43,76,35,26,easy,1. Prepare the chicken by cutting and seasoning it. 2. Cook the noodles according to package instructions. 3. Chop the peppers. 4. Heat a pan and cook the chicken until done. 5. Add the peppers and cook until tender. 6. Stir in the soy sauce and mix well. 7. Combine with the noodles and serve.
963,shrimp_noodles_meal_extra_963,shrimp,noodles,peppers,teriyaki,573,33,43,20,12,hard,1. Prepare the shrimp by cutting and seasoning it. 2. Cook the noodles according to package instructions. 3. Chop the peppers. 4. Heat a pan and cook the shrimp until done. 5. Add the peppers and cook until tender. 6. Stir in the teriyaki and mix well. 7. Combine with the noodles and serve.
964,chicken_rice_meal_extra_964,chicken,rice,spinach,garlic sauce,558,29,44,12,41,medium,1. Prepare the chicken by cutting and seasoning it. 2. Cook the rice according to package instructions. 3. Chop the spinach. 4. Heat a pan and cook the chicken until done. 5. Add the spinach and cook until tender. 6. Stir in the garlic sauce and mix well. 7. Combine with the rice and serve.
965,beef_potatoes_meal_extra_965,beef,potatoes,carrots,teriyaki,647,21,82,29,37,medium,1. Prepare the beef by cutting and seasoning it. 2. Cook the potatoes according to package instructions. 3. Chop the carrots. 4. Heat a pan and cook the beef until done. 5. Add the carrots and cook until tender. 6. Stir in the teriyaki and mix well. 7. Combine with the potatoes and serve.
966,salmon_rice_meal_extra_966,salmon,rice,zucchini,soy sauce,507,60,44,11,22,easy,1. Prepare the salmon by cutting and seasoning it. 2. Cook the rice according to package instructions. 3. Chop the zucchini. 4. Heat a pan and cook the salmon until done. 5. Add the zucchini and cook until tender. 6. Stir in the soy sauce and mix well. 7. Combine with the rice and serve.
967,salmon_rice_meal_extra_967,salmon,rice,broccoli,garlic sauce,800,51,56,29,38,medium,1. Prepare the salmon by cutting and seasoning it. 2. Cook the rice according to package instructions. 3. Chop the broccoli. 4. Heat a pan and cook the salmon until done. 5. Add the broccoli and cook until tender. 6. Stir in the garlic sauce and mix well. 7. Combine with the rice and serve.
968,tofu_potatoes_meal_extra_968,tofu,potatoes,carrots,soy sauce,416,33,88,33,39,easy,1. Prepare the tofu by cutting and seasoning it. 2. Cook the potatoes according to package instructions. 3. Chop the carrots. 4. Heat a pan and cook the tofu until done. 5. Add the carrots and cook until tender. 6. Stir in the soy sauce and mix well. 7. Combine with the potatoes and serve.
969,chicken_noodles_meal_extra_969,chicken,noodles,green beans,soy sauce,644,44,99,12,51,easy,1. Prepare the chicken by cutting and seasoning it. 2. Cook the noodles according to package instructions. 3. Chop the green beans. 4. Heat a pan and cook the chicken until done. 5. Add the green beans and cook until tender. 6. Stir in the soy sauce and mix well. 7. Combine with the noodles and serve.
970,shrimp_potatoes_meal_extra_970,shrimp,potatoes,peppers,tomato sauce,760,59,100,31,26,medium,1. Prepare the shrimp by cutting and seasoning it. 2. Cook the potatoes according to package instructions. 3. Chop the peppers. 4. Heat a pan and cook the shrimp until done. 5. Add the peppers and cook until tender. 6. Stir in the tomato sauce and mix well. 7. Combine with the potatoes and serve.
971,shrimp_noodles_meal_extra_971,shrimp,noodles,carrots,soy sauce,498,35,93,25,14,hard,1. Prepare the shrimp by cutting and seasoning it. 2. Cook the noodles according to package instructions. 3. Chop the carrots. 4. Heat a pan and cook the shrimp until done. 5. Add the carrots and cook until tender. 6. Stir in the soy sauce and mix well. 7. Combine with the noodles and serve.
972,beef_noodles_meal_extra_972,beef,noodles,spinach,pesto,888,22,100,30,30,medium,1. Prepare the beef by cutting and seasoning it. 2. Cook the noodles according to package instructions. 3. Chop the spinach. 4. Heat a pan and cook the beef until done. 5. Add the spinach and cook until tender. 6. Stir in the pesto and mix well. 7. Combine with the noodles and serve.
973,chicken_quinoa_meal_extra_973,chicken,quinoa,carrots,soy sauce,867,24,63,11,42,medium,1. Prepare the chicken by cutting and seasoning it. 2. Cook the quinoa according to package instructions. 3. Chop the carrots. 4. Heat a pan and cook the chicken until done. 5. Add the carrots and cook until tender. 6. Stir in the soy sauce and mix well. 7. Combine with the quinoa and serve.
974,salmon_rice_meal_extra_974,salmon,rice,zucchini,soy sauce,595,27,70,19,31,medium,1. Prepare the salmon by cutting and seasoning it. 2. Cook the rice according to package instructions. 3. Chop the zucchini. 4. Heat a pan and cook the salmon until done. 5. Add the zucchini and cook until tender. 6. Stir in the soy sauce and mix well. 7. Combine with the rice and serve.
975,shrimp_pasta_meal_extra_975,shrimp,pasta,zucchini,cream sauce,493,59,95,12,13,easy,1. Prepare the shrimp by cutting and seasoning it. 2. Cook the pasta according to package instructions. 3. Chop the zucchini. 4. Heat a pan and cook the shrimp until done. 5. Add the zucchini and cook until tender. 6. Stir in the cream sauce and mix well. 7. Combine with the pasta and serve.
976,beef_quinoa_meal_extra_976,beef,quinoa,broccoli,cream sauce,405,21,93,31,29,medium,1. Prepare the beef by cutting and seasoning it. 2. Cook the quinoa according to package instructions. 3. Chop the broccoli. 4. Heat a pan and cook the beef until done. 5. Add the broccoli and cook until tender. 6. Stir in the cream sauce and mix well. 7. Combine with the quinoa and serve.
977,beef_rice_meal_extra_977,beef,rice,zucchini,tomato sauce,669,38,48,28,10,hard,1. Prepare the beef by cutting and seasoning it. 2. Cook the rice according to package instructions. 3. Chop the zucchini. 4. Heat a pan and cook the beef until done. 5. Add the zucchini and cook until tender. 6. Stir in the tomato sauce and mix well. 7. Combine with the rice and serve.
978,salmon_rice_meal_extra_978,salmon,rice,peppers,cream sauce,423,41,88,30,47,easy,1. Prepare the salmon by cutting and seasoning it. 2. Cook the rice according to package instructions. 3. Chop the peppers. 4. Heat a pan and cook the salmon until done. 5. Add the peppers and cook until tender. 6. Stir in the cream sauce and mix well. 7. Combine with the rice and serve.
979,shrimp_pasta_meal_extra_979,shrimp,pasta,peppers,tomato sauce,665,22,48,20,40,medium,1. Prepare the shrimp by cutting and seasoning it. 2. Cook the pasta according to package instructions. 3. Chop the peppers. 4. Heat a pan and cook the shrimp until done. 5. Add the peppers and cook until tender. 6. Stir in the tomato sauce and mix well. 7. Combine with the pasta and serve.
980,chicken_noodles_meal_extra_980,chicken,noodles,green beans,cream sauce,599,33,66,23,43,hard,1. Prepare the chicken by cutting and seasoning it. 2. Cook the noodles according to package instructions. 3. Chop the green beans. 4. Heat a pan and cook the chicken until done. 5. Add the green beans and cook until tender. 6. Stir in the cream sauce and mix well. 7. Combine with the noodles and serve.
981,tofu_pasta_meal_extra_981,tofu,pasta,peppers,garlic sauce,516,51,46,24,50,medium,1. Prepare the tofu by cutting and seasoning it. 2. Cook the pasta according to package instructions. 3. Chop the peppers. 4. Heat a pan and cook the tofu until done. 5. Add the peppers and cook until tender. 6. Stir in the garlic sauce and mix well. 7. Combine with the pasta and serve.
982,chicken_potatoes_meal_extra_982,chicken,potatoes,carrots,garlic sauce,820,33,41,35,57,hard,1. Prepare the chicken by cutting and seasoning it. 2. Cook the potatoes according to package instructions. 3. Chop the carrots. 4. Heat a pan and cook the chicken until done. 5. Add the carrots and cook until tender. 6. Stir in the garlic sauce and mix well. 7. Combine with the potatoes and serve.
983,lentils_pasta_meal_extra_983,lentils,pasta,broccoli,pesto,813,25,61,20,52,easy,1. Prepare the lentils by cutting and seasoning it. 2. Cook the pasta according to package instructions. 3. Chop the broccoli. 4. Heat a pan and cook the lentils until done. 5. Add the broccoli and cook until tender. 6. Stir in the pesto and mix well. 7. Combine with the pasta and serve.
984,chicken_quinoa_meal_extra_984,chicken,quinoa,carrots,teriyaki,592,37,79,26,37,hard,1. Prepare the chicken by cutting and seasoning it. 2. Cook the quinoa according to package instructions. 3. Chop the carrots. 4. Heat a pan and cook the chicken until done. 5. Add the carrots and cook until tender. 6. Stir in the teriyaki and mix well. 7. Combine with the quinoa and serve.
985,chicken_potatoes_meal_extra_985,chicken,potatoes,carrots,tomato sauce,701,55,48,24,49,hard,1. Prepare the chicken by cutting and seasoning it. 2. Cook the potatoes according to package instructions. 3. Chop the carrots. 4. Heat a pan and cook the chicken until done. 5. Add the carrots and cook until tender. 6. Stir in the tomato sauce and mix well. 7. Combine with the potatoes and serve.
986,lentils_rice_meal_extra_986,lentils,rice,peppers,tomato sauce,703,58,78,15,54,medium,1. Prepare the lentils by cutting and seasoning it. 2. Cook the rice according to package instructions. 3. Chop the peppers. 4. Heat a pan and cook the lentils until done. 5. Add the peppers and cook until tender. 6. Stir in the tomato sauce and mix well. 7. Combine with the rice and serve.
987,pork_quinoa_meal_extra_987,pork,quinoa,green beans,cream sauce,461,34,86,18,55,medium,1. Prepare the pork by cutting and seasoning it. 2. Cook the quinoa according to package instructions. 3. Chop the green beans. 4. Heat a pan and cook the pork until done. 5. Add the green beans and cook until tender. 6. Stir in the cream sauce and mix well. 7. Combine with the quinoa and serve.
988,shrimp_rice_meal_extra_988,shrimp,rice,broccoli,tomato sauce,479,58,48,19,47,hard,1. Prepare the shrimp by cutting and seasoning it. 2. Cook the rice according to package instructions. 3. Chop the broccoli. 4. Heat a pan and cook the shrimp until done. 5. Add the broccoli and cook until tender. 6. Stir in the tomato sauce and mix well. 7. Combine with the rice and serve.
989,beef_noodles_meal_extra_989,beef,noodles,green beans,cream sauce,438,45,79,32,32,hard,1. Prepare the beef by cutting and seasoning it. 2. Cook the noodles according to package instructions. 3. Chop the green beans. 4. Heat a pan and cook the beef until done. 5. Add the green beans and cook until tender. 6. Stir in the cream sauce and mix well. 7. Combine with the noodles and serve.
990,shrimp_potatoes_meal_extra_990,shrimp,potatoes,peppers,garlic sauce,490,60,43,23,55,hard,1. Prepare the shrimp by cutting and seasoning it. 2. Cook the potatoes according to package instructions. 3. Chop the peppers. 4. Heat a pan and cook the shrimp until done. 5. Add the peppers and cook until tender. 6. Stir in the garlic sauce and mix well. 7. Combine with the potatoes and serve.
991,shrimp_pasta_meal_extra_991,shrimp,pasta,broccoli,teriyaki,879,29,79,23,12,hard,1. Prepare the shrimp by cutting and seasoning it. 2. Cook the pasta according to package instructions. 3. Chop the broccoli. 4. Heat a pan and cook the shrimp until done. 5. Add the broccoli and cook until tender. 6. Stir in the teriyaki and mix well. 7. Combine with the pasta and serve.
992,turkey_pasta_meal_extra_992,turkey,pasta,zucchini,cream sauce,698,50,48,22,44,hard,1. Prepare the turkey by cutting and seasoning it. 2. Cook the pasta according to package instructions. 3. Chop the zucchini. 4. Heat a pan and cook the turkey until done. 5. Add the zucchini and cook until tender. 6. Stir in the cream sauce and mix well. 7. Combine with the pasta and serve.
993,turkey_potatoes_meal_extra_993,turkey,potatoes,zucchini,teriyaki,689,42,42,33,19,medium,1. Prepare the turkey by cutting and seasoning it. 2. Cook the potatoes according to package instructions. 3. Chop the zucchini. 4. Heat a pan and cook the turkey until done. 5. Add the zucchini and cook until tender. 6. Stir in the teriyaki and mix well. 7. Combine with the potatoes and serve.
994,turkey_quinoa_meal_extra_994,turkey,quinoa,peppers,cream sauce,662,28,52,35,50,hard,1. Prepare the turkey by cutting and seasoning it. 2. Cook the quinoa according to package instructions. 3. Chop the peppers. 4. Heat a pan and cook the turkey until done. 5. Add the peppers and cook until tender. 6. Stir in the cream sauce and mix well. 7. Combine with the quinoa and serve.
995,chicken_quinoa_meal_extra_995,chicken,quinoa,spinach,garlic sauce,895,22,44,14,32,easy,1. Prepare the chicken by cutting and seasoning it. 2. Cook the quinoa according to package instructions. 3. Chop the spinach. 4. Heat a pan and cook the chicken until done. 5. Add the spinach and cook until tender. 6. Stir in the garlic sauce and mix well. 7. Combine with the quinoa and serve.
996,beef_quinoa_meal_extra_996,beef,quinoa,carrots,teriyaki,514,23,73,27,51,medium,1. Prepare the beef by cutting and seasoning it. 2. Cook the quinoa according to package instructions. 3. Chop the carrots. 4. Heat a pan and cook the beef until done. 5. Add the carrots and cook until tender. 6. Stir in the teriyaki and mix well. 7. Combine with the quinoa and serve.
997,pork_quinoa_meal_extra_997,pork,quinoa,green beans,tomato sauce,596,40,95,27,26,easy,1. Prepare the pork by cutting and seasoning it. 2. Cook the quinoa according to package instructions. 3. Chop the green beans. 4. Heat a pan and cook the pork until done. 5. Add the green beans and cook until tender. 6. Stir in the tomato sauce and mix well. 7. Combine with the quinoa and serve.
998,tofu_noodles_meal_extra_998,tofu,noodles,broccoli,cream sauce,692,38,50,19,52,medium,1. Prepare the tofu by cutting and seasoning it. 2. Cook the noodles according to package instructions. 3. Chop the broccoli. 4. Heat a pan and cook the tofu until done. 5. Add the broccoli and cook until tender. 6. Stir in the cream sauce and mix well. 7. Combine with the noodles and serve.
999,salmon_noodles_meal_extra_999,salmon,noodles,spinach,garlic sauce,735,36,54,20,36,easy,1. Prepare the salmon by cutting and seasoning it. 2. Cook the noodles according to package instructions. 3. Chop the spinach. 4. Heat a pan and cook the salmon until done. 5. Add the spinach and cook until tender. 6. Stir in the garlic sauce and mix well. 7. Combine with the noodles and serve.
1000,salmon_rice_meal_extra_1000,salmon,rice,broccoli,pesto,551,28,92,35,30,easy,1. Prepare the salmon by cutting and seasoning it. 2. Cook the rice according to package instructions. 3. Chop the broccoli. 4. Heat a pan and cook the salmon until done. 5. Add the broccoli and cook until tender. 6. Stir in the pesto and mix well. 7. Combine with the rice and serve.
